089619fdc23ecb16ddde2942174b26b4
d7d6d5a5213bd35bdf2dc58eb584ecbd
2a80ce8e4d9ebf234bcec14e2c63c40c
f3e542ba2b1a19e4b2b6b5433b552ddb
0daae917e36ff3a438c000774956eb2d
e15af3d2c92a1b98f488f967c0f1b996
d1392c81f48abb9914a8ce44171cd67f
0a321833fbfc1954e4f1d0ab13e73a6d
e92a157e38bdb4d042e04abbd5d20f38
23d024c6f916ff8dc93329c21475ca1a
b816ff13be07f0bbf9f3b7b8f06e4911
c222f70ecdb3067d1a7cc996d3c6bc11
3bfcd511233d0e51413ce7f1ed33c95f
b603e5fc0fd1e760eb9eb3d6b5cb2bc6
0ff1440d2608424608daca73e256b82e
472ac5dcf59e3ae6fb390b36d67bc4c7
4a09f85ff4eaea632f631660fb93e539
2c68f43c35b4ee24230a2e98f6480c99
2f394469f153024df4d141880166fd29
3116d25bfc59e3dac068ea6e291128c5
07fe01a8eb1447bbd10c1c151bc342a6
23acea27d9e7d063188e0f11d06bee84
3afbbcefb7d144fabf21b40337d1d6d8
d71d19fb12a30e8315e42776b5504232
e8baeb7f01a0382ffc9a42fdd9c7ccce
f575b6cd0a7736dd11901ac22b6e4360
f06b0df81c2e476d02c6eb83fa8215a9
cc64019cd530b77ff427dbc6f5be06cd
c8ec1dc74cc5bd69ba430f8319f0d3ac
c4fbdcef30ecdec1c86424650e25c2e7
c2e32f46fd8a33c92db7268c07ddda2f
ede4c97a24282c91ec6c162a0f4d1a84
febcb31def521cf723fef088489c0581
ce24f9b22fcbb394f92c3e5cefa6b564
e6214c7ac16d3100f7cc1cf914a6305e
d0d5b6c4badbe55d1281d05bd7b6ea16
bc3148a0dc67ecf21d4d3398dd4d029b
196dea35eb962692096939f0f575e88b
1075ed75b9b3c4b405b54805118a1bab
3039c5cbbeb72f0a0295d037bffccc13
349dde47b2cd24b4d1bc2c362112d2a6
f936f49947cfc0b24c50df9fc10f25ff
0b6b015ff00836c4f02432fae24eb8aa
f46aec012b183ec44196f907f623dc62
f846eadd39b8dc41e151d6eec318d1d0
32bab88512d8e51b34e30eb54c801dc6
f89d121deb62db95fa93c936d0d5f8b0
289ad43322083d9f0ec0e102f926dfc2
4432d0dff242ed8c2f18231fbc4dc5e8
41a41a81ed32e3b5e82cfefd4974f24e
dc89c590dd76e3a03c31eaf24dc1225b
d6e72785121741e7b9b4f09fc33d05f0
1d803497b58ec40a4b13b8dbb317174c
2634d5031ddae0bd10ca2d70cb4a3902
e850b4aa0b2411c5bfd91e28bf2b3df6
09d6d0e3117ddfdc0da5417dbf880d7d
e6b4f5ecddef30f7c6cedc9ec196db6d
080bdb8819cfc9bddb32bd1430bcf604
d5b3b943c8600dea4ddbc777c998da6c
2fdaefe3e7e4e785b7710570c34e2720
b4322624c224cc76ed93f3cb25a8da56
31daf165173621882d54bab93e84ef52
dfcfbf10196af90dbbbf10e5ccbc1b04
f4010899b5c5e9163385e63f27b2e2fc
fd4a3648f534fc6f42abdba1eaa0fb65
101bbfdebcebe5aa0c8afe0ad046f0fe
eeb3debbe8f1c02bc823c32ffcc7336f
c4924b8d1620b753358029bfb75afca2
b81fbcc7f9ddbda6e7fe0f58d54fb598
17bf010340edb762fdb2169402f3b56e
f9b809e736c33cc0f60212fbf194c24a
d1abe700b816d74bca9e3f67424c3d2f
4108d9803040c01e3261f916cc01484c
e1aded9932833fe51c652bfe46643ca1
36aed68f4c16fdc223a6c21eb71dfa50
006944613c76e7c4e422dea5e15131e1
41e8e402c058cf17e971eb19efd504d8
b521d17fdb0b187343da4789e9ec47fa
b93539350540f238e3a0f0113851d6be
20d9c2e71cd4382217991380ea2c10e8
f4f2fb29da2b2c381e3003d830b13548
ec000b8434c0c2af4a91f3041f71102f
e98d0c2e25e62d4c0f5522e3d0471c4e
c437e9c90aef46fa4accee52d9e5c0e9
c044c7f3f0fcea1a171e223bf4d2e266
c3c6ba16cac7c74bfb872c48cb9cb545
2761294cb40adaa41a47f448f121df0f
ec65b5c6c4ab2d94ca9fed44392af640
2983ebf0de333e89fbc726971cb14764
1318c81d4502cb09cf04fb2ecc4fe5ef
08b2269804953fc0dbd4fedbfdd9d40e
12fccc861309b45fb9fcdfd9fcb9e386
fd1511353ac82ce0f2ebfab7bc71b861
15910805b3bc26dd13cc45cade3d46cc
c5f1117949ff259df5bd45fef43bd828
e1751a2a4c7935c9c46bf1c7e292074a
300de47aedc037abd7acfe9df9584e0e
380402f0c79e11bab76e42e6f416d6c7
16d5ef12e6113357f21147aac48b06fc
3d702487d4a8315af115cb651e75c180
ee5bd358114cf65be42ee45644d737c1
bf2cf66a048a4420fd580b290de213af
de6ffcf8d14d2ce001d51b8c1036ca1d
ef32c648ee9fd71d066201940db8f5a3
e40ed1ec2079d0a7c688ffb60868c246
cc8ef6cf261d03c9d81b1d6c0b8bec6f
055c4497413eb4cd33d105b1dd43f594
f362b6dd4a57e5cf277d2995df570459
447233c6e770e1eccd29c3b7ec36fcb4
e6023bc6b9f6d35a483ae67c14a7c05f
0536e8b9ec54fa90da7eb34e068d3eb9
d13f2442d286186a3433f82afb11c077
1d694c384bb903262a9cea20de32f822
1e97dde208edd45a25ebeba9b91eebc2
dda6c14ae06a0fba25ffc43ed3113f54
ef00efabc41ffe03f8eb4602f08ad984
0e5426e922010865b6bc2367267e083b
dbb3394cf8e6bfb81d0bdf6a39c7b358
f5992846bc53b4d303c415a2f1f6f497
cc83edbbb9f0275d1559c2b5369d19c8
fef53c81158a190fe27cdd341f233d01
3f201287eb111dfd25d0edebd378161f
fc30264c24bdb78d2896d0c8c387e49c
b681f94249edbb40f3d01d95e5eacc2d
1e28da21ecdcf47fd69b1bdb4965f270
06d106842e03425d36124058fef51b19
ea43fc25b506d3452e0c42644a601b9c
211a35510665074715a1485ded9f328e
460dc091d0e8d15bc3353594f62dc50e
36cbff97e6fdeb4f08da2d730affb76c
0dbb1d2ad815cb333f65fb1b006d317c
ffba37da00ecfa11b79b2a3b14ffb4db
071715ea1f85e23b07c4ff8d3474fe3b
037ffeed25dbcfb0e2c640300d27c1e4
c84fdf19038ffa482ed2de3f165edae8
cf61bf15ff32eaa20d88bf9fff2c1945
0cc5d0483fa84d5ef8ae041e21b0e7a1
cd3dc1233d75d8bbef57c620f7f13c8f
d1f72f62d35311c7ee4ced14d14a3e26
b2772e7b18881f2fd3ab1791dc37c8a1
15fee0f540aa29da3d49bc642fc42a01
0d20bbd213261cf4f4bb2b2042a310bf
192b49612967c56222c32d15f17824ff
d0201d694a30e722170d4d77b5e0d861
08441a5dcdd4406d41c4cb2010b1494d
c893c321eabf2bb5ecd525831706de02
dfb44c0426bd0f96ec213c7941c048a5
24b20236eb963ff9b4aec0b141e4b5ce
f04c21d2e3e4d402b3bd31e9dd780dab
c7954e08f86e2340248e3883e979f173
cb2a10432b071c8947d1b90be3a61da6
3392c97a4d8409afc342038ab5731130
fa43dd4d245f02f6bbf9c1a04df9e22e
bba920471eaf3e113520e5f60b0b2b98
da0029df21f9242f4637c3a74175d1ff
ceaed65c01b8d775bbbfecd9c9fb0abe
1357b53c1347c8f4ff4222834aa5e328
1dff2c9be97cf75c40e1e1192dabbd80
2a3c2b90c1d3d029019910ece7fdd796
e504032c09bfef08fba4ff6ff3bd2570
08b12c98261146d23c4c001c26c2f76b
34012808d8eec96d44f02a192c39de28
bb170220f568defa3ccb210cc97f0997
46b8f112d3a0d31335afcb2bffa506fe
2cd2365d06ce1f6e21c71d7ed7a5d0fc
413df1c7ba2229a8cea603872c1c075a
e9d83ab6e9d70bb8f10ae55abfc8c3df
d29508810e79e8ccb9b2230bd7c1084f
4d6be2e0b263247226f944340ba84aaf
1d0024fd02d7ddba0ff41666c141e224
0b25355e2ab24538bb4906e60bd8c47a
f20af74104dfee2e1ade14b0f120e090
f26cc89f0dc6cf0f211f07493f5f2f2f
e1b2c4490b31c02e0070ea07e3cbda93
1882f6c009e44467d519bdabd3ace7e7
c76c14b6ece0e9ee15f44ad8e1e0f265
28a22608f21924bffa9d2482035dc7ec
4897070c039629f5e8efdd2a43d436a4
262740b12759b6494bd2cdd0ca7c0f88
273442d933b6fc9ac71d1bbd472c0804
f12cb8c7b5ec1eec3d79d4b84355baa8
def7f15508b141f936d9e71fd2eab8c2
cf78c925b55af2bfe46cd20ae39bf901
eac0c076d2bb3e95edcdcabc2d9f3054
2b56e7f216bb13e508d64bbb0647bce5
b92e1bf6db54fec20fb8d56e2a89297e
3d06ce9dbcc803111c17f6e248abfcf3
1bf93a51193149ca33aae19eca24f4db
42b8c7a3106846c8401dbb563c290d3e
e08039fff478fbddd41c2c4f0571f1db
ed8932aae981ddcf406b0b6526f5ec8b
b4ecfa95d83b3ac2c37c18a7e0b3c4f3
ca6bd9b92f35fb1cfa05fc5541a0bb30
b8e91ad5bd58bdc64541bd2fbaefde73
0ecc396e4e19f4d7cf0a0bd43e94e0f8
c6d8d34104083812cf9d3c0ad2def1de
d629368af5b02ce8e55dbb24da9dcf02
e05ddeb74a3a30f8c6ace7e32903f87f
e74b01a4339b23bab62508cf0e2dfdb4
474fc27a1980c8ffda63ff8236b90d27
c47a3d6e428ad129189b0f2ded9af52a
348ac8aabfbbc2f4cb003e6bc6e22183
d258fb731e1907e7320dfd34163fcd67
1eca243ff6bb15962773ec28da53fadb
358706f1381be98dbc28c1ab13e417a6
db0ef821dabf2beaf4a2c8c9231239fb
2baeeefec2324d38123a280afd2b3071
fe8dd852446e4dc4c825be80148de37a
1b3ee12531b90f59d7fada11e0bb3e7e
2f05f38ddb0dd6ad1c5ccf01227cd0b5
3e98de8fb62cf1f1da1c2c7c44532a60
dcc8da6c221ae3bce3b54a69d3b326af
35fc43e81834e1a5bb0c134e3483c3e1
20ecbdfb3aaa0af316570fd03c68ff2c
0b03f4d324c233673eb5480610fb4b32
44564863280a284e4a3e1b361ca7f49f
1024c5dde0fbc1d1e94743ac48aac657
f2782df845c61e9135ab44aef97341b9
353ce4a12082e9020e4feea52647b8b6
4a3ac6612a2ac78aec5011bc163834f9
1c1b19651fc939d92bd309db0d6d03e9
2178dc1745ec3fafc2f6ebbd3f3cc9f0
c495b410032bb846d1c6fd3e09aaf1c1
28a6fb1a297ab8c42de42e7738f7bb65
02e839d0448b0853cc392983b9ad3e54
0594dfa20e9208c23eaec095bc8c0b48
49b43e350c5acf1cf5cd145b27622d95
015c33744596c4affc5f03360d9b0df3
363bd93c2a240f3cdc55bf4e46c013e3
333ae126ca9641802007ebe5be091349
cfd03b68d1e8e66303acf02f06c21c55
dababba6b3b12c0cdb1ab9abf04cc41e
1eccea6c0eefe63147763e2ce431f760
f2b2dcf4c8cd31dee638e091114cc58a
d97e3c974187b8e331ea4df7bda735a1
c5eff084dca6dfc2d76ee6f8473c0655
b6ddb2b6b48f442ed33fc417db240d04
d732ffe51ee1173be3ab2c4bff334cba
4b8037a1e452e44d49dcb1f22e5512dc
d21c06d1d6f4bd33c1c24a0d42aef2eb
e177f0db1febe4f0f261eed0d575bbf3
e8d6121e412f457444e7d139d7ccc27a
d231b7712cc03f040a2d2d304c0008e5
4aadf338d11edf123baee19af89cdfe6
bede339a2a55b5381c620fadbf65df99
f5c3efc7cada4135b922ebbf4c90d127
ca9e19f1dab6419dcaf542cfd4b2dcb3
feebdc40eaf1431533fbc3630550c816
3c49cf03e438efab1c14162ed17e38fc
fb70f3cdeaf7bdc6e6511082dedebbe6
f15b33743a96318ad77ccbe7340a4d17
1aed38b8da12baa73f522db0cc8132a5
d0c90296f7eafbe7018c152af90c1281
09730844fa64c350d0180dacbac0fb0e
480916fc21a821ecf737f9ae3b68eb95
42a9ff42e8c71f0a45da462e3f4ff943
1296bd5d4bf6c925da6b1b72f5d033d5
eb82c732d37416a2d3412e61d3fec559
e4661aecbae4f6afc74c38a3d7c847de
ddd5499906b4f4cdd3883839b229f448
22d7326fb82db4b10c4c1bf3f911bfe6
02d8dcfed5cae9acd3f1db323698456d
2c4f3064cbde05fbc7a0c23efa8edf08
c9da46a84430f86cec75fdd0d5964450
efaad343e9454cc4d874c613f287ec5d
39ccd2d5ce6accac4b274adcfceb006f
0a91cb3bebd7c851db41bbfb2e17e11c
bf24441dcb98dc820cf90e44454bcad4
b8b70c3b209d1b174b4ed304076f25d9
dc4bee7524d7dac31b8add61467be676
1760b8781733b9afe632db65cafd0156
2551e155241b31af04a1065d37080c15
281411bb29100024e25410f90a22e403
c2b428e22b9d177efcf4bac80902d1cf
1b2818a4dc69c37cea5fe607c90d3045
e24af78e19aa18ad41eeb9c740973d3d
361a0d95f24bcbd015e84d9dc01efd57
01b8c1001163c4042651feba0144fcc2
24bc4bfef8cdec5bb93cbdf422811fbb
e7d6e12bc9d909f333a03f3dbeccd8a9
f53508fab82c4065e112d08db24eb207
eed04c08db542bdcd5de4927d731d2db
173cf4191c454297fd2e464f2e2a10fe
26d0be400971f5202d4ee6d41327ce33
c2e82c384889253fcd40e99dc869cabd
33bdca93281e408a234b1704dbeec7bd
fa2b24f4bfcfc8094570fda4fe8bd9bb
efe9bd40e04d3657b26f3d562489187a
dd3a0c9eb2a72ce0edfcea001c7c207b
b45e32e2cbcc11f9ca93f60d3c2bed28
c2e2b9264d3becebf1581cb108e1f6d1
4de9c576393c1bd727fdb47d0020e8db
45f807b4edc8edb3c491005f0ce3b921
faaf1a423bed0a38efa2cd71c0053dd3
c9d4c48a434ee8a11792469129a3347a
0aace669b76113b7184f1dbb340ef06e
1e1a1e082fd42ab2eaacc63e33f029b9
cac4c94a31ffec702625e351bb65f126
c8d44bebe2ac1528167542bc46b2b4e7
2c93e14fef574e1d2b0d1df2fb2a48d9
fc8fe5cd2725137741f3ede63e073c33
21623e381d35c9ed04f949afb2a91114
d34d0e7a0825d6d409500ae40b54ec35
465eb9e9c2ebc1f7128e4aecbe91326a
dcdee6fcf1360ccfeb17e0b80066bbdc
14d9288b0ccf4a410719cc0b1dc8f9d7
37f7121f4c3e497acfe5b462c002d06f
3277e2521d06f22901a147cc32fcd85d
f44bf4ae1d1afc25228c2103da93f1d2
c4d105f8f02f0758b48a0eaed2cd46d0
fe7b44094ccc15dbf3ad32e70be0da48
1bbec26bf5012df6b6fa1ac72cf8ee5c
0c6d477cd5711055b6e6320538ecefd0
fa1137a24cb9e0fbfcfedd2014a6264d
d6ca156c05322052d62409d945cbf0f6
d49b31d3be363692b5cdea43d6250567
0d92ebdc1b2cbfb601f0ca2f1b2ac3a6
015c3d36db3bb4f310cdf82de7b4d06d
f3cfbfae14453cfc01c2e117f788d1c8
15a5fffb4a56272d2524eb3539421e6d
f98b12bfd069182e2d4c0e19bf15d30b
d0b62ef8e5ac4b3b050acd5add2727cf
4667e7c9df05ec361a06b9c444f40c81
48f2ee4fc2bb36472a152606f5703950
0342d20ae1d307a2eeef2bb7266eb8df
d45db232495512c70c4b48bd214fe362
201cb96ecb3e0f02faa6f4314d462a34
44b039b1c50ee993cc8ce111be903af0
b6d040bfb7e32c76b32a01421c24e4c7
cd583e481540d36c137e20630f6ad0b1
2980ecb423093926c99dc59c36b6d35e
3325b5e43812dc5e113dc0dec9cae1ed
ce693759cd79d29fc96c36b14d4132a5
c1ee2461f13a14b001f8bf78fea7ed47
12b547ecfbff0a49efe4fdc71faf0a77
04f52061f7583722b989fb4a04d31bad
2301006242ff03f1f9bf07ce05a53407
4959cf461e453232ec57bf99ba6cd47c
0cf14c3adb9205114405feeb19e2424b
424823c82bf1f02d0519e4403244357f
073db69c384e1105fd72104713a4bcf7
4754f0a3b58af693e335464cddf52dd6
0ad3c308d9fae1b3f9054db532c312c4
37db3184e9543f3ebee4ea7d043b4667
130b16c134f8236bb576f2634110fe4b
437b18714677e08a20b12acfc8acb944
ce4cd9ebf12ad403e845f525f573b7e4
48893b46360a1925e4a1fa3a08751dd8
e0924a3dfbb5f8b7d43e1dffb790d268
e4d1c04dc87236481983ea08e4df277a
2e7731e1baf80095b70ee8e14cc4d43d
07b01e87f49217e0f1ee1a53097fba2f
be173d333cccfe0725a4c72726e0dcc2
ee942c5a3b32c97448fd2f594e08f2a6
2bf44d58e4f12098176741580f290aeb
fe10191ef84402a738132bdbce22f163
ceead7f7f4cd38ba1d904dcdf41f4a90
48b842aabcc6370cfa460708c3744258
cb910721baab2e55d9a9e9eed9a3fe74
d7220d383040baddbb47e61abcc90e80
ff86be14b84b05b501950c792fc7d8b3
34b8ca9412a20eac1aa202adf818d976
011ecf92da16d5891803be783be72e8c
db7ee89e38110fe048d1d25b3abe1568
bd580bf5067430b6073cb6cdedb207bb
152609ab05413f39ce6035e4014b242c
dcbe2f72bd85d984b9d21315c385cf3a
d77bfdb2d062e6793f04e6093f4949c1
d0c0f1cce5a4333ce4b5d5642a632870
c0182f9bfb961365e61de587fe5ffa2e
b6a3ca0a3472d723d8893a1f3b4fbecc
c79cf427b47b427ed49ed9b6eb04cc20
04fff011e99d2778f2a51ad71e8d30a8
c749ea02c227f3f1b29c04af4c190bb5
f473f6a042d4caf1b52c19c9cc60e459
482713c339fc2015b5f018a9d435e56b
d01836c5ed45c33e0257b9ca2157e211
f5a204fbf61bdee622ebb8a60910e6c4
b4b33d603173c50bd94208ffc0ac2511
09b81a55306527ffd805cfe519240638
dc9226f0d4b9f28bf6a4ec57d866ef59
212717e2c047d92dd0fbd074f09b43a7
cdea1818d406eea9f4dfc56a0881fe72
efc913b208ac3f3bc583d4cbc935dfb1
dc08ce283865cba2f918ec38c839fa74
058ae76ff4e71acb10b645274792d865
168cb6db4bd0d349defb3032d16a4da5
06aef37b3a37beb80ff8e2e04dafdee0
ec040bdfc7fdbd0d37bd29b517200845
f8581238cc06ef5c2fd1d873251ae888
0adc36890045e58f36cecd1e3961be79
1be506a1d26317c62f45f6ab4cf0dea8
ee0c0026f2e4347cf0750d2b34b72411
13e2eebed713b810f0f9ca76273e414f
f5092f8ebfbe4880eac8b27722721d38
450a2c7f0b0429c5cac01047f9af032a
00782ebbf8cc274f4d85068028352e7d
e1af179ced91dae8d223bca0b33d1c7f
04bbead3c5ecf3400faa0708c5babae5
e869c9e605aaf3f1e359b52de66224c8
11fbda57babeb7dbcaf2115ae34bf893
cea9b45408e0f7b5100a1b24413424ae
e6b927a7f331eea231acf93301f71988
0d53b3ebfeaec57a2ecc141ed1ccf97f
008dbdeecdf9d140c6cf37a52395d40c
fad04cc1d5f5dde90d53f9e209add3ea
07cacfb3b86245a90cb5178e24e1f565
017db511c9b712bbe70016fd0741cb6d
da6fb25bc7b81e023a490ffc04ce4cac
1f1429b51947ee2a15da3b324715f955
f1b1db654ba34309ef1afbc601a7c2ef
1bb7fd45e0644a26eb3ac61103de20da
b9c6077a18e3ca05bdb8058e226b05de
b77fe362253b089e2ae1ef70e5b42af2
0d74f3ffca044868f4d9146ed69f21f2
e34833b5dc402a4eb467db4526fc0b43
d3df136b2662bce4d76809bdc491cad0
f5ee15852b4513d91b90295b456cd617
2b7fd041c3814a7adc17e75de1412ef4
276cdd5dc6d5e836187dbd564cd9f56b
2703fb714384315f2e4602863196ccf1
df9bf7c8cb862b8817f7e2d6fcd73d9a
fecdc906e87707db047db34418b0b772
eec7e9f5b2f0242a43dbec19fb8947db
e0bf25fc3d134137f548e287ccf5d383
16ed1370beb4050e085de551392ad569
49eed7a9eab91f7ed39414fcdb40e81e
f50ee603c20b26de0bd6ee6e48ec4563
470ed6d728ff2c7e43f0fa39c5b821bd
b43f1b3f3ee7f5f5fe9fecd52df5334a
bb17d67ef3054a3d3ebe084529792aaf
359c3675b21636f6ff06fc6cb79b4d0a
f3eb06254d4c3afddefe41b6368019db
de1a0573da63115ab39d1923f45ce459
ccf1c68a2ca72bd41f4cddbe2f5348d3
e8b1fcea0d6ad69b471df5b9bacd416d
0a833b2ffdfdf061475dbb07eedbd99f
04b0ddd2d733e7460f02bc9d0f33f792
d6c6cae7c7692dfed4aa0154f612e2e7
fb173ed2e4eddeb1d9b01b42bd1124e2
1da7134225d1bcfa3cda4b2f309bb21e
2172c3991bb63d4725c6fbafe77dca3e
0def4c1104beb2adf42de8e0310e474b
fd0923c6cdb4482bed612222e438c7ad
455928094a823e7cb2ec15b4ebfd2ef9
bb13d8abb918e92cd978f73d1c30f7e9
f2c61a0af722ee56e3dcc2f5c843ffe8
c5cbe206300a34bdefabb29ce2b5ce8f
3f494d934c81c5b9eb984ddce53ee18b
fcbcc7c015e7302722250cb32ebc3acf
ed4ee7c2e55c490af4150953d9681952
eeb4c47a11e0f363e024149bdf244dd8
0020faee1cccbd10cbb8ddd4ba8c083d
05f3cabb0cc3399de18608a7c375e495
e08b054a10bb04e31f8d3b4ddb94198e
d7134bccd1d82a70b970d789429d4277
ba3013871091f127460528a01a2cc299
d82d1572e97414794a6544c329cdc2fe
1753cb14143f2ca3c5091d6415c7b487
2d13c17508d9f67349e2f0c22e02be5f
b90effecf4261e2b0684f2af28802432
24a3096a279010cc1dd9bf69dd2e255a
3ee4f1870ac1be4ef2d13dc0155ef689
d14929e006f80a15ca5cc48100e2d749
2844050dfbb402d22ff0cd5a19163a21
30b54bc90cc9cc05ec38c427e6550d1b
0ea53252e1c609d34a08363db5c6bda0
c8af1c64bf14ff1fdec1ca9b09a8fa9a
c6a712d7f2f8e0db0e6dc063d1e31eaa
ead20fd207cec8ca4922e5780caffdb8
3bf23e40d15131ab4704fb884c40e1c6
c214dba0d0db2c7124e637d74b9825e9
c40e12b6217df326bd923f46fceeff93
eefe1e9ac7a12fca37d3161f0b8e44a0
fa34f8fcf45233effbf92ec0d2c040cd
1a4fb6d64866d9fa400dd0ec4265c4a9
c9bc2704fa8722f8487f0f17c1af1408
30cdf97e17b0faa7dec0ff5dc74ccb91
e95fd0f6f942d6de33a10c8d1a6af315
123bc294b8ede8bee82f1e46bd89d4fd
4000b8e53fab4c71f28b4a19181bf47c
3f22ba7c09dbe5c0f6b61112da40ceec
b50ed7392b691a8829f9b9c1d582dba4
c9104a5114ee03c541e1cfd103b1d5f1
f77acedd2d1dccf027eebbc60ddec349
1d042715c3841bf516661cb6c02905f0
364a493b2f5cb95d10c7e4fc1ee31849
ec2e4e0632343c81d4d322b5e39ed4d7
fd32b9b20149e73c45b42887b6f6398f
1656dd7c29bf0e2a45970c52c740e379
21c6f2c0334f331419d3e6cbf1c83792
0596f620be2bb50c28120c5dd670f674
b6ed12d314ebfa5334bacf7c3f50cf88
0c03bc82d3700fea3f831ed024d8df8e
3a5cd17fec3537923fec05d4bc90e507
422e1d27eb001881bab5f61cf68ffc4f
18a00621f6a1c8bf25621456078134dd
4567132907bd19a3eb903b5c36c6fb3b
ffd62828487420413a3117a1f58c3985
207945d53690468424e2c77f3480cb3d
c5722926433d05e1b98105ebfb132c48
b81fea6d147a03b314ec100b4dc4d3b4
d88cc59e2aee41750629c5064ccd204b
fa8814f8eba728a90f754249cd12f76d
133eb27cd4edf269365fd54ed0dee171
c482b7c9cc122cac095945942884017f
40b23877cea128c318ef483af85af242
df1cbc27372ac6772be03b4941a2be9a
26793780dde32410443dc4501a8fc529
bddbdf4ec7ea3a4cc17d2d99ca463fc6
0240d6f3dc6ecb01d398446bb4862f9e
085ef594edde1f272a2a0711be9ed0af
446d0650023fb211bd1decffcfcdee61
474917c5d3ce2e99c4482e98d51c3763
c5a2f159e4471ddeca55267abae0eab7
f0c704c9141524e9efe239ffc1102d2c
c51eef9c22a543d7fa5b1e7d27cfdf28
0319cb90f33a0e27ded51836cf8d00f7
4351404ee12303efb862c39846a32d91
1c763ffbd388c4ddc56a07b1ee414a33
29e13698249dfa4a36a31276fd1cfeba
03c639b7d2262144db3015bee2ce05f9
b935d0aaca33d602d7a2d1f6c605e361
48c92a26e887e9e705dd1ce64a73c986
0f2d1dccc4722151fa5cd1a24113115e
1ccce23bc739dd324c7044b23b7e03e3
444334ebf2a11ae6be3a038d218fbb5b
4960e49d039ceea71b5d143fb9443418
1262f8dc24942a53372412f830fc4836
438bc0d80abe1defcf56ca25be1a425b
1a4a0bb810d11dee1566eb3708b6e69f
39d6f5d8cfa1d05ad2b5ee68c764daf1
fcec1b820d671fd0ffccecef002b47fd
c82332be406b2d943416037d4ad81e3c
e1c0f2a3d359eb2433affdb1baf30dbb
e8a0e584361bb729b9ddb628d6d91b48
d71f17464bae33a413780f4c06b7dd63
c07fe6cb3591c277171e3ee610ffd2f5
3918360e4d02163bf8a340abb1e3f978
0b820c032bea27ff0a50bbcfd29b4459
09c9ba6ae5f444904dafcce9beb00904
ec3637050bcf0e9bd509006b2832cff5
3eed23aeb6704d101f801267b840d13d
40e9f9facefaf510eb1b14f23e851ac1
4a394b4311f7416b0f3646b0fe0cec7c
393e3f73dcb8f64f43c83cbfe5d40652
1a02f6fcce79128230f0f206186b0a1c
43d31af9184f43bf2703f01236c5b941
e2abc309f0893e26428acfca2012c9e2
11521695c1cd460c3a7c2792be70c9d7
441b012f11e02bf2c8fdf08013443a98
35cf277d24b4c4d3fb91214d0de315b9
0d431ad145ffd38feb373cc410b3e8da
dfbc349849a1e041db442caeda18ccd7
1bb219eb069002fec0834a7a03b0e9b4
11173137ebc34d83275eb621bf164912
b412bb83bb0ac052cf0f0c8ab43ffce6
d6b714a2e72bd7b14a234620d3e0e581
23130c17227ce6610f24f461f0ea2346
41cc13a023c6eaef34f71c250408c521
bc45c87601c2086c1ef51e0347e2e003
49c31df61588b62536364e16e1fde7ee
ccffc829082bd18600f4101a454948aa
f83c09ebc400d6793bf5449042dc381f
d6153bec09f71a09296c40354aef4a8f
c77631f82e66483f4085e6024913f799
43ddc52fbd52ecb9b3471ce61e1c3664
1a50ba323c0b469ad6ff0b4b0a8de8dc
d01c41772bba37d5f27b07d7408ac230
3d6cb579d8c1d69a3533381dda232b92
d566e5772cda18c1ca60106e4baed254
cdc50db5cf1509faff421288c78813a6
074fd5abb4c9dfc3c38ae58bcd5e3d42
fb45beffcc5c02f336904020ea35370f
0dbfd779e50e444abbfe20a4e7372330
42f1e94ff6bc22192dc918e8f0db4611
bb7009aef4bc1f14dd520bee434de8f4
e7090061b8912ecef3e94cd0138330db
c3c62f9ee357fa0ed697232dcd41b3b5
11201e5b3f2a0526bc032b67328dfd6f
ed00c41f2e7cf6dab91bbbb7115f088a
db3ae60ff882da1ae2942b1acbc64d32
b2ef031c0014310cf14eb96c07eb3d0f
0b0941c01b763978d741377448f02486
34723dafbf23205dd41de2a9bc50331c
eefbbfd9e47502f21814fa1bb2961872
d830bd384df61d68e3fa35fc3f0247ec
ea0c421fcfbec779fb70c689c97ce00b
3a84263eb5251e8b2b694befc5a2fc28
c89d3157f81db4b80829c923bff8e224
15af3fdef548db70c7a4cadaefc8316c
c7eecff327a20474ca340e3a150b40f0
3c65e1c51eb0bb5b412b24e62142ceb4
cbcfe2e9e7e94286d6aed2c1cbf94674
d1d112d33810d02fc97a34f7cde646b2
dde0c5daff3fd38420b42741f034fac1
dc9f07f1e3ecec1d4bf7bdaad1fcd6ad
49c5214e1183221d3c33219a2bec4d98
f09ce144bf6ac5ff21ffce750e6d3a8c
e6c1e2944d8add88ff042205da24d894
1c8ad9c3466dc414378cfc9bdd24e85e
c7b9bf15eb95fb7c3113d0c221304c8f
bcab4462cc470753404b2c31e372c3fa
d9efb672d884cb44ff01c65830ac4001
0dc44310e98cd6513826d3470acb0deb
373417da2c200fa94aeb065d4e0bd954
b9bc48d7087e2791db76039bd2ab33fa
f1564cee1e5e40ba35750ee0c6a6cdd1
207b2d26e309baab195c324b08b91704
da31b6213d7b0c3532750b71e3d0b6cb
1fcb39b20621b828d50708c4149aef1a
b98f0db63573172eecb71b341582332b
bb4133e1e458f13f4a04305cd6582e56
188640992792415e08c646fece1bd4e9
2e54b88f205329e3f95d43ec4a844451
d58fc65fe9b73b8eeda1b2342540b287
c64ac5d807104692fe5530efce17bb77
c49ec4233ed2f94229d91799e76343cf
0a18438dc6b4d33d081d028ec8d9c1ae
daede155247b0ac5ea8a25fa4c1317f1
1a5d4b9c1119ee23b3b2cabbd329d9b9
c1163a23edc7c2fa1db0e586d746fa09
c9debbf5bf67f90142970bb42ec5fede
1921d76d209c39bfb72c2763f575bff0
f5cb11150f9dc4bcc8e0c31002e1d19e
c33d2e50dbb9dc7d4354d9d333464d41
269448f1e5baf3220476fc610d193406
c59c2e8616621bca19d20a1416b3f4df
b472465a20d9eea130a325f02ceeb820
114df190255e0f883aab3825be1b03fa
200144d009d3dbc7c1252478e61a4744
37ac312cd4e42bda4cca473f31f10012
27e448080957c93db37043092d83215f
b7fbc0b9f0f6c3f2444d2575d7c539c9
d162336f4a240e43c4b31e3cf8a6e7fb
19e9fb423dc3f1853d1f0503e523bc10
0c8142c1bc0b133c2d19c6a601a8e82a
b940fcf70695d38be7ceb6ea2c5b2ae6
108c0464f6d3fbc00e12e19fdf2a0f16
ea56020f0f162bc4ee131cc6da5c39b1
2d1f1a9c4b1acd144c2dd5990682e2e8
24b4091d38ccd4bbc1f7446e48c0df8d
4819d89844fd1750c6802d8c43043ec0
302145323ff30ed501b8de654a5330eb
359c18aebec4236d1a8fbd4aee8c0839
3e0dba65f8640d5119c5de1b4aee190b
c70a2f9b0976d92eb933450908081d33
2f6846940ad63a3ebdb2c24048f40492
2d7a16b331d6db2806a9fffcfd49cfc6
34540c3f03ef471e0314335b03e3c86c
1524f599c6b8cdff4df3bf86ed443ac1
1ab8b87c1fdfe38b1090c127466f123a
13f2c3d30d1c16d5e7feb8150315ed5e
f3a0b2704154fca1f79aec87da4220d1
3b6adc761438144f1f892ee74d923d2f
3fb1cf61e5d5ff34ec43cc58db0b31d2
0ae82058f02b4dcfeb62128e32f7d836
f56316b11032b3db1794ca42f494045b
de0f11e0bdc2b4b718abcafac056d43e
3c5510cdeb1a2f3f32fdb76d1054cccd
d772c1ae030e0607d9d4c1541394fa32
ea832a1fdbcb310dbf58df47c7ced68b
3770347fe66f10260b03c9ae43e04578
c695ec0f2c5fe6500bd7e0e2cf5925b3
e75acaa4d2bc238fcfec0bba00f9e0fb
1af6120a1e8ef3dcc25af0dabf68cfd0
29cc38affa3ddee146b7352dd538050f
f92f48a3fc4926fe219d2d00ea14e8fb
d45a311f0b3af96544ebed55bf492887
f2a612031b07d92431dd4762effcc94d
c01cdf2cea100b04421b3c1be4a811a0
4acbb91ffb81cd1fc3f1d60cd16002ac
003b08430653efdc3e9906fbf4bd0aab
eee7128ee577ea3acd773eab11cf1ad8
0f5528bb175224ec0f17ba5ad12dc2ef
33bf297807290bfdee0846f0cad02bb1
bdd9e078dfd726adb9c4c5054343049a
3c22c529392116bb4a9c24d8f0110daa
189efed1463d261108c223240134df2d
07f53126b92cbf6505d6f9a3fca82f19
d146c2ca38b048f54d97b8b002490974
fecb1341cdfae56cc91fdae9d2bc36f7
074b03f1e32c3aa6053fe8f6c5f21243
3f8d1eaf0f9c09892f28e274d550b67d
d7ab1933e0d2039b0a664c61b4772a87
1e9d2ae6eb7405aee14321cefc48254d
0e2eb6f40bf70e0729cdc729171ad5db
facedf09eb7813784303328ef8323af1
d7fe19b1368bbf3e100ebd7af91a2877
076122e84dc13de00939c1cfe2d7ec12
ff30b8521b9125b9c4a61a3311c7b571
d6fe10dde6a0d056e7ea2524e6640715
216a32932ac01aa5363ae3d4ca3df642
c82a368acb1ab88333112c65f780bd9e
2b2afa98cfe5f6dc1a823a6ec1744952
e48be8c1c67318a2f430088c16d9f961
cd24458b07f4e3c1cbd1b80e44d4f222
e86ace9df7e81003e6b1269446b6252c
d7b73ca12591b4a32208ec6bcc8f4514
da3a453ed9d00fcc3d89eae316e0d83b
2037cb800c78cd08d979f05d22a6177a
e844ec05c97814c2e9d20e4a3c2be66b
1232f787eb1ad22735b54b2c05d03cce
c18c35733d700c321c6eb91a14cc2308
e240bd103130fb6c34b50ff53a6b31d4
b8b92a73ff6fe449f3e0c317e4fde3f6
371702c2f40fe6d7f609bda0b6233d36
19433e401bcbcd5b24ce3c57178bdc27
298bce5ee5fdd571262dc9541467dfbb
e299ca8105f817bf01d2ddd53fecb1e0
20ed31b03c94046033d21d3942b7d511
bd20bfb60cbab5c703ef4d50ce86d0be
34b3e1c11a80fae129d7c559b30af066
b488c046fac5f9abc46a0a043d24dcb6
f83e1506f79f4d7f359803aee7b8d652
049c2a91222fea5e4253d8ff43d1b782
d3ea21cfe3d211b2f293eaa5e00ebeff
d1164bdbd73bdd25e45b017d10fd3172
298ab8f9e9a9c70dd3b74dd7273a0af7
f72a4af4f4c3f518e70425354d791349
2a5dc571cff83feeeb3df43f4c243ea4
e340bb1a0c151177bbaf145bc129ef9f
ede50250e1c63fa0d79af5c2fb70e7d9
39964550cd3bc4a14392f69fec663d37
fa6bed971077dd7bc59f2db84ca7be3b
49ccbcc0e59c357bb79543da389709af
b3fe12951b2e1990429220ec3db5fa51
077645cdb6e21538ed09f053278bf364
3465f3250ca8e464fc132aa22fdd2b10
4c36cef734c640613d33b3d9f6872135
e9244009ec2344471343f878b3b7065c
d8cc2412394d4d78b8a2c586f6b63079
f140000f476acead13d5f661e456c1ab
16a1c462140ed71dec50dcb4e4284053
1076157a2688fbe4efb41ec415084823
37df372ad1d12d25bddb1c6ce6beec09
d67abaa049c7b2ec4d941f5cdeb3fe95
c0fe37b9c0d11644d7bbe37ebc0dcb4e
f12adab5d34d2619248eeffb2f6eedbc
086cc9002b4d4828c5dd48d4e78b1e7c
217210d623f3b6ae23ba3e540111d6c7
3a4f44dad40efd68e630efaa340c3f03
3b9e1a81f68043f702ea4b2ffccb47fd
2728fa723e2442c6e8a905c3209e3f35
e7a337f02987d9540fbbc29fe4c2ff83
f3f231541271fc14d2511af9ce4a234e
2de80c922b6c2a100735ebd532731419
cde0c90d0dddd928f064e12ad2500a9f
e4fd3d173b354cf51576f3fd1622374c
05d44035e5ffc52edd5feec4ba63eff3
3c17462a0c3c40ba4129cf983e8d0e0e
3bcf246d37a3cc5801b2443e05fd0372
bdf8c2e11928e8ade41eb1e9d6c6bd05
f68134f0004524e833363539b37ffcd7
c9e30c2ce60ac8d414694b8ecc9ae1d8
2a90e98b36abe9e0bf58c1193ad80664
3b4d109ae97917743df9e11ee5ddc7ef
d1f7027d01201b813a0436ab152a2f77
db5c442c143b259ad0562dcd093ace07
cfe737ddc3790cbbc118b9662aa320fe
459ef6a7244feba10d52da9106712680
24baf8f9c9dab73539dd2301e75a4df7
182d3195d686b632cf3e11cbb27feb77
00f947d8d7d8ef9fd5acc3e9e900eeb3
1a5ed50c1ffcf3141be9c180eb142ca6
22adc0283f4d22144303cbf9cf77d946
fdce301be5ed2b190323f425f82ccd11
4526eea9d2d9b82db5adc2efda96d96c
0cd71ef8e2f2b35d4006b4ceee1ff3c4
4689e83432502c8034504d8fd36d3e33
e9f531efb6ade1270365001231f8f4b9
cb70bdb8346af3ad22fbf0840a5a348a
0cc8b456ca2e3b6fff36c1ec14fdfa01
ba770e2011baf970325aebf6cbc211df
35bfd83cd56317acdfae4d61b7a2391b
c0e33752c16b2287fc52143b335fc8d6
0dd7f21d3ae0ffa1406cc2f3c94e2c26
3eb931e2ddf44231dc05d8ab0b07f87d
2afb3ed420274cef27b8d791efe1e787
b51ff0bbb382e87e2da4b1fd481f1be7
fc670385bdf802a430cfe916f511efdf
db720721e8740e7bbbaa4451f2a8ef4f
c965fac1c07fba2714dce02b06de253b
e25a2c2c2b8520130437b944caeddca2
35be373739d43afdd353fd122768d405
1b9bffb7b6eefd4afa26fff80f83d9df
b95fcb85117fd2a029ee340df26c1eeb
235bcda1382cc4d5fa0fdca9b4c83b21
3726ea4ce44ae316d3f623170b20b6ac
48c22eacf616eec8e933be8f05ceed1d
3eabfa36b9d6b73e1641be8df5710300
c79bcc66b6652077cf042bed09a4b291
44710cfbf3e61392f1b5b89dc7ecdf24
e266199807dbd74604bef2c3159ce555
12bd11fadde449ff20894bc1bddfe05e
1e90f078e2ebc483d89019ac49122533
33bd2fabf3c62a63eb4705413f1ddfe3
215fcee420b8cdcb0fa6bb31eb9304ec
e0cfc1a1d636f892c8b10a2eea3ccaab
f31dd476c164d50ce3d3c187bdf0ef76
0e5e33a608e4e4a6eb18df84b1fa4c1c
cdffe912292e179b1fd20660eb76c9fe
30a71044f6fa2a92dcd7b80aebafc6e5
1d50171d4070b6fa06db1c7bc024018a
d23e48003fddbab3b5f21752eb920f2b
bc7fefec087ef2c03306eb83262e1a8d
2853bac6b587c18f0609f5a43cd8f23d
ba71bed24988ce22fd171f693eeaf29d
e1abda6440801bab01c846081f7e10b6
317f353dce06c7f1bb27f18801f5ebee
435cf7f64c5bd5901c7afef7fa3c3b71
374ceb14cfc6edf51bc32bd20f3e22e1
0d664d283e8bcfea0ce4f0cc111ad98e
161df8b709ed248a207619cce8db34b0
d117d2784d9bdf9b2254fe733a11119c
e564c549f93af1f71bfdd8f510172d81
4400fa703eb2dff7e58fd102b394252f
19ebcd29e553b630d7d8cb1147a7ebf5
dae8c97e23502aa4cfc71b4c19000905
36eec3e3eaf6de8dea110c5912bfe900
e12b4a643d6648c0404318c60072b569
15ef46db1e4804dd328b36cb0abb0266
4a63c180fc3e2ea80a78f7b0f461c90e
cbc9c138268935692867de92383bb895
ce1db543cc3a05a9b221bc87f1a81d5c
216427854b49f8234ce511f1e9744d8a
2d1536eec5db254d0942e72024f71304
baf70dfb4954265223ecfb12ff05cafd
26252994b22a3771bf8e25064b8ad596
0991ba5f3e2c1c93b4ad31db2b953011
48eef2a406f1d5f4ba49b82bb782cd96
fefd2c8612e9d74120e2e845e94df77f
2e46200ed01e152f438dd3aa26714646
e0273cd542e84c9ebe002c9714e915bb
e3673cf62c4ec42b448b00d729b73a02
c53ece6b34e315a23ba2c684efad1bd5
4d5f283cb5a54bbd28af4206b602b906
0f4c43eefc5af3e03262b478fe3b1a4d
4311173ef2d4329f33fec12f3809281c
d55508471a92c27bf91948e313e10f4d
3af0d3e531be11bcc9d604aed5a41432
02a231c31276f06dd86f17760ec6c58b
bd89cbd7f67a0413e289b9db0441175b
0d120354d2ffc59b2570c85cc402f844
4b930858f5efca4e16b64800d251d6da
f37bbe703327b4c0e8d7143236fa1edc
b2b4d03ebfbfc984b7e503d8e5b61424
2496bce3f50cdd58efc52c8cc0fdd735
f2e225022d87c37cd6ede68ee480be21
e380f1d9d90ee234c7ac0a0d1d2c0da9
26874407fb36beb63b5af472091f3353
e9ebf08f1f88f7963c41cca1ff7d1e9b
3c861464d6bcb901b9160aa02de1e623
24c6bca7bc0a3e7e1d16eaa0ebc2db6d
fb8d12b1e72437cafe2bcd8ac468444d
f54cef6a0da2e7cdbab9e6c0df251ace
09a9149a21f6e9ff24d0ca4eb8d2fb12
3480cd36c745edd1ff411408eac4434c
dda9de712ce602c72913199fd618c3d9
3ff63b74ce04e1f21baabde415d4d958
0058460c2f2ed2f1ce410d1e06b22500
047ce97c30c6ec750e7515ed4316ccb4
d4034a5d3175f728d43c3650c42c1d63
4a07b54232fd3c85f4731dceedf0e1d6
0684b7503a07b8da4ac52309e3e616ef
cc01087dd985e7f8f95600054065e90c
fda4d5db34c5fa77ebf502ffd97e15d2
4b541b5837ffb951029708164357b49e
b96af8bdf9e41bca327b004831f22e0d
3356311cd58b2b6e14fe109d039c3615
0fbc3ffe32711ea51954c33f42bec044
b9f7bc3cd3ab125aca6d2edfc5eb3272
3683b230f663cb62279d072a3c19d75e
e934c2d707153e78cff43d24cfc7d2e5
1a4a1030d71dbabce778c6e8b9e5b9a9
015ad945cff2ef6ef6c2cbf5067b1f3b
0883c097ccaa4972ce761d5204d04432
1441f543335e3728d23dfb5ee376d296
b2600aa527b025561e2e34bb09f7c077
4ab1fb981d3ef7a61ef5de27bdaa4148
07e6223516eaebd614fc4122c7b015ac
d1f1f4aa3b033fb23be81c5fbce6b8ff
3e26488823c8b9c6d752f05ebdc73569
b8fbcf6ce1ad1bb9d7a0459fd00dd5e6
e2791103fafc178a44b508e62979fe9f
0756b3eaef043702baa036f7cee4d223
23bbf0102c074b5b11f3c7211623b678
e0921eaff8ddd19fe99a3d08d2f0d601
fdf64711f16532b7fe862502b3142af8
253ad6d4d970e102c91abace47d63967
30b72a97f1e1e0a11e6e4c54ffff4230
09dfc7b14980bd8131c6c3d50dd4fe5a
4e00f2b22925ec3fe8d1dc61ef6fe151
42a3fabbce76dfddef67b6e9400df6a3
de5fdb622e3b458b2c03216333d4e93b
3f79e7e3c23027eaecf43372d1f2dc5c
facbf7cd2cafbacceec512d33d81d569
26bb39cbe38bee96d15134bdfb0dd069
f126e7db34a7b8fbccac1506bbb12940
0ad1c3dc2876e54f42a0c98816c9ce4b
cf8cf9152cfcc09b2d1ae77de786dc80
b259b424cf1df03c42274ce9de6bd485
c49108ba254e04f0faddee26ebd80475
0ee845d72885f13a30a3b510c57324ad
0d3fb4fc1ff9c134f610ca76ede74955
1b5eb824cee0483ee19504dade2706d2
30caec5cba0ef878c3d1474af2503981
d2aff60cf042d635b2543d8dc7fdb736
fac2f1ad41213cb016f74a2c431a2991
2dbbd670dc2ec938222df18d3a824ca5
fcc2f4a328fbf836e90efb03440a1448
0880f472279fdfa8059f4833dbaa4dce
0673c89bfb1c0594c799d226bb600d8b
f6f73f84214bb8ad1ff1e49f406431c1
440b2a3a4d50bb3a33ec3d5f3b150c16
1f5ac764ffdc27011cc5151b26bbc9b5
b22a0ffb341ab83ce967b913d2031f63
d05deb7126234226e17dba8abd7828e0
cc4ab879e47ad9a3f4a813c8f49fc83a
f8d0cb040301e45c4da94bc71bd0f59a
2dff19af1490c2eed5da11153919d1f0
263b432e068641bd3de83b121188dbbf
e12d368ce00eff911dd7c12000b8348a
2e0038f8e944fec5ceea2909fa112373
d52bbe2411a43d9931ade71ef70e3d15
f63520124049fdccbcb11a0a48cdbb50
d8af3e82ec1212be232cd954e50aeb92
26f9e6c316b14647f40e2c3bc054da78
479b268ec02f14241e59b22c249448c5
bba0daf20f0f360d0a65e6c342a62c16
23691a89226833e0bc94d9f23992fc9f
ce5e19b5f932f0864d362e9cc514f53c
d29e0aee209a002fc1e2427b12fe40f9
2b441f96c1fed184e40bcbb23fd1cc55
1030c43c0ffc4ae2e1d327472537b9d7
f979ccc6cafc0918ebb8c212f5ceef38
486dc4cdf75e135c1f2a2a7e34fbbb0a
17bbc342f57fcee1043821fc335f25aa
f1150bfec78919d200d6f7292e0348c4
46e6d841e96ee445c09e26c647f9e804
c55ac4d1ebcfd51504e1d3d4da2a4c0d
22b60ed42ae64a4414f2c494ce782914
305b1ab4b5d13711149a1b2216f4fa7a
d96cfc9a180fc0a1ffc4b386f4fb37de
08711baae0e311d9bffaefbd20d33f53
3ba7da99d73542543d2bb6cf029fd724
20e7f355dd29003b03982eeccde51023
ee7ac3f1493aefc140e6fb854c7b3466
df570bb22725bcc9060a1df7e4def580
216f04a2e0eb31232f60e3e3b95bdf3c
4d8bf527c29623dfcaec06ddb932e65f
3598b68b3a1b28ac42c74bef1f8319a3
2193f7b814940b5ed6b1dd4b219722eb
1c8e327c15f8c87a28b8171fdb64b26b
d8720f1d316ed077e2cdf436c78bb55a
fda8fe6d463e0c65dbeb23ced5594496
079bec4dbe6bf237fa98dad83999449c
fc0b18f4b2b84670dddeb9f6d105da00
ea180567497a1b8f46981e9c36cb3775
0eee4dad01efd04dbb2e276af7eac30a
f6af1b12d73d0de72302c1472d65cfca
b65f139cf77b2868ce42e1d02e27d135
47ce44f3fb613735d82ac27f252cf9ed
ba3bda23e220ca2713cd070d2790d076
eb6b43f50612dca9d8dd0bcde1a31446
003ccd1d4563ccf121920fdf4b9942cf
3d5a15f7facbdbc4e6310054368611e5
e849d646e079d929e8e7bc52efa6200c
f80ec9b60fe43b5a0a09d72e03c1b4b8
0fd0ca41cedb2b4123ad2b27f818f776
1144b5112e8fba95cffc053242aec646
c5832f84bc980178c98f2998bb25f0ae
1d56b412c7b3b230b4cfcdcf0f17f711
e2e942b6ef6db8f147dd3bc1f98b263a
0ace25e2cfc849af31c44290123e44ad
47552d523b66f64ecfa2b483d7c0fd7f
cdf7457406a0eaba0cfc1dcbb328f440
e49f0650ee8c3b86cd6c0f85d6ce26b6
cc18d3e0c21cc287fe5417f3ed6f1543
487bd800c588f7d805d02e49da53ccee
dbf04b16149704f5eb36193a3420d85b
0077b375b37cc9a9dc1debe5bfc84d1d
4518fb5ec5badb11198cb3de2604e13d
dc9bcd301e72fd261d6f44d14295bcf0
0b5e35243e8009f7d6f54583ff06f19c
f9a239ce41a84883e14fb69fffb33bcb
b823424d3371c09bc8974b2bdd45025b
22631587e2ac4594c913c3d30152bed0
b70fc1fcc65b1a38d9eef859d32418bf
d5e2fc7040741bd30bfb3352e7801e31
3100ba4203a204baf9e4e829fea93772
d2b9ff6eb97e08e0372113d9452ae565
37e51d75484ed3f0eee1e3a3c50b0fb2
2e27c55110e1efc5feffdae3cdfd2512
c50f2335cb8fbb4433ea03cc359cfd5b
0a93d6f5b7fa49732f93c30c33aa1fcc
eb0df58ae1ef2d0632571068c70a304c
4d71b9aedf0bf48130c3f5e84835e447
b6053358d1eb0a68d6ef49a93bcf45c3
ff4edbec4b4e3ca9d150d3ab148e2b3a
ba732af9bdacb9b40602d8b1dcba09e8
4d41e15909411d7e1d6db319c991ea7d
41f1390e0230cc7fe9a3327f43841b1f
4c55314b438cc6e5da22d7521f4dc769
d0dde53de6d2f7f1160eff26dcfcffb5
1b31031c376de99ef660d12614a4bc14
20fe446db86fe749c81b1aafeee32a13
b3bc20dfee45e3edd024da09110e4838
fdb8378624b31eb541dd1b55f852217a
3e1d2c49c307ef4a2d1c2cb3dac70497
48de42a4057d097342c212453b981e52
bf24244ed574227d2c79da2548bbe6e0
1d7210f7c3b748e7fe07ef240623bb94
e96d4de9d031c034b33ce779ef79bf34
06120f4524920912df3d3e79fa59f363
faa50d10b36f3ba4e1352efeef71c248
e34322f2e1b305361d550eef418e492a
2224bbd20bfe4746dd01c877e4453abe
0ea80a4e39b046b9f0ae0860fe15d921
1f63dcd4eb74be6b4d231c4027eeed0d
ba2bb57d0333d91f43e906961a09151a
c8fc46bbf455c563b3b5c656fd411223
bfc0eebb3e5743bf3256d39b1333240f
f5a60e741bd0cae9399613a8f4324361
dfba2f80da35b94fc82335030ac7ca9a
d0f1ec0512d8e790e75440dddb0f1e3a
12142a0eff1d2b4b3a9412f3f59e1f27
357b1483eddd1a0ec9441f28e919d301
4813e0ac3a960f31ce81fc1644f8463d
e27224baf7c7dac0d10424be224423fc
1be8dbd80296e416df621be1c0aed872
08b11e27269a42bbed7943e73d122090
d113eecdc596bfb3478724c819c13938
256649e5cbbcc40bd13317fe0be9f4cd
e49a40bbe86dba1c3cca1239f2850cac
f7ac33fbe93afddce4ad118a4e1c0b08
c96fb2c1b72c3af4b627b623fac2ec8a
e556c85bd978bb0d43decd2eeef340da
fdba0312196d3c0810a842262fdb379a
c42ecb870039443344bab98218d22293
3d90fa9b3fe0e532c8d611a517120a76
d48cd49247eb4d9a1f8dbdc2ceebf32f
19b6be45dd9bf461b37249fe497447a1
31250515418c3d9b355721eefd10f50b
0659da6c032b351f4804d8c5f84c015c
0ac2feec1199d36d18f23fee0a1c28dc
d058f84b021ecec6e36dc77a17cd0c1d
1c36c4e0dd2904af0191e3fc43cb4a08
ce0904971dccebb6e0b01c0ce0ecf0b0
0f1838084975e41b2305fc0ceb2a37c8
e413322626ebe1ac3ceffb7cfe7a378c
f21c15990689c84f1d9b1f8c1c990630
dc6a4033101935791423c9990b180be3
e0b01742479f05c94a003a86ef253bc6
4cd21dc3c4fcbede1f441f5e3f8bbbfd
fe0d3fdf2e9be8d53e3d2079b4ca2c64
2256dd90b35301ef06594607d457c21c
3284e142db0ce713ba410701f5630069
3d760e74e1a8d8b42b8dfd94e8c54cba
bb2ac0bc0ea6e26d132b14abe33314d5
f3b1c86f32dc372b44b94242dd3ace7d
bd5d2a22167d1da845870c64c675f119
3e6ff03f12b51da7e07bf6580898b9fb
00e74e09ffc5caa2be3930bdbc78c095
07373a0212162748e922192e3207f077
dd91342c30b7340d36addf6d0da24053
fb84cc57e990e31afff421e4fc37f277
040846c4cca8fd72387b26544b4feff3
38c6ea18b23f395349590c3208024491
2aab2af8e546fa73426d0d43273dc2f3
cf3f44bcb59b44fed19dda6dd9401e9b
e8dc04c9472129412ab12db5e18ad6b9
dac7f6c5f0bc0d8edf12ffcdd929da01
dce7e22df9fa3eec0ba8294ef8011c45
dd5eccf2006dd4832c86db4e30b5424d
3402bfef43a0cc1c11794b0a25bcc687
0495e938316ace7018173bdcfe8116e6
c965b3e2cf7748b22beb1e8a0064dd98
cf94fffbf4412df2f28fedd0f8fbd5c2
d94dd70d1414f952f8d8ce472e55d7dd
3705ff61ccd03d37dbcb3bc9e8063105
c1cb1785e9b728d81bddc4f52c26b80f
e4192a61c97bdebdc344c0f20d870de5
207cf99fdd7b2c4025acd57822b6e8f7
f55ad3ecf64ac087d19fc8cbdbf90333
24a1c78b1580b92e3fde21a0d373c19d
b5522752bd123c56dd42d3c34ceee99c
0850b410bd20d8dcdffbd17e4d1c4941
e6a3032d06c0b7dcc4dd39160039ca1a
231c477ce169e8e9e9c9b6a638d2402e
026ad323365a2092bd5d3918db39130c
bd1346b5443de5b1e7aae1aabd38bc7a
b443cceacb3c209b46240c8b12cd0d3f
1a564930e4332b41ef48e4761d0d001d
23dfc6910edac230184b3d380cafbef2
3f0128c84566362b4536dc86f8baea89
027ef188ed3d40eb265af1a3c08dd9b6
0589144dba3728e0b2db1620e4e2e673
c3f92ea5bd0a329bc466e2a6040eeb0d
b3b6f96ad46c048acbbedacdb73718ed
41a013bd4cd919a03f67390d0d2c3748
f9dd3a692f213f5ceda4effdba904d5b
392f143c0820b4311eb82a3c0e47ff4e
d78de306329b19d5428cbda5310c3b0e
14be1e2ae15c09f1e0ea0df4f4e5ccfd
c66d05c60b6e1b0c45c2be86e2c81cfd
49dff7ff3c3fb6853560e28f3568fc10
ec61eb82fd72dd3adf594e0acac9d33c
4ad0f61d3917d6b842002dd01e5b29d3
f206f189b4bfe36fd8c6d91408eefb5b
f1dfc43b219431d82ad6229a20abd0b5
3aae162eda8d0d380a450be21e5a0452
e298d8dbd5dffb16c9bbcc00434103cf
c7153069daf13d3e4952f0ac05532fa7
10b736762f652c3047e5b85342c5c669
b4222f97f87d2829073cd608bfe2bae8
dc1db9c5147946203083c042c2dccf74
b7232f02d3dec64444c6227ef87247c1
b9c045c6b7fbc813dcc3147bbf790506
46d738d5185703f206c7f8a6ce404a55
3069e068e8fed4e1f0bc4c0eba700b5d
dcfb3b38d4402cbab807bce10350b25d
d76cd0834676bbc5d1911c0db9d0ced6
10f00b5db4512938e5810102000dceec
3bd93bef35363ade25b1be6fb55029e9
10c6344a022cb274d6a9eaedbd60c0fe
491f097f47ade0761487dd753cef2237
b587f6d1ce760f7eb840ca0e396d07d9
28d8f894dad81cc03db5e2ddb9c64a3b
2326d24eba2bd5f8b2f90988d35fb7b7
d4f23624da9e068be7cabbeefedf2ab0
474cc4ae3717bfc6ebfef236299ae76d
1891cac6c4d13de8ef444bf6bd9a02f4
2af3cdbdf61b496c3fdfedbb1804ed5e
ce313405dea1363d156303ccdf04c0c9
0b4cb64ee86f39aa129dce9e132d4196
b7c5dcd606cf4d9147230171ed0e04fb
1e59f6ee05eb32c90d6de95bfcf10e01
c1d6359b087320b7d88cc226cb0afdb7
29d1d362d7ee1c2f2c2fba0f2d68e2e5
3ac0449922bcd544f175e1d2ff4548c4
1b44e5bf3b931790bfd9ea7cdf36fd8c
b792fe89d78149febe3decfecc25c1d3
12b92aa307644d27b96c398507242905
184a49f9e829258fb956b45eb377ff5b
e952ed69efc5da3c21932c26fcb81850
2e0e27472ed7f30d056525074751e8ab
4b351ae0ebb7dde545d5cb9a2f570f73
0211b8b9da1be941174ad273e26bda35
e361f58bd1a1ee7144afd660db8fb780
e770b6564ab73bb02b33dc161161c067
e0f0f0a8ebc44487e8512fb7b8c301b8
b4c5c27e1cb0b243403bd7cf062149b5
b2b2f3db4626efde3d740e9d07522adf
2e3b277211b7d91cc92242a44bf6f208
c8fb0a5ad3a7d129e53ec5c238851ab9
d90be9314647f1c9142aeb882295cf8b
b86dcaef2c32bdadff6a377f1a802497
0f053c582e6fe624fc52261c4bfedf89
edebbc0a09d6b7c1d84e2be6b46ce67e
3820fd6ddd39432b1180dffed978e562
d7de460e2e880511f10bede9c3892b44
410e3b10dfcc478ff15734222eed2b00
0ce84061bd874244ba3cc1da450ac1a5
2c5c001c13f6e8e3061d1e06d91e29d6
c701f6f03024cf6d0abfece6418f4b9a
4c89b331e5a905c1e6180c1bc7d4d68b
018f2b8f40c94d1af74ec36dcc324caa
c525b50dc5d33c8b31b1cc044a18f9cc
caeb49ae0ff3b77fdbe3253fdb2af021
2b240f27bef5cea2b431d245cfebe8b9
452f3ec341e316bff9bf2c443e82d3be
d0d1196c11f4f8f049d5f63623602803
c435f4aed4dcb7d93396da0dfe60f8db
2dd040013a1b2385498bdbe5d23ad703
c00d4e0841e4f51908febe86edb4d04c
22d03f3cf4e7cb2dc3591bf239b83d88
1145ce8148d61a9d1479be9db2a0c210
d26f058414bcf8a3e535f077ce3a13b9
0f34c780dd8db6c5c8e7cf0e45a9440f
0c5bda0dcbec17eaf0cd22d7ee2ef070
0d09b9e8170a41981f9f12f9c6651a8c
0a9132fdcec30f7d3e9e475ae5d70552
205fbca222ec469eefe3fd6947d2f8b3
0a28c8ffc75d184d1cfc2d11fb874ca8
e34de1e33c303b1143e2b7574979eb65
c99bb2e31a2dbf4147621f5943bac29b
2855d5c531552f43dec8cbd51c753ee9
142df052c5d8bfa7e3fcdb4d0fc4479d
c0c8dba6fbfee589c145c98afc2ede67
156725491baf41e0d9ec08a53b312b53
e142205a4006c6afc853ed1ac19f1991
f6bccc8c04243596d11ff6a4e946d364
2702e44d271937fb3bd42862d05af43e
01f627e4ed401f18b3ef4026068231c9
c4c6c735089eb93bf54810124c79f9ef
0e20cf9ff88733a6c4fbd64ff18312ea
0f38ba3c36b800501aec3cec3cb448ce
3504fe70f259d7480cb80c52db87cc4f
b92cf54ed16b20b3c33932c2196934ad
0355485cfc913cbc1fdb29451e382a69
2bc2422b1bbd4a02df7cd26dfac313f9
e39049b1bc43dcfc0ea1f0df452cb8c7
eecdf25ce5b8f41e3e9641261ddb1fd9
de47f996e629edccbf8741a24240feb0
debe38caecc8f1bc039aeaf64ae31e9f
0133ed6ee0c42cd9b677fd40d815f8b4
e3b8b299cce80926452d44f219112f83
cf06cddafca337b74d0bc22fbe30f3a5
c7e90c04b5933e32cb9a1f4bebdc0920
e93b191f14cec9b7e06eba24234afa5a
3aed43dbc20138c732a6fb7837890b0f
c7b1db9ccd9cf59ed929c4bcc3a6cbb4
df0ee5871b03d871d2bd3d1243950422
1e800aa523e7ba4049051fe9c63145ee
d05a38caf2b0e6ca36fc2263b2910ab6
1254c51b3e6e187c16cfd14e4ac82e32
e8f3f7ec01a3c8c63646f5e3bb233844
08fbcaf5f0243f4111d6ff133797c0be
1dcd48011fe7bf8fc80f4accb62e1f5e
0fb24cb9edc232c0ddf63f351a1125f3
b366037e27cab43546613319b370458d
064dbf0730dc1a3abbf5381f23cf2c5e
3f08cbb90ab42ad1bbf3d67440dee89e
4a43e92f06e6448ad9ca20c6f7c0224a
b36ebf2a37dfd681eb8bdd58403248aa
26030de1f4c52dc20f4f0c7009ac1d72
c6984c6e46dafd37173b2250e8020732
c792c825be9f1dc81a910583b7784c00
34ad1dbcdaba2ae4208b0eb1be4adf27
3efa2f5427a13a631a2dfae7e77abb5d
3f1018a4d0fef74acc70cfd8c0344315
30110da9cdf013e7273e44cb2909d119
2540bdc13769fdcc2655f5d93a55d22c
cb06420a4dafc5e4048c2bd7124c07f3
35f23e9b1fbf09ee2aebb9def60f2e86
e73721732e0ff12be3a5f8993db64b03
30f8c609c2edeaaab90c021f003702c2
c7e6e8bccc96c1c03384c185e32343f9
e6f6d1dfe9fd358d30b7c40e1977d1bd
ba562cb100b64d4d36e33a6de14fce39
f4f5cd51b589c86c27c5b9d8eaf9e6f7
1c9a1484feac3f3e1efef2473b32f070
2851d1ab320ef1f9becbb6df172cc1a7
07844ac7db22e0afdabcf41de16bee30
c27bfb62d70bd37ef8a0f4f944e8ed07
0badfed51dc83b790af6263b35b70de4
1e714b2d2c56147410ea42f4de9dfa69
410640e2c6acd37db8cbe2f930ff0b33
deae0bed2d3129ced67ad90fc74cb80a
f7bb1c101f08f0613359dec7186c064f
b6f0fabff624bda61dc83aa7cec1414d
2539f2a61e43e6b8f8cb4d22ca91f4de
0e40cf86c6cbbc97b2e4f2e6c4a72a50
d45ab24fb3042abb3d9ec632333ef8a2
2c7c02c5dc7db552e5dce2cbe456cfa1
38c232bd07cdb91a030e1ae4db17fdc1
bd4f3dadbef6f767df53bd1df3ca439d
3274464212c54814f4242eb2fffcb2e4
332e3227d9d32765ee3b45bbd5e31651
2f3b25522edd4c7d1c0cdd40334bcc08
211207bf36752dc22abd4ce1e145fae2
c34d2c84f436e8f400f24132fa27c73f
e663f141f8b849091341efbefed6f5aa
df342a4a3a0d1cb0f9b82b01217713af
c0742c3bb3183023408b2b13ef4f265f
f3a8dd0c3a2fcd780fd6ebd8349abe0d
4994e6c74371bc0a0ec419e7fae3d853
13d8e2a0d3221bae310f22c91112cd77
f24dc1632399f29a1c9b1bd3ef6344a8
383943154c8b2277ccd5c9f2bace43e8
2f82f6e6e92ce5924b7d45d642100267
bf7ee568051a228d0ce5b781c69712b0
3105dee3b92f018b038b06b727b02192
076b21c9fe774849cf85313335d53798
c81dc88bc988490302b247e528044750
dc984442e11b086f254b254db41201b2
f63ac0d9bb064c221fc2e1d10b60324b
2084bfa437cd1cbc44a84a1f4d713610
dbe9e6453962f1c20d6532b3e8ecd332
c2483f4914a3cfd6448ef1512883b588
eae04b8333eb29960567e97f2efbc1a5
0e79ebbc22193bad2dfc1a1ec2311613
d6e6b28b4c3d35d93a9549fcc34e156e
dbd3bb95fb063583e818d7dc3d8f43f5
eddafb4ae04bf80abbdf300e4b0ad339
e351c492412c236fc2604adf47eaf818
01f72abaebc2ea70cb23099933d643ab
2d3feb993d3a1e73140847872d15ece8
04f223fb0ffd3c45b6761a4c3341cda6
ed2803163648475e4c6210074aea398b
3db911bef7281331f8e3fca2d7ec2a6c
cd86f414d670da37b8251a55113db47d
e60bec282684cb06e18f0ec50eb0e1ad
0abdf44ac15c3f94c834e56943251cd8
d313be1e47c134e50543bd8deaec31aa
05ed2e58e59126f1438ec81c2364d4ba
d563ee54e7314abad9d54b18dfa3b8c1
dcd4edaae4a63c5ee7aed5a04921f027
2936267a1c8141ffc0d53595daa81b4a
4b15b766ca72b9d634952d7b36bc3c72
388cde8cfe2b2c4be2e02b71c55f4723
36c604543371fcf61ef32567ef11117e
b81f1cd5ce6fbbfc368203a5093514c0
f31c01263672bba8453ec4a91daf4c6f
1b703683c052f85ac43f06fd3d8c1066
4c93db1a0fbc381feded461fc0e5cf1c
c5441d690bfe1ba8f3d0c999d5fc384b
d190ba4a41c73cb1fcedf628e90a0853
04d42e8e0932d7382a5e12162a004889
e2224226e0c121fc0b00d31c0eeae811
0db447d5236d4a1dbf5cc6a01479111b
28f1cda8e2932bc83e0f3a38d26238d6
e230eaab21d9f54bcac9d6fb4dca3b4e
3bf414ca015a1faebd1bc901bf9d227e
d0543e64268e021cc9413a6d41c7eb84
212918cb3a710d492ad2ec24fed12b79
dfb63090dba3be46f160b8e838302fb6
ff2535813a57e23e4532053123eb29d6
cb64d0120b7dfdfbefdf10c3e92c0e5c
d2c4ed08c3bab57c36ab4b89ccb70f70
48ab23eb19c2cc74b83e0b8d3875bb1e
2e47c66a1cafe019daaabdc010c8d907
bbbcc0b312f601dc0594d1bb08a5cb62
3cacff98fda238f830a60233c5162686
c7ca264be3104a2ab278dbfdd327f29d
b7d030bee81d283e04dece4b2ae9c4ae
4dcd124adf6d28e43cd200644919c51e
17a502c12d0c41784661fd6626740e12
c3ffc4c322ca157d28ba4492dba2489c
d9d3e9f11706383dfa7219fa100601f9
dabdbb044aaac3483a6ab618357cb8a7
fe27346b112cb8ba17c6dafceb62407e
3b973ba7ea05ccbc4514e98742d1fe88
306db1e5b61f367cd83b22f9421a034f
2b94233bd2c6071f214b0993f5ed3b63
c88abfb1e7e5c86adbdd22be231db998
bdd2b46207602ad4013d19d53e7c0eda
4913f4c5190debe23ebdbcacbabe19da
022300c6dff2fe83d00442cd2c2a1838
465c3477c21926f1094206a7302e153d
e48ef13aeb85d4a61cdce215e3fc0ec7
3c68d0263978dbc7be6a2d9dcedbdfc4
ce2dd1bed6901379f511119eb7aa1f62
1e194d1225a646ab3eefb45f038d33e2
c90e1393efef4804e06826a0010627f1
18a8bbdfe2cd1cb8bbf232ed2ebad389
15d8b27dc9a343ad21693030dee33764
0b530bb31533c580f6882b50ddd3cff7
b6162ad048ab079cb2d12ee834b50269
b811cb6dcdaf3c5fc229f80d45892ca8
1337f091c5d4bdf74d10c382f1cb01f7
1095b904c2541091d7aa2d81c8db48f8
04b840842531dc5ae7fd3d0dd47b0196
be34e5f1f00d400afe54f7803b882e8d
e831c23edada1b343b10383c122b251b
4bced67a37eded8f34740496e1b9f7a5
c83d3b8c1e4ff060dcf6fcac3168cb1e
e0341ae3dc5f3168f7602dd3db2ec69e
2060df1edea2da93b392cdfdbe2feefd
bad62560c2bef700e38b114ed758f6a9
25dcb8fa39ad4033486441944413072a
26450eafc32138b303f3cce90fe04c82
32e4c3e73acfe97bee68cfdff5d0b7bc
25063fcbb8eef806388b313648d5dc79
33531350eca42c670f24f499308444e0
e54d2f7bedb1ed08bf7b44ccc493c8c4
1f00f12330f51b0e390d2abdd3cec103
1b871f74c26ff2121f4a30ffd7bb04f8
02792b4f015c2ad31d4de337bb6c3b26
20acca5317f737aa46f3db95d046fa58
3a943f3cb6fc23c7161401fccfb4cf91
0c2214a141c2cb80c6c6c879bcfec9dd
d0381c59bc74e72b3d613415d23acd0d
3acec78a2cfd1791b62239dae09d3a22
dbf426b2d03c081c221727f1b847ffb5
3e6531ff19f21a4629b2d94d1532cdf9
3c7ae79820eb1615033f33dc01eb24bf
b9d3e3a8446d0d8614b5f856f03a4afa
2d090d5cdb4f33750e1c40d9178921cb
1f1b4978110d38432094c5fafbbe3585
b93fdabacb78c2f02346fb131bea24ed
3b7fdbdeb552e59c27b5335a308bf991
29b7d54f0ec4db93ed5720d60fd54799
f80affe8d0a725d7163940f7e9bcce07
f5444e02460f0f11105bdd2a4be5ed84
e2a5e7a3f2e91346068ae85cf797df5b
0b97393632774233df7f2ae819b1dca2
cb7a2febfd3fdb70e3142988cf52de45
2c7627744a092332d04ef0a00084cdfc
b806ee1704f2f52f3e7b497b03e030e5
f996d27f1956e3ed10b229c2cac8cd24
478dd65cdec3ef25f54e430eb70a2e21
1e7009b3fbcab8350810e23c474ccd7d
d215f4a01dca1f8b20953bd442400fec
c3afd1fab28c4632cd83c742dcd0c5fc
f6ed3b590ddd1ce7fd00d1b5e7fb172d
3fedf7d8e893bea3df74c91c359b1a92
2199d229dd8aee5bb57416f1e71e3f57
0a730419f7a80ddb0a06d000ef9ed1c7
d068fe0e13d0257ac07cf134d869264f
c78c2987c741e12bd1b3d48acdf6148e
234933df29f4304200d34b14b61e4df3
ed36c9fbc187fdd52535ff49d2e4ee1c
ee054345f0db155bb686057212e9b38e
28ef3103fbcbd09af6f9db68e5aabc09
29f4f69a0002b6db2bfa2e7f297fb7d1
f1b0b44111b0ff1718f0b868be19189b
1ce70ab2fdecd7e6c748ffe1bba4dfe3
0fee080d1353b5712b6fc58421971867
b9ad2be7347029791ad9bd21b342319b
fb0cf020c2a01ec94b972a14cdef09bc
0737daa91f7cf9e33fd3cf05ce88ca2c
f51d352fbe981dbc2ed9d77dc39dfdc1
3efd4678ba49e101b87429e7e9ee2570
14d0b790e9b3ff404aeac20bf1f90a5f
c015d47e251100e92135c599457fb239
1366b91ccb6df2591fd1e3480155b5ba
c0f034ef4a17ce44ea4bbc614818f535
f26b00f743b1da9dfe8d2ee3e59b2e8a
b7a8d9bdd52d01e0c6a7ef83cf9a1de3
06c6e61b4dd82a883da5d557d81fee24
0017dae033d933c9471703cefa6cd92b
36341a69dd0a2643d053278d1c14cd45
3652b42c1a6c458e2369ed6209c324a9
f92a3a2edbcec183fe5c4d8f362612a7
fe14c363d1fce465ee1c1f3cee752794
067a1a290b26b9abd2c52e4abc64cde3
b696c1b24a7dd73d4af74467ef2e3f86
dfa43ac6cfa4ced34458ba6a49bee1e8
c0eb3fa54a56d7dcdaad38a63252df19
ba2e0650f2712734f8ef13311dec4b98
3b1ec2a2e7d9ddb02f66110fe5262ed4
4059147341afb8c34896c5fd15eb3953
c68414ab2b16f401477620e8ccf64b00
2260b94bb48c30072d34c8cc4582e5fa
3e2a40af4aaa260fe86e1186e9a4d71d
02bf150a18874dd64aa5fd010ba40340
d824b35a265a2f32d5e13ab7245f1cdc
b88b098bcadabdaf2581eeba0bcfd8fa
46b8066a487cc997d94d417dd3d6f000
e930d04cc42543aecff0dd6a093a2caa
b53ac1dce990c2371beed9631ed53611
ef66d856305138d4040df209442a36a4
09e0d7c90682f8240e48442e1413e67b
1e5d2e82329a23bc3e303c6a32404dd3
c9bcde85ef581e8d1131fcf2191cbd4e
ccb8b757f5ecdb0c3fc535cf0f98ee83
eecafdfade8e09e7e657335e122e4b09
fa77dc5d20be1077fcbd3869b644e4f0
15ab495ae1cad06b2e8bce1dd4dbd3a9
134debb6de4ef48cb7a3da942127c484
edd043ff46f8387838b53c0e31b209b5
2373ff06b53fe4b3cd7c488fc1fd147e
2734472dd42ecf74c8ad27d1db1119f1
4a66e6e3c8cb0a9eb894345e2c19baf5
d5913e8ed663dd14d0c03e5c2494de34
0b5146891698e22918f5f0b4e9c1156a
ee3bf1ed1c47f616ffede0d702baccf8
f541d09dd71723aef39d1bf4eab12f99
27140f48b9cf447f0895f5031a1ec97e
3d71b88bcbd6ca7bff1ae499fca5ca0c
3132415e28d90b8a1bdbd2ded1a0da16
1883f6984878079c47860970da110850
bf3f07b4b9e9f04def01f7743ba33191
d4fcbd3ed31c47e7f27ad3ba0834b90f
4be3fcc0190fd4c32f51d42acb30c7da
04f7f752490fd5ac114c21f1ca083125
ed53f512d4d438861ef7cb583e26df78
e84ab61de5bad54de4b2b75cb6f84a42
238510e1f56fd641276613dd2b34cf01
c397c0d6cbdc421ed72ef0ca04f4b9d0
3b37cf3b23b2e2f60f413f6d1d27092c
2d603ef112643ad341701e12c87ee52c
e627b5eb1357f2cfc59ac187320fd798
d9b319d11bc9368bdda1c23b4680c78a
145f2b370d1cf18e44554dad2dfce1c1
3468423fcb0db459d953496231d7f739
f2a40aab05c01e58eaedd57702c7b692
c7df0bef43f81a2e0fd5c4da1952e378
d5ec28bd3326bb09f961cfe90927d6c9
0e2fdd501f40b65cff97071a3cf4e981
c9abd3edd83d407ecc29caaf34d1ce1b
d1a0bff640b6f889e53ff39dc89f10a7
1cca2046b5464c452ed605b33485b8e6
ff70bc062cbb123511b6236837b7cdc3
0359da5de18326212be3d0fce7a90250
f119c5114b3eef98eeb80c81e4781e2a
28d6f9fd062a4a9fb7312eefc698d4db
c466ecfcdf231a4d0716b37a08a112fa
0324ed6c0cf105480aa7382747a00944
0e0cf47638611fc6bfb03929f50ac5b1
11390cf2e9be4bca315318a3e4821ef7
e9a41dd94724bf5f04b4cacc3ef5e524
f1634643b8332b9e1b4bb31bc7f725a6
ef28f7972dcbd2b9e5b84501b6f7c827
4d2fdba43454e939f7dede80b88e3680
f3a31ad8bd9945520e22b7adf7f9f82e
cdbe41cb2da428e2c347eeb5c347e855
e604e0d1291fb6c9f27e30da3def1f54
b206fa46e6b7ba540eb22f24fbe6f44a
e6fe0266d168e5e2344b22bfd7b0fdaa
f861c031d349bd89223cfd41c0c3da54
e5e12cc322f8e01c17c518e9d091f911
d7791a4efc71dd5f4085d2fab8db2860
4365bab1f5f93b9332c5ededbf4db4e3
e1fce03819f10f874aecedaa0b82c881
cc8dc139b98e2bf3cd73dc8a08540987
0a05d445011b2a9c3f1ec86f17dae3f1
f3de152bb264bacfd3aecbc3b305d35b
3471e03a45e3c3efd789c65c2c11cfaf
0c2f12d2f66812a2bd9e4b6ce6174070
db9e3e93eede2fe8ddff3ff8bc7b2d4b
34dae5e5d7a0c035152f3b6cc31936cd
c56f3aee4bcd1e19b7c3c088d29dd4e1
4841f3dfc5d725c6d02af461d73a2c9a
3734351813fabebe11bf25cfe21fff92
2ab6d0a04996d06d3cda3499d76cdaab
1c18d085da37c983f27513b6ce55b412
3ec5d1741d63e7aefddff0d60946ce51
08072f7218333a00b26b1ce64c342529
4b6dc728e979da80eb34bf3cc960bc49
bce01bd7f93ed046e3d732f6ddb130aa
15511dfac9521fb6db74e8d7cf57d0dd
f48113b4d442360c29482994c238b7a0
145e30d8efae0e92bec0d06f28f004d4
09c6d21abbc7d49d276c2d5ecf18d90e
0487b774d6cf083820ef0f85e9c0eede
0bf1f81d0109fa39206a21e7131327ab
dc893f00bb3e45722f1129e642b41f54
e8163fe3dec513edf5dec2d8dd79c093
1b2423b30af040c52b632a32f043d591
037be491bdea223bd92636a0b6c73440
e5ca32f8427cd68fc9d42741ec4bb4b4
ddbdfa811d8edeaec42fff74f418b510
0c6b479ecd17f49e190ff17e10cfecb2
c3a31b384962c1a416d0d5ae3fbc18e3
20cacc22cba1c5533fc0cc76e2f5d739
fac2e2c714010b77f29807d9d115e333
b92a08e62b951bd9dc4615bd2e71ec8a
2418e5e5f29dc169166de35cfdc43f3d
18ea0d3fc4ac4d0d461ced6ec56607b6
3e0e4411e9febdaff0a8375a40c94ce2
cdc6f2a8f073321924e4c40ceb17b7c6
12c5b404ba2be336e17f2031dbc9ffe8
4d892731e6f4c0fe01a7c90ab381e348
b9b7e6a9fba01f27f431de5a393d2859
36f8056cdc35e12f034feb55f87e3a1f
e7b23b72166f0a5ece2418e92db0f493
18c14667028115dc1fd52e78dea0b38e
05931a8340684c32e13e09c005b329fd
f2dffda5e128d484bd6640e5bdcafeb3
0a4a4a60f5ee22371a8e1a53205beb8f
48dcdfe50431b4ff09bb3cc34cf7cc42
d511fb02c217fd5816cdcb4af2433cac
27f50492baa11615441df48b0db9d278
150e2ba04a9631891b2b2fd548d7c26c
f91542aa0a5ed1f6467f47b6c58bcff4
262f0f84ffc4c4fcf1c1efdddb5b12c1
10a42c18ff2730d230b3e17af6bc310a
b8bc4155d2e3292231ec0328e10bdba1
104323cf2c41c9a7e4980163407b32b3
f00d04c4c50003912d5123e4d3c01943
15752d8b0bd21412b6bbe52b00231fed
dd60e728cbcbe221c3ec22c73f30c072
4bfe36e909eacd91249f0ee9f2aada7c
187e332e3894ed4cf923fd68e66ac9ca
25d6e257eec61c8f0e01d671266dec11
fab702371734353fc9a5ccbbf0bcbb0f
228ed642285a2949b422030cda8ac53c
f85f24f44df930910d802be7d00745f9
488838acddbbfd0d334d1058ba21ff9b
0c571cf4db30f1f0359c3cdd01f54cf4
e94ed7b8ffc12d8320642877d945dd13
1e9848f9162ee4d2097cf10947c4032a
23e613b2228802491cd4eb6b4349d184
c1c5fe0bb9ee2749d39b2d3f1f110f30
26e04077f6aa3e4645b22e14d0224932
d118dc0a0118ea3fed893a32cc444cd9
179af90a1c9b490e21de11391d3f031b
f8ae2ae9d75e01c1e6f9419c45070149
065909e8b842177ddd27e10128e02b28
f54a4bad3b64ccb113690c8f40fcb927
d93f2face34b0578e2284b912f3c35cf
084e0c68e676478ece6bdca80d1edc88
fdc7b64f1ae7d0ff3a7027fddbce4d38
cf21c0eb08d4d6f5244ae8d21ff6cfd5
34d518bb078e192c0943b337f218ea4f
106ef34cc99f00df09dbd7443bfbb3cb
dba73a753a93fd143132e62d0141e123
da72076317cc19e90226c0d70177c5c2
b97d0fde131d2aa7d52a1acaed79c1d3
ca2104aac0cb17252fd5d44e1be722f4
48acd50effdfc2b02d93caadda46d58a
bde11f994b9fc1fd2746c136f4eb1fe2
cce414a0c7db0b23b53f27e70779c815
d062e94adc5b26dadc2c0d70d1b3ba3d
bb96e6f6f3b2dd722f0acb5cd5b1d1a6
4b5316fbf664bcc10c46f365b6374826
d5beed1cf803e7b3d77b1a26231ed6de
24460793b790f47020011bb739d82c80
e5dac387b60215831964f46f11fcd465
d344dcbc4580f11b1e31313529c3cc20
17ebfa7e1863d63b044a0613bb4d18f5
eb0df2f2d9d6e8982cebc9dc13bbcaf5
37ddc45a370df93244c82cfc2229256c
ce60189926224c843d9f00760206b9e7
19fe3a93220205151d98ea8af1f92633
c41a4063ea36fe04f4eec2f3b9ecbf0e
f963d002f53f4238c337cb5333ef256f
f79af562133cc711ef2500913d29d51e
e44a3c0d47ac1e8cd4a3c93e3d6a0a6f
0faf3cc330ab23f2f91a0f8fd1844a7c
4de200d2188e3e3c346d4a991bf9d10b
d52a17fe318b107cb6263b4f3319e77d
bbea4aff079f1806170b3d39009c0013
3b4b1528bfd0d7843ea3180e2fc32bdc
c02add8e08823b92ccaad7582ebbd575
381d38644b75065b480f2b2acc7f150b
2197b23e0830d61916081362baea34bf
3a4033c8c3b5b3cee51b49fbe80010f2
b4accba6d6851afc13a3cb96b2c20755
f7bd389004922e4328acb973b1eebf3e
ba1523462c9bcf28427c3c2d3e6538c8
052eedb6c24f2320442d0201cd4ad8e5
253e4df537cb2fe613f8e2820ae2f53b
dd75e6a018370d05f80e1ef0b650beba
fbebc02fffb3b3b50f67c82ffd671935
2dcb2c3de0183e80cb7c16aec40d3245
317420f2c74529e625bde61f36a3f1bb
0ef50501e35c1d7b034b0accdc1bb9fe
c8821acd08c22b68eebb1ccd0f2ab7ce
f51cfeda35ddde5fcf8ab89cd2131db3
116dda713429d5e838df387afae51912
0d36d1c0e515d4fef8932b374304bc0d
c8f5d1c14139e66117551dd321d12cdc
cceacbd5f6f9d4a42f2de6ec24ffca3c
d1d0fc30f14c05c033ece0b32be7d221
4c71d73fe86c3bd415ee1c8b22360219
04ee35f2d933b6894c0037f7ec01e36f
329c0b083e3b1943e5442e41b4cdc34b
bc24c36428c5d254fd1dcdb5314a4ad0
f8f3ecb540f6c2f9f34721e3e7aed0c7
0bb93841d6e53995126bbea41f3c13d3
d1f630971f3ecdf7ff3611860e012dfa
06ae229814fbe8072987f8a135d64c3b
e13d4c42309a1a8b2ea61827e871d6c9
eacfc80c4843b99c0afc149934f8ea86
b4af0a2614ff3761296d13d6dbf9f18e
2f66d6aaeabf1a6ad8aa1556d07e0877
d21e0090402d06343546e52d47d73a1b
2bc54b32bc2722981ceff4d4fa303292
eec2dd0fddd7d86fcbca2de9db7cc4a0
2475dffd0bd1bd91ebf8d92906053e6c
0612124ed6c6c0af136db7aa12fab5fb
d5a6e77ff5a5ebf33e094cb1bd3dca34
ef3e33710559bca7c699c2e93ce30b8e
e05849ccba23e717be0eb781eb562466
b7aee8064805c2adb2d81ae821fee871
22c31e00f932f93bb6b3b8aacaeacf0b
4320455cf692e9a83e67f03e2069e54c
1f03196b209ae0c9eeef0c2246693da1
e66d487afa01de27dc93cea9d349d686
02b0ffda0f4f47ed2212d712b52b1214
d4394181cf13c6b440b6f4a1dd7cc9cb
4122cb961ded3f3c1c591584bf00db1d
ff0f29d54b79c468d173c99de98b45b1
d0ab2fe2bb8be8a6cc7bed7543c8ebc8
d1b2d1bb3feef904db4c4e16e2a9097d
09f4cb54d0952ae3de2acda3159a0c82
39f5265b1f454385f3101745f5c80a94
c1f6b7c9dcf1bbb5f712d268e27e2605
eb66248ff72de80718b7c30f4c28253b
022422d6136707e12b5a04e4354a4e0e
41fd2212f1c7f7100c2df77ed3941c59
bffc3b2fff3c3bc2368609fee7eaf700
1df2259c1471032213febc05b6e846cc
3a4228122d2ae43230142d27b525e966
1dc3dcbb03d90746ebf70266cf2efecd
e4b32100b5acf6a930013f4fcddf101c
09ed49e5f67cfd91fcdc253b36ec39fb
b968279ad3f50c761c93c47fe55dcb8a
f437d19408b5014ccb43396f2a56c565
f4cd3ea7d3844409ff09fd2bf6a61d25
cd13eff4b6b04527011e108af562b5bd
c56737c9ba9deba6c472460cd8e30260
184f4642bd8116863390298cc8e6e87e
108bf0531810f9e8ba43de5d2269edd0
b76f18f511c7b292cf52c9dfec24dd97
bd3613e64bdcc77448f0078b0ace37cc
f0d3f2cefec30c8cb630daf9f09f03ad
e7f8be9bec06cb54c6f4e0fec86e1de7
bca1f420bda0d4c6ddad205df2db4095
4287dbc8e25d3a7a29e12c2115a2e1c6
2c2fdf2a2e20f135c6a2fb1ec8d6303e
e8a4443008133a9648130cf8cd5e12aa
22b6fc62d738c727c1383866d51ff63b
ce404db6c794e5d628a536fe372bb4b1
39dd4102e31ae9c23a6e19f2eb0c3f6f
b76a2f36daf44d6f1873c8bde9f5e00f
4a2849bfdbf81cdc1ef830371bd42095
e3c62cc3469b34b538760d59113013cc
389d1791dee50af1d58702fec04b1b98
0bd2cf4b35291f9e112ebdbde72c2f59
1f4ed3d6f3072c90d0cb3a11c8d81216
eb153377fce213da3a7a0ee8dd90c894
4608bad71bd22502c82ed7f9ffb8f5ca
482abf3243dcdce2eb73babcf3c605e2
d66f0f564c6cf23be74db370f24ef01b
2e793678fe07c57808183516d989455a
ce442495df20073f3385401a0b25d4ae
2a3fb756c0f146a71320f11ad543b5e8
f7491e52ec5312a7c7a7d0eae5961fd4
0a48d2d5c4b6da95f5bbf15ef6d3de5c
b5b6ec21055733443138b79403a0e433
11e841e9fb3540b5047fe168c1f03626
1ba4dee32ba13d95141cc126f65f337b
219ed579f4a018aec3ca1134ec0042aa
c971c8dcddbb1803ffe1dd5748ac3e1c
f7cdeb9ccad5df6eeaa9d535cac82f1c
c90fcead44f5f162dd191078de143368
c61a080bc74af656e1bbc6cc1a614185
bc7c1c6e2494b5401cee32a2dd55b21c
44b5beeecf5df46f45c31c64dedbdace
18becc00f87d2fbf4c932dd1fd81c597
3ee13cffdb0825f707a517a5380039e5
1df71b312eafc582b5810b51091e0453
3b9aba2b33fbf2cc2d02ceae2b0c409b
19fe40e1158233c7152200a21b780ce4
c79eb77c1afb130dd567c67bfc3fd7ea
0cfe2a1810934e16c2a0feaf3ab00fe4
ea90d711e7a6e467b2bdd4f50c91eae1
0c20252b1497355bc4a706a7e6c34700
35f3ebd7bb0ed0510c1ac4fdfc3bf73f
d15212f312cdf6c11a38fd0924bd374b
217ad7383ce8df4505564a10de96d6d2
1c9fd0e5f65bef77e3f8caee3e73b93d
2e9cd12901ac03581dad3ee1d4bcf00e
c8eafb5745564205bdbad6d000610897
cf4e1134ef5e4430cb59feca0fd2b589
d863d7a4f698c9460240fe1a2b6b14c1
dd14e6750378e5550cf1334442fbc315
2295cb4ed3e1189bd379bea21852e94e
370df4a5f655d8d6bdb70a80b6f11004
307dc195f8f1eeb3c872b5ef1206f395
ec01f89f3854b51bda96b8150ad53434
22ad1513dec3e72b001e467efd6cd4f6
e3afe0c0ce762c9bb335272404ed38c4
bc0c49d2be49c2f34cc724a72d731270
e45c4c2dbba53a984d8ccd024a9dd739
b5c4d321403ac037db13b30f0bea022a
c6664d99e84149904699f4b5ef3bf199
fc24231cfb4ad909dbe3c1d73b6dd1c1
fc460f704093066f3756b5f4e4e51b6c
ba9b0cb002edd5fb11a408a6cbc23a3f
c032f84500c7e37dcfc9d67be695c13f
49263263e9b429c0f55d289846f0dedc
3ffcb8752e5c45f0d28c17a9d5912e8f
f2fd37390dba3106b7ed1f38412bb6bd
25e336be4a5811add176f49cca40bc9d
f594116fb51cd300ed82d001d401c5ca
bf7cb26db333c5e0e4f0c723fc00d3ff
289bb7a83856e3f3c2de30fcb56b31e5
ba39492be1e0cf6304d84d821796cf40
e9040f171b1528f51e78e53938e017d1
fe2bf79e4ce52688fde517a8e1af0579
e0424b54c069f296cdf4f29ded06dca8
bb9ac5fdf8c2d6d0288ad2dd06d24be5
ef6043293e6becfef10932d1bdd73bdd
2db4fe26e471dd28f68530bcf92feccf
262ce7d4e63e07654182e6550dd12424
3e1603c533cdd43ff866d1bac1cff076
c043b770d6c723ef09e0e9cce69fc07b
c9cb02aaf863bcb02af4fd1c489f1a3b
41e42f70eeebb373259dcd744baa2c92
e20ed7e1d6da1c3b09da1e702cca4b9a
01ebc990ea02f1e64346dd610f0dd00e
1dea4625370bc4c100cb3d3f1c271301
1f49424ebc303824d0abe2820091b4f3
1170e6244d4ebc43bc95387de10ad3b7
b2d80fb6e71f0bbb2f90f235d8b21b19
110cf5b0309647e814430fc72ee92bb5
f7baccd2299335661a48b73ec4f633a0
356417cae41a1859efb4e3a74a210f4f
d5fe408f0feadfcade1bfd982d0de034
f88ddadbfb00fd70f55209afe96bd8af
ebbede5a087628c2d84ad199f016de7b
3adbd05a3c7939f2d2f6332fbcf5c4ba
dd6cc78945a33dcbcb934a600179df94
ca6332b44c082821c82f2355088fbb35
1178b285ca0edee8c23a2d714356f2ed
3747e3d642c9bcfbca92dd0bb2dcec32
cb72f3e8bc142d13da4b4ca8f556e14c
2a8e39e41780e81af3724520e6e3c232
102214eae072123f21da44e3beffca48
c14f0d6dd5d4fb7c220d29612a69fa0f
3a4016da08160a1d3c2ccac4d64b237b
0d26fb9b2a7d08c7476734dfeadaf45e
4b6a057efe2ddce1d33c4d94f97cfc12
babd33cfb4af1782d788f0212592f1fa
467042cef0c6f29b4554d72210e7f4c7
10ba23473078b970e3c9d424041ebd68
d9b82d2fe3f0e7f64a263b3edec2b9e2
46eb0761d59d4c21d20443ce333df45d
dfa333c4cd77bdaf20fd07ac0695bad6
d46e31410134daf913a33b2cde55b507
da2648b23705b881348646c34035f94f
fb2efab82de03a93e598c00cc0e61619
42c933e2304a1474f70f2e2701411327
fe914806bc58ce57b35a0d9f26911eb7
417b4bd435bfd0ee1a78bebcd9b5ba11
ea471b7df1064b50186b4970180bd713
c631beff1805fd79d8c7ecc3c182fcc3
0d8b4112dc80178448570ffbb2bee940
3d2b37eb1f33cbe6be8c4a6cf83e4a57
e4044ccc1b1b0dfcb47bf8e8d3be198c
094f209ff47ef92c097517bff791b250
286fd5f712bdbaf6bbf2b9b6e52f3346
1368fa13280539934d32bfe40a3e4a35
385817acb6ed0db02b7f47e3132dce51
db604c49ff25443c1df3b7ceb78311fe
17c41f8eca6dcf0d104e35fdf7774511
335dfc5e436aeaeb05b42aac2f49dcee
1f6842dc32520aba0314ddd4e83f430c
d7563262bb713dcdc1a8b6b128b3eaa4
e5ebfbe94575217318a513fbe064e50e
cf90132ae39dd9cfd2ce38b0306fd045
f52be4a13d1829e5252bf4e5e2e60861
ced93f69e2f9e5f8df04f605257cc21b
2a4bdfdaea3c29f44afdc509188920f8
d230e60f4536b63fddbd12b12803e60a
224b02c6016f029405eb13f345583396
eea21976eaf12df7f99e16b7c9c7d829
bf7c37a4dc781573cc5beb52d34d4de2
10dadf5b1ee9ea44ba580f31d1d0cb43
27b0e24d2e86160f3cbfbafbef84d37f
3a624969f07ffd35eecdb726dcf934e3
decae36823dfcfbadabfea41dbb3b9d3
b249d1b60df30921292bf46af217c45d
d6d8e1930dba14b32768beecf4894b98
f079c425c488ed8fd21a019109c609c1
c6c2d4b1d270e22e409cb1ebc7dfb1ed
d92606e81f9140c4f4abd1da0b91fcd6
21d7f4e8e8f8c849e6a54dedff4046d7
be4e1992109cded93f4307371fd045e6
cffdc3acd5f43a8b239729aff45b3d95
fb60c619f052ef783ddfd6c3e976313f
337ffac6e12338d7d3324d7a387118b3
3fdf40e7c92ab6ca18ecd5cce79940af
e5332f9ce375cc60cb3dd4af1b42ca52
3cffef81e958cc9b0edf476ef4d62b79
2a4322c4f3350708c4852957dc70ddbc
361103efe54ce8432c774da20b40b612
286ecacd295231892b52fb3539d53179
d87b19ed4077ee3a3cfbee25df8f3a34
08ebe896c02cb5c413c6e33b3d7830c3
e98832463d583337f112c8ea18391c6e
baf7b4d0d503fd11bf73c22bfd312faa
2e173e3607303773cd26b946e0e8ce0c
da25ea82b2532bda29083897bca53559
c5f520c6beb8b58d3e03e490d58e0cdd
d22115ba32b314bde4e4c0d7ce37eb3d
cad93a34ccf526971095fe06f2320b15
2e8ff747c9eccae21ba1bac4ceee3d16
d23bf867f0c3452ad98d3601b64019f8
120fc862128139aa2f49114e134210ee
370ac6580c3f24fb078ffd3ee6b034aa
e33d174a03ff28ee0524251712b5dac8
0567c3d3ed1ad437d374b2c2c3002bbf
b9b415c42734efdc22b2112714babe12
baade271d96501ba11cde4b2d411e1d8
01b4e1b0ff1ec786c0a036c9f09938c9
fe56dacc41284c8be00beff50abb2f0a
44c7b5710dd0e5aee12ff4d33bb7d640
ea69db30090a2117fedd011df28106cc
13c6262e2647118cc82eb40abcf9128b
e133f9bb4c75363812be481ae4efe513
ebba3d35dad13482e5a43c1ede4412ce
29d5237e19d8bbcce52cfea8102f47fd
ed2cdb6cd5ba263d1225d8b9c9b3d0d9
eabce90e02290f3e1b5c4812eba2e3ee
fb6ee133d0563527ca05d85ebfebecb2
48b2fff8e44beb6243f9d589b30c1223
e260cacc252cff49ed203aa7157d4201
f63e1a48d7f6d2270402fa16dd9f0f84
efa8369d4b21c866d2b1b5c33bcebb96
1da3dbe2f0c9d271b462b6a9e44f2c8c
e57b2c193ba4d75d268f2d28339d1d0b
e5ba1420b77e3d35eaf1bdd6fb122bc8
e96a298ed1ad0deef3cf4d0fb8f4e47c
2bad3d4f4af8ed6bd9dd4c6cd2a2216e
b25dfdaaf28aea040cb13b4c4bf0ba88
059d0669e34003ae2371f68b13f92c48
d350fd77e1c70cbb47b80446ff5145c0
1d38d5fe43a2138a338abc62e8710ad1
3a9bc09dff37f12e3ef9f7d8d73ffb9a
c42619fac417cdb83b7be9c945ab26b8
357bbe10f55922aeb339367b28e90ca2
b202f2efe7df4acb4a1be989c9fb4ab9
2e2ec38ef2e628800c644b03f314d22f
fc6813be0020e98f31f110670fc4199d
c138e90df373cf3d0769ec4cef0ac6ef
102dc2ac2bc5d0b3308c49ea26b4f245
ffbe092af038350bd154dde21842fc0a
e75618c83a62e906010ce42f1181cef2
f244cfd4b6c8e1792ff5217d1cc6b910
fc9b3e47ff2d1314c9b738c8e02e25ca
09fbbdcdbbb40ddce427bafded282134
d3ff4739e72cfb19c5cbcef8d9013ce7
01f6b80be8efe52c01342983bf35f819
33a0095bc691c793440114414a35d4e0
c370c704e981dfced409de95380ae4e3
1883b9fb3a423fdcc829dd17406fb9d6
bd2907474179b6b4cb73b3e80076c4f0
c088d2994918ce990e25ea3002b2411f
37e4fd9cd97fe8ae3eb23b48f375ef59
4b7ad6fcebc4e6adfed1322b18be2c6d
ed41c185e1f5fb7ddf60c4cb1883c717
d5520413435e2fa9e30b333ec56bbe3b
e99703ff21591400df1e41b04bb0e8c3
f7b12307e614fa2a3ba7fb58d8af2d5d
d64601c43fccbd852e5e3fd4e8a20de5
fdd31455298ccf3d03a3e138f3b81a1a
d2ebe1ac0e044822c230e1a9123cbd1e
e683b7b123a11ecbe61b17453512397b
0dd5fa841ba63623266e4a35ed8e20bd
c771ce21b65eb9d6d3c1c00bca77efdc
42e60e570dac4888c5a725e0457e262c
1285f901ba823275cdb5ce0d1932e072
ba37ef3c3df23919c7ab3cf50d78e4cf
1f74fb13f519323f27893b9eb410d853
35bfeea84a81b794c8f64473b279efee
e07f118ed89cb844d6d306c947b92952
2789cb0c4262ebe22ab0bea8d23633db
ea39472827a1b60148fab785d8813026
20a923151db0e689280c08494463341a
ea74c5ef407ad781c58603622835bbcf
498ce32a43de1afc476d2b22cac9c52c
05b01faa0d94ce9cd4950832ec55f0ed
ca85e072417029401cfdb1f220babdfe
2db904220153ddb4b4a9495cb537c6ce
2306ffc8106de8281ff5cac7c45ee1d9
dbdefba13c5e428110084272fa01d616
f17ed629204f25daf34c2c9cd328d478
11ad2ddd23c1fe0e4ce4bca7d57c0620
cac8f018137906dc2609dfe73dfa0c9d
17a03909d7dd2a7f01e2e6e2f2513e5f
d3b50c4c47fa012db66b2232cb0723a6
beee00d71ea9497c2b382d261301f2e8
c70cb8512ee544fe0b3a3924384e45ec
40ba152de65ebfadf632f986ff702a7d
ced63257397d455b01f0fdf7edcd2333
0d36001efd3cc3144e18d79b0e121423
1d0ecf62da0d42a7cec8f228d02edfdc
bfcc003ef71dc159b5b80a7f322d1e41
babdd32feee9e3702bb443a8cdbe205d
3af22f4832034a10159cf791d5af4450
f733e396357240da10e72f0ed3e03fb2
2fd444d7ba050c3f3738bf1fd616134a
d4fd35b318371a46edc01c1fd8a64c66
e385c30726fffeece9f4165edc6cd45f
34e116c3b9d4d5d010a0452bc8bc1380
e3e4f17feb11096016c502073e97eafc
f8b53a83b7b1ee9c32ecf2fe0f13f2f1
bf0d40c3d253fa4e4be2eadcf8b4cfc8
c085cccdf7aa0d77fb022ed3c9a20777
474241dcf81523223bf836d7bd16c5ef
c78741823f44164436a51beabd90f572
36f81e31c5afd83cb9cad217426f1fe7
275fe638db91ea731ab00aedcf5a3326
d3df00933d76e0ba0f24466a2710b334
162fb601b2b0e077cadb01a2f129dd32
dcfd12ffb32846971126445149220544
d56a2b09f56ed772f74518084dc44be6
fe66d25a40fcb678467fce3bf3850b3c
de5242804ae7e66b089fb6e517864969
3bf511a51923f650b35f094a3d2818ef
f50815c030d6f9f2e8a4e546ed93f4dd
e88e1945ec33dceee0ee223ff52727ab
49e6eb0f029ab3d2cf22338a45bf1b72
df1f2dadd1c0e54ab67ee33d2423c05b
eac62cffe3c6f2ab2ea20420468a05d1
237c49c6d9b7c608b789dcc2f7aa077a
dc2bf34f1d5e1ed2d577e18dcb0735ae
f718d98334412d9aff890adad260ebe8
e98c18bfb652225cc1a13d394689138f
f4aaedfc34a2b809f007c226d66a0fb1
3bdac723d0342bed18012434f216191e
25adcd962f8537feed8c3dc34c4ae9ae
073f47f20c44ebe4ce9abe3ad1bb24a8
17b04752165326cab933dcdeb2684615
c908e4beb409279042b7f4e7078b09f2
048806fd0833038c439ed4d828971065
f3d9b27a009dbd9b22540f73d06126a5
0c0049c4052c196cfcef21bacc741927
b78e3984b641cd623ccdd8cf3b68b2dd
fd28df45465a105dcf97d321e6cf1b84
ddb9dcc1ed3ac378d4a6df81e500f6bf
18dc26e8df7ae1893ec038d437f11f73
c7c6d0e413112760d9f7e33f44f247a4
377106ef13781b2ed1fbe65e37702f5f
bc57d400d252393a38cc37034362c514
b6ce2d1f3456088741b02429e746dd89
3179b8dc3e03fdd7347126d1237af543
deb9f46905063e5c303c3b52176c0e70
c26db510dff3c97626d3ffd802b00339
288cce3cc5a6ff912ddc1caa0b15131d
439d1812f4954465013ac3eb08713bb4
db800956f720cd2ff652eb2d0bca3768
be844582d2dfb6ef3b7919434aa0ffd3
3c06f9e5c26b1ae2e09121c800e2ed2e
49844c76c316c383fd0ef7da3aceceb1
f24443a3e620027b3c924a8243040695
13eb483ae61b2329fe61d61231063ee0
f2580ad111173a98c34bec2313f20399
c9752e7d3fa4d9eee21c3f3f348434ab
2d83c5ddd517c40c249ebef1d53c3b2f
2ddf1bf12a7106efc4ea31bc32344dd2
022fb68137a1f563423b48f3f879d88f
f5dc38dae29141bb32e6468c4c4b1b4f
37ed192f0a072262bb4606701ad6ebf0
d95feec1fd633ba8d5a03f2ae0e8f8e5
cac62361f0eeebf405abc2f92e85d5dc
ea15b9f1d3e4e34fe693b896ee0939c8
fad0d9a1b3e410aa0e79bf65bc85f588
3ed9f53ee563fcea1c224284f6eb2c6f
d0dedaf1e243b5ad35714d98d6c2022f
358ed2951c24cb420d2d388ef3c5345e
19d745efe2f115421beebef94b10c9b4
bf91c2c3c235cfa6fdb73bb73b5f077c
cdcb2c97bf53cfd6c9b3f0a92705dd1e
3a4201591cc3dd462f304af0342829f5
33180bf9cd8dd1f1e23be0d6367bba99
043dc8e1cd96e474b76ed078361bb92d
e35eedeb03cf3557e508e20ce2ad0db6
e1d5d357c4be3a34c26ee5ca0b78b5d5
c096002816a0ee0a4cdb2f20c9c2e76f
f57fc408c819ef46e0961729496ce84a
b2fcf393bc4636aef483448accc7e114
f70ed8bc1c4007fdd27ef12ec14dc309
29d63a76b265297abf27bb52d3fdf43d
d38eec2937e62df844973aacc09bd633
e309c22f03af38c148ba06d329c4391a
10253d18310b38c4e64ddde73b0802d6
352336d53778c9a2f7ec2be022e4e1a6
25f6cac5c45043de455bd5eefa6e24e0
f83ecf881ad6df9042b8c9df44321442
20d839fcbd2ee659175b290b0670f86d
cb4fbf7e482807422e9912bf1c62cc4e
1cddd427f3141d394377ca201334ff65
e1a737a0f368c45d2c592104f5e9f5ff
ea59c0a6d62b2d6111a32bc6d7dcbeca
dea33ec8e1a0bd283a92097f0c88f40f
d0bb4be71d4dfc831d4dc7a84780c34c
bfc2b7f325b6458b13bdd742becb183e
2169d2e8be1040fa09aee482b97ad5b4
484cfec5d18a1da9bfa9f59c3f4c1055
bba0f8d13f19b2c8407e266630f2253b
e6dc13ebc99a4774f795c37fdcf62ff3
eb79edcfd87f1b53103fceb2c07114b0
f6191fd1bd9b006cdf6525160cfa35cf
cb65010228cbd1e1073b0e72cf0c1647
18cf4381e9102274d9b02f2c1caeebfb
1845c97e0c1ef083d47e42ae080fe0d5
b966dc6cb31e4b9736880fa835afdb00
e3130d35cdc3ec2642040e81cde0cce6
002a40ff0a9f19cf40093a6fda122178
e271f757c819f7a61a05e3f64d23c353
48d43196fbbcc1c1bad13e17e78041c5
3cb1f55fe67edc9ec3e0193d47a0c70f
eb90d916244cd275dd77427e1adb3e24
f7e0cb46b701280838d346deb4cf0a62
ff24d267fda3b7b4cd951bcbd3682f9d
b202c1e83f2004f7b5560bbc15bac617
b8ab4c98cd5bdf13b30fcff43949defd
c1df195d15863ea9c6a6484ff61ab862
c44e155c0ae6f366c1b815f7d8954664
eecf1d77b7ad3b73f64d0d6e209e45f9
0605ef890cc5b2d1fd74be7530d3d546
e3f1c5f7c498066f3884dc51e81439b6
34371379258409362c31c057e2f3f1d9
c7fb2590ec0f22e12deed2f3104df52a
14a7d94f03f64af51a861bb6276921e8
42afc9563dbc0a8f46d03315dfefd1f8
25951617bc9d33552963d257b3d2ec5e
38d1fc940f75ca8bd44b0a4feb98dade
017bfbb4ce3db2dd0010204bec164b17
edb4c4734304422402e1fdcfdecc3678
df520f37c50d347810a3fea5b4e0e2d2
fda618783dae176fbd3ff291ce75d80e
b9041cfcbe99dd0ee452e25ffcb84bdf
0d114c6f43c6f862fb9848cbd177fc00
f941b8b83a45ce53e48cefa7cea3eaa9
c6c6e035dfc9ed89f523c8fc335236c9
0a6be65be93d15ff31ca39902ca64d4b
defaf5944cf915d51e18d2b7dc281149
e3cff8ece3f4b90df4e8d2f7f2d319a9
c0c0f6a9c19e1abae658b2ca15234c99
c5ec45f1e6ecc8c5392d34464b8eb3c4
24474a87f71c25e331c84375d6504892
b59911fa3d0016c2d053dee44904f8f8
e1f0291d02d1f88d02101764bbc44e19
f2423714146af06703704a8d0f38fd5c
fef5d95ef70011a8004f485fd9e6d345
c6d6ccd4d70e3f3618f11910063140c8
fec50f2e23f1edd43d1821b5ef42e48f
e2ddc96504daf9b82081f8dcd6bae802
1faa469632fb3263e80a20b9c568374d
0e8e3c3cf9f34cf2c2b214370899c400
2aade825ccf53db83b7ec49c25cb29cd
bb7141c919531606c8b7eda1e7362c75
b845c092f65a05f1e690d1fad1f53442
4443e78a1093ecd31640ef493a92de56
e855fd62fac6b6dfef29df3617d92ac0
d6084bd8cee0d6b82b26278be75ec573
eebe37070176f756bc0242700c433a61
fa2acba0da47eeab377de8500665dd4b
357ee2dae7a11f57c729bdb5fb30346e
19c9d84d14f142cf110007c91723b2b0
ff39118ff69917fc1e73b33522a6f894
10ca073902de3859d18f296be4683339
e4ed3199257416de18aa1efa25c6f352
378a118dff1331f80f1df9f6cbf52f9d
f515c94c1085c9b50f9011830a901f59
d452f641c9ae12951ef0cf76cf2a1630
ddebb914cc6dc34dbd213972cebc304d
e8222ea3291027532cd9baaecaa8b9c4
4b12c3450614fd71cf64e312f0e8eeb1
2df5ef03dc6c4529f900f2793019e777
37bbba62158bc58e40ec22834a22c574
d663c409f3dcb2c7e2194ce0dab4b3f2
3d0d2d1eccc917c70efb362eba01feed
cb270e39bff11e87090726bf2ac0efd8
cc9d4076cc0034acc5a5fbcec61cb6ba
f024cb4de2c41bab27cddaa92a7d4b96
2d440524d7e5b452ee9bf3aa1ca703ba
3a35fbd42906c05ac97bc4dcb9703cd3
d2b2178f2c1a3ac81fac1a324b49e6c9
3f4d18210f074596114d105232fa02cb
da6d3899455bf055d001d4d7343cdba6
da824d2ccfe0f949d57ed153cd4fe5e5
0913bde808cefe470ec62055c5b32239
bab9023d196c137740adf27348903890
22d3c8eb0a6228543d9c4b833509edc4
fa16cfab4948c7dec48f2e7db1f1b9b1
e5d6ea8f42cfcd65c1eb0e1e19edfc46
e2b939d41214e95631972eaa28eedf34
de5c4055089fcee746b002f0ee0add23
212f2a0c24babb2e0ded18850dcce9a4
1a791dc4e1272064cd1c3104429c1ce1
e6e3444ee8180964fc3625901aec3a56
c69c120632b7fddcfdd2d591012bf9fc
d0443d00fb44c51aec06e7b84a8509c5
d3bbfb96d31cf155f371c0192a53c113
f6794c69decdd38b20b2f74be0e50639
b3e03e23380103ce05744643d3540a04
1274e259b713020b26281efd29fbefc3
1b96064b10c20a4711dab9f9f4fddd9f
fe590f5df2e9e4ee0dbc126635530311
144cc2c9e6a313e02689d16c4a172eca
1f39e2613ed510ae0db40f47da41cbd4
4449dd552769e67ae2d5f5e22001ccf8
0785162af9ae1fe4eaeabae6cbf5e858
4bdc317b38df19502b6ac6f63af73dc6
bdfdb8a42109c20d419203470ac0fb68
15150722224742f148e441363d103aef
c85b472034a5262b0037c31b1ff63061
408739f345332e9d3d3f2a9cbdd1d42a
3e8ed4952e1327c9d02b2ae9cb912415
0f6eed15e503fb33f3d21d5adcec17fe
dc020fc208584b3eb84e3044e4862c15
4bfaf793ba16ce511777d07ae43f3d93
d013b5403c702a6d1690ec90ddb340e8
f1cf3982c4ea01d04b6d3fb518710acc
f166f63ff269bae0eed5b831baf644b9
d692f70ad0fae2dc15b224792e04c47c
1fb2d9fbe908dfd4c045e2cf2fbab9ce
3aef0a1ac49d3bdfef311ecac367010e
089a375400cbdca3dc822df219b40520
d42a1885ca36d47038ccbfa7e8123aad
ea7bc5b125e0ea7d32a7dfde22ca0566
cd231dee249ace9ce45cea4903b7d5d5
f7111fea1942fee10cdabf11288cd715
105a31d542a4337200adf07742021338
12ff4b5c3639edd6f52f02c141cc417a
e0934874d6dabf311d254bdc456741a4
fa9bf972297e2b9ae0e0b70320c4c116
49cef230f91ab90d01e5dc09fb07020b
e52efe933d61f2ef0a08f84c49e9f7d3
2358347ae4c4372e427acc2efbebd3e8
d2213f1714270ce80c14e3c737b1e35b
c8a6f2fdd527b8e1def8fd020d90c144
d08b3abb12544be23740b5a6d523c15d
47004ae738eddb7e0e5227912cb1d4b9
3e81b37e2bd90df3e4fb46ed2d7c1840
1bf62e5723c02f543129e202c8221b71
ebe21a6ec7c6101d05aa090dd25bca39
dee7c8321feed8200723fe8cbb5cf2d2
158b011c3afdf05a1aae20da03894b0e
4a8c00adcd7645c9fc8bfd831632d952
3eb5d1bade15ce1137b6b824d0dec172
ccecb62f2b7bea35d256cfc6f0ccbc6a
b7a31baac2d50f4e0e03f156bb60f81a
457a46f03d790722285a0cfe2057e6c1
3e49c841d2c8d35e1df8d9544730c863
cfd63aa432cc360717f0f0fbded41a12
1bf0ca06d8fcdaabf99e35d4edfd1ef4
266b2e27ec2c0597c246eff30dbfb27f
ec202a964c45ec533fa71cd3d63a1c85
cbd73a3537b4b4bdebb7b4f00b731330
f91b0635c988c7d5c7a2cbceb1faf54e
d84dd8ef00633211c7663dd64db64171
0a061aba239dd12f113cd8894a380963
dda6e019e7d4db72379df276010d0466
169f1220c952f6f6f499ef060a6a13e2
c1fc4522d42b047721684a673445e6ab
fb91ec4414490c95b7adbc5a337b3085
3709d5701f28d252d2054ac60fece529
dc3dceb13c6f48114cc34886b37ec720
b299cb84e76a12f2ffc10a03c9bb42b5
f16ffeacdba618a01bd81e54ed5f1ffe
ce510a1f0a7fcbedef66edb8d488df97
d4fac45d3ca8bfc01d03cf50dd89d510
3613e6fbc7b90fff138726de027fbe97
1a56e30e32b14774db8b4ca9f56dc7f4
2e2af551d0ce28024896228b4a37f729
dfccd49617a0144af9e32ea7c8a83893
de0c202020813e05b6b4f28444b1d240
4d2db488dd433c3a494bc2e6e12a1ea1
3f40fab0de2db8cfc5f50e4732d64557
055ff6bfec2736f7fd7b26ee0556c8fa
ba7ef280e483c87833e0129145cfeec1
2501249ab99e3b33bf11c412bea1c3e3
d7e3f40acd862132ed84c96ae422e582
2c28de06bcfe0f89248a1edff44b2cfe
3e07372245761af6e81dfbeb4950f572
ed44e686f0321bf6f442f1082152ca4c
1d5a146406a3081b0c9e2b1df2e5b85e
e77bea8b1220c37d0f4c1784ee6a4068
eb88dd15306fb9fcbc3b14b1fc6043e1
42134a803e1ee3f4ec81dcd227b03fce
3ad1f3a8e413fdf9b937f3f821bd20d1
0efdd878f9a5407e3c4042b2bbdd410d
cb74e56a21a5f22dd47d45e802b8482d
40f5cda5c99d2cb8ee6feeec36c70fd4
41e3ea8d206644482e5c394abc79c58f
b9a1077cf0bddd9601d24a09025c0269
e1a9c01d053fe05d4377d113d7f81886
bd49f23ff96eeb7ed43fdbaf4ce0f24f
01ccbb2b05fcd3e4b5a5248be2d3fb3b
27253bc83044e3d0c91031ad1fd7c329
e87712b7013cf8b11e79e3bdd886bc4c
d8aa2224cb5acea43b03cfede2e92c86
0a4ff7e3237f2a8ab2030d5834a1c29a
b73819bbf674375bdb9ed47ef94a1018
253fe23bb97dc41bd5733f601496f9a8
e1a60a7e0fcbcf41253cdc9c180f3778
48a0ff40eb9ab6b31ddcb36ceff5bbb2
2400bf5ee48c072ffffdd0d74b2bf022
28a0e0ffc19b08c6da9c3f21bda63e8e
2965f2cfe51134643407d9d142e3dcae
4236497807e3f5492fa83537ffb52893
093b2909dcef16fc243937a626daeedd
df3ef7fdf1a6eab0e852bf86caed2e5e
e8eabb0d13500be3ff0013352013f814
ef2b28f4caf00e9007c631174566c284
da2c36d2ff44122c19ad4b132dd344da
3c662710151432e733980f52b39c1d00
eaf0d253f91e4ddd103bb41e447d249d
1aff0e72bc22ca432d0fbe83bce917aa
3b52d0fabb570c622ffbb579dbe53b38
e3a709533399d44713d11037f2371c93
0567e5bd4a883799c7ea40721ba9c60c
bf91ef6f0a38b846df9ddb79fe2b1204
090be0a1b4cc2bf736f31d91d9a7b922
29a8c87528083d58381b23c81667be05
28b340b7b373452c395ec4bac4f7d39b
b5a31367caebebca3f5d2d6af234d3e5
e653eace4757469f4ba80a954d311d47
eaabee7014a8db2fbc09265dbd9c3fd6
cf42202d0445dcb11ee72c1cde6f4c38
111ee9c9b8d714b94a74feca393d24dc
0f003cc54323f16f128f4252f741eb1b
453cd260d827b597ed78b95db81047f9
2676cefb3ed51734bc114c01110cc887
f6aaf47bcbf9051f40e2d3611786ccd9
082315802a87cdaf2c74dca70c094bd6
cb13e7e91b370d452d29155a3124c935
f3b1b5dd2739d2c9c5cc4c11b5b1f82b
e9fa123cb2bcc701b2fc0ebbe19f214f
e27e13834347200dc1a02617211accec
1ed3b1e6e80b1823071f4807dec7c603
4de4cf674ca6c77cdb83c1e925f1bef0
1c85b343cf4d10bee09ff92519cde88e
3e4312aded9e3625dab10758bc6b2b38
d3a041d2005d2cbd00e6eb48d832bdf1
cea4c5773a131b484a453af3d3d9cf36
4206c5782ba002c5035545823113107e
c494f57c050fc6eecb13fd1b00f1ec29
ba000a64ffbcfa8e49c5fdcfdbaf4a01
159cec85f59ecb18104d0a12014cc234
00c74996e6f2f23cca38fb47ba8243eb
e4b13c20fce5248a48102d1e3ab4414d
0c8df4f7ce97f54f1be82d48bc1334d9
11da36ca0af9ccf7eea040d8cc6e4086
20181e2211ddf14abd1a3a3d2ff8d7df
d3f2368f33d9f810ef6545f72b60c208
bedd21e5cc66fccc3f6312030d580d93
08f4d12ff9c6da16f35ecc47cf93b2a5
f7e6f5411850c006d867df45d09ee3b6
28eac117c45b2e4a1590c9a1e7fcbc6e
b32515703baad66ada23c0104116c914
4c05fdb62bece1adb33ae800cb9cfd7e
4934d48eb8be1a4a02933894fd511a25
286d0954cac6314e0f594d5cb22ee5a9
0a5b445bd115ddeb403afafd476b47ce
b83bc55cd5132bac020dfdef4db2d470
e377e544f3cd31ca2800f4a705dbe6fa
1fa90a711efdc37b28ade136c8da44b0
b62a2d89403ad5b1dcd8cd3a4241e405
3f56f7d1b6384481e38fb3ef2bc7fa07
b750ed83dd0f0bdf0be7d5cf10afe36f
e4b1ffa10999360ff660133dc5c3c8f6
dbf6cd9cf78645621861d1c146a82d11
0087e8722f2e25b8066d35ebd08921f6
e33ec11eda45d161be9b021ec1892398
0712b3ee3b051f0adc2e17f4bc093360
c2cb16f0e9df349ff96bb96bf9cb4142
c0522697cbc01435f6a8bd6c20f54bae
ea1b0c1346ac25ac4c48c765c16fc975
c127c928bb39b3d1ebc1e37c1dd3c029
433e1c3630b7b9f9d752024be51fdf1c
26be0c9c30f10566d140cdffd06de593
e3703caa1604194bdf6b3fcf16aad249
ff6e3622f953d2ad27a64ac3fec92046
15a7c2b5bb62fadad865bc9f17fa2640
0167df610c96d725b3c0eda6e220c20c
fdb81f93bb30bd462201d9e920d6fc04
1dd5c8540bdabf294d01bf2b4999c570
0d69de57d819ef8d12e41d0817aeb607
dc170987f6b04074275bfafe0457cf7d
1da2e9c83fa4ee38eac6be46faf0dbd9
ce11d08a2a53ed9b00e404e3231705b0
2c291502b404372005370f7e4b9ed788
d78825d2c8030810cccff2b5f69be57d
dbc117d01392d4ff1f2d2b40c687e247
3940f21ebae5f74ecb0921eb1654bc19
43e5de3ee9eeeb6c00e3bf730390bdc1
fe3e0311da49eafa0032bd5e046e4618
17c2045e476a2b49c732f9deee7312b3
b8a4049c21aeeeac0a082022ddb719f4
165a34ce2454b4351762f19d13d61ca8
487f330fe2690204bc40fa1a4aa918a2
37c43c35b22c25f3ebf21a44e67c4a33
4c41fbe91716e8c7ca40b5002de7ecd1
2bf418cdd5a0dc64da6bbce5cc7df5fb
397db6aaba8cf76e4844094bc5602bad
095ee6ade80431064a4ebce643431c66
f1d9211f259dff4f0101da71ec90d6cb
b65210444de54837c87e43f14838f4ab
2df9264bdad71e8b412b161b1e1de2c2
b42026cafb443058e58326744247b5b4
1d52be97e4d8f51acd0de5bbfc0e06db
278ffba2068043c11adec4d447ea2e75
f8f434b731901e88b748efd336f4c357
ef2848e6288917120ede14ee26b33212
e40a24251c7630b5144cdd39b99fee52
399e29a0ffc9ef1adef635e341b2d11f
0b1907fe0571fa0f012502c723f640c0
ef7714b4deb5da711951cf9cbbec35a9
16f3e924f476039d3daed9623a1e2813
c9eb4c5eb612c05e1ae81691d2ce0b9e
e206d170fcf70338f0abda5c1a8421fc
efb8be140b231ed4174507473ebbe9a5
11d6f14d3e4b0183defc061cc1081a72
47ceb9514aa429ed25b9e711491e40a4
bf64b97db7d3cbf24204d5d225d60bf6
38bb21d1305bd0234878dd16c0b5dbcd
20eaf570d569044f2b3f29db2fd8d286
c357226225233aec00cd11a51d6cc888
f65dc02c096d2cdad48fce0627e5db7f
09a333060964b399ce5f07e2b903d420
c6621b8f3aa0213b3805e2c0c68240aa
0347fcc345c8b34b23684dc105e304c3
3ebe29482a79f5ed194ac061c294c221
34910e7528d6b494cbdc3bfde021405a
086520a41c9a003fbbace4b2cd6b1a60
22e4bf9c48112366cd67f85a2494281a
158745a122073d8416b6182329292377
ec133e9dd5ee0aac03d3dbaad1acc345
d67aceaffba409850f1cc53ac1de3839
0eb417d54b6f210dc75ce772f322eecd
02cc0b3100712a38d87fbee6e64dd51e
c462bb93fcca4c971f87b7d92a55b6ce
17202dad41071104f9d62fdcca1adf74
38e31cea2ac90e1fdc06d64b05cac565
41d34da1dd83e650c68cd00bd4934343
424a42423f61161a2b2113dfc17cbd65
fcf8df8d2bfd2512c75e39e0c4020eb7
0ed133de23a6ed05edb3c1a6bca73628
df8821713b38c76bf0573617fd5045c5
0f044c0912af38aed1d52ab932e91e46
03a5021cb942483cda081106b8eed6c8
e21f052df44ed700f6f0219efe4ed5ca
ce3626f818742cf931dff1422977c7f2
15101a981a6bbe38bd13177db2004d85
0f7a101ed35e23f1c422f9bc026f07cc
461b23c724e9f21c1449b415178fb9f2
2cad1206325d3d232ad740f72ee7f7d8
db7cd566416449db02fe28cde035eb31
43583e9b36c6c5a4fdc71239f68d047c
13ff4a1f08660a3ed1281caa2273bd14
1c2bf7cb238cc762d3b4e717c01bc000
027c3abbdde1ed15229c33423d3323a2
300be45de62a1b09e64be874e94cfe7a
129a2f25b8f1fea3437d43f9c9f206d5
c584ff391e2ce2a22d08114cca3903f8
d0c5be562d86e5691a501b3bfd002404
214bffc5b60edd0fb724fa57d70ef71d
49a3d7eecfa8cbded01a32143914d84c
bed6464cd230d773f8b2c2e54d404e17
03acd332f4cf23d944c4c79abd4823ca
b7b8cef3ba2bc9f8b9141084e2b922b9
f694d050161ab935e1d13cfdb48f2742
08070d20c44ef4fe337f2231e0213bbf
1812e4841b4e302c2c8c22c834242ebd
0a8e0d96c5391c6d2735bd40bbfad2f9
d012dd9c1428b978315cfb9d2b1f43e7
0c08ce7d4c3642db13e8193abf66bc05
d1f8fb4dbdd2b5e2cc5df88bc893bc50
0819d5debdbdb556db75fe91324b42fa
26c3477829813cf0068d280d29522bad
36c1f3d304c0f538146af6822d2732a5
d632e679499a12bbff65cee64573296e
f263c3b90faa43f4c283c1c4b4991f6b
b9dd1552d9fb1ee7fa141ff94587c8f0
ed12dca50d5af3e9dee4b797bc6f14ec
3d9b136bfb76f73ed08b3cc5ea14bf52
b641c6e8e42e22b6cc36dec7132122ca
ef790c29286104d1c2e928a9bdf1dfd1
e0c9eef5fd08e528058442fb38f71e97
e02328e9f4d0f8c838b1290903a9b234
33ef36a9c3bf4cf8324b04aa4488353d
fa20fc4b203aee0f2db322bbcf1a4c96
e698dd7739670df3ed8647f0f4e5dc5b
c2c0de19cb793077f7e6ede53cb84e0d
d0b7d75d467ec3af4813ce193c10b567
4495ca46ee19ee2ac26ec69affd9c795
f25a4dffea540feb33892b76efd1e7d4
4797f33adda4f14a3059ce49f5cbf74a
cf311333b6261c65b9b21ffe3c3d06b4
21bf21c50f55302fb6d1214c308fff76
cf01e8930c71f49adbc1bc294c03e30d
cdb9dbf51c481f0eb625fab3cc8cf947
4c73e17a2dd7bdc94a6aed94166b0872
13060adb41773c96380eef1d17a2438a
c77f324b3305e0a722903fa2ed094498
eae4e3b03ae14519bc922da02a2f202c
e4aec1910911fdc622a10342ebd11cf3
efe92aebefced1313263ce8e0c2bbb69
2386d2aee852b2caed6ab6ad450bc5e7
fc66baa51001e402ba493a260880290f
ffc1bec9f6d3c7c8d5953ceac3143d6f
c1e8d7d63782fe1bd7b1092d22112c56
f3cbf7a0d202d9d20655249040f7f450
1771084ce4a04baa177fb2bd08d2da46
280ac3281bcdedc3412bc007eb20bebd
4984402205b9d1efdd6aff8b21f601f8
1ca91fd40a28fcf3b5fef976e9492b24
bd4ad338e7a3b3d32ed515ebe9a53e2f
1ad50aaef6afff43ed582a2c2cb6e1e0
ef43d49c2854dbd4c523faaf329feeaf
0f961a2935b8ed79ee87d255e1d7ef16
25073894ebc9f9c13b152488e407cc3d
ce90c239fc5ade36e5834d9db901e688
b77034404b37b5bdf31b013ccfea22f9
b7e5dd2ef88bf5c126eb0124c5cc39fe
ecff2d8202abe566403e29340bce1599
b533b9bf13c90b4eea0ecd4700e3bd47
ce650274416c0f5032a5b703bdc1c3d9
b5f3b6b4d46717a8bdca29a6f1660d7e
003ed4c4badb15651be9efa6efafefff
b22bc229202ce041b9940dab1badc029
c89fdf46e61fd0e1d0a3c91a2b3d0b8f
b8e105a8ff4241fb453cbb8315f6fe68
baddc54c26c907d5e479f47fdf88f51b
cead4146432d20ee11c9bbc2c4bdeebc
2f25bf23f01d20f0ff96cee223b54220
d5ac004539a1fb3fc428c8f61bbc4bd4
bc3441d5c1e300b91fc3cfe029e222b9
0ec3e45dca35c3af21ecc36a2637fee4
d22b08d8b5d026a5d70ecd9bf36a1d56
e9b51db84066d27d0051cd5445d63e4f
1d0ce9f9b2334cb707aef68d1dee18e1
38e40dc9c137f55fe9c444ccecdf1008
d140b740fda4e54fdcfcb84e16fdc9eb
ee47bbb311acc0e1e01cbdb8de65f48d
34f8f5cb1510ea0404072facd6db4881
c23ecf70cff2bcc0c575f45a183ff162
c2cfd56ce34215b6349ed09622011453
d56c415119ae09a0e0293afe33ab4826
f6fd00db1a4435badf5deae44c0a25b9
c738d912c83126f839423abb21d14606
ecbf2493f9d2bcafff88d751f52f078f
3d65caffcd4a32a6d0ece2ad071245c2
0ff4dc764a8eb5580662b637be004846
02a30bf8b75f0a264be007b2265a3a67
d41a25a5f268be1d0f75cd0e34cf2d45
df1bb2c7327e25abf6dbf4550dadb5db
f9c5bbacdefff0fae499daa81bfbc09e
08fcd080c93d14cbb2c2bdb547d2f2f5
faabb4d204fd3c7443b5ff64421d3231
cafee04cda3c1a5ec638e7e3db8c2822
e6650979e2e2fa4dbc01c8a34d94279a
171d1c7510d3bc3fbc6230a7eca2f467
45901017c8451860265245ca14be3ff6
f4aa3ab5d03304bfb27b11772dc12ead
2ffb0bdc054008eceb2ec6c5b2974dfb
36a2b8f9c3dc1fc11bcd18d7fd0821fa
413f39f9b5dabe55218bf212bc842638
cb47b3e12d601ef5cade057d25a7f841
e309b246e5a9384223e83033cc240847
22bfd9ba1a390652d4dc2a7330c74090
0ebadf58df6ae8e6e7bb3e63bb391ee5
1f85eb6611c80735fa06fd0acc5e0886
27cffe85214def3fd93fb817ca1a0734
f6ec45f1b5d913d4c82dc105ecf7d72d
d4a8f867fb2fdb11fecad9752d5a05d9
c500c89f016ce8b11aa5e8f51a54ed4d
edd83326dcaff2a5d7d0b24427fbc8d3
be55d68dcfbdc4520103ea80c9310fd9
237019f5ca36c94d059f3352fe72cbd2
34342a4033df12f3f8d01b1300ae07ca
f3feb47ed69ad257d02def33dbaf3fef
ccbbdd4c22773662c4b40425cb9af7ac
d20b0e7bec0f4af11a41169e05eac1e0
4874d53122753047c0534729e9ecd1cf
eac90211c3b6d008dc5dfa12f400bb0b
173af8bac613c808f329dba6b6dc1977
2652f4e3c5da1948c6cbfa7d3a0e1231
28dff4b9fb21cb7f3800fb17b853334c
cc48e3a011a0b7badb6bb411eb302818
c64e37fc26ddf6d7212a1152fab71ef5
4089448a2657dce00cec2db303dcd06d
4413e2e8fe67dea010a73465ee593aaf
06a0403543171d3d49fe1925dda6da56
058ace5d0cc333fc3c731105d4ac3cd3
f004bcf5163c056535f91d62fbe6f54f
f72c0e172e72c3e8fa33dd6b1c330836
492bf3f34df238ff1e5f0d2b0482cec4
2ae8c7090e631cad497d23f3b75b4bfe
06ffc69cd5c420f53f10e0fb4abaf860
df6c2c353a89f716ebe007544a06e763
e904405a4006254f3c48c5b73b074351
e84d285d1ffee26fc0573d6235d0bcfd
d6b310354cf93a25cd5312672f0e06c2
2a75f7f236fe49b9c2d9169e4551c2da
bb54d7dd4ae7f2932be1d64c301f144a
f139468ab5530988e342febac540320c
e5533861f8b538302720387ee16ef7de
bf22112ddf3c2680b683bd462eb038b8
0576da27fde5ef62119bbac03e0832cb
cb0dd2a5c858b49c3b71fd45f0edd8ff
daa845a4065acf7ab526391821aa2b92
2e14caeb060a367ee31d181317f7e5aa
f3cbce87de842e6a1de7f37f2355e73d
b906197b4708cb6de0793e9a46692078
0906208208e0ef78ce0dcbb4f458f9d2
c50aca7f440b311ef2010017d51e412b
e1f5c49747d11f6ec7743e0db67b3213
c078b4b825c818171b293d93f939ff22
1f2fb77c1778dad30d5bfde7e7984080
4d023602d65f3cb90305e133f8a91774
de19167d3ba93900ec23df4901c5b8b3
d97ebe31452fd059e38bcb492d0ecb7a
154b4c6b43d3c8f2f162ef494a07e047
d9dd257b04cc4091c1380e003abfd1b3
f132f7c6c788cbf4e6262026190745aa
0bb927e901fe304d0385becb4c6532e4
3ffe34012c11ffd70cb9ee8deb7bd3e3
f53ee48afb5c150438a52004fef927f2
1bbf02a61da0d7c428782dfbb1e3f6a7
36a24b62beca4332da08069837f7d276
df39d45eecb3f7304c95441ad9f9b917
2b9e0cc00e4a484fd05437ec02bb06c3
e88a0fcf2fc1dd98b56bbb373879d310
2959403be397fcb6b9c0cd6a2a88cedc
3776d97313e432abf84e0dd9bf95db68
d9b735b3f9350afae72a1cfebd2e37aa
3bbdeb712994212d4d08c04e24073022
ce22e1e5c9ca424a4cccee2ac37b261e
ff4e38fdfd93ce684488c356c209d647
b4ed3af013ccf855c95f42f54a6e11c5
0c37c49ac2e8300d1e23e2750987001e
034eba90e63ad6ebd0c227354411ca23
18bfb9383f58c16c3be729e8b64bdbd9
bf4302b8297e4161bffc098afa44ec72
db802b761f78beffbb1cc75f1b1dfcec
f3f133c93152f4a4b25e299de3314a86
dabaf87aebf83bac10d6b7f7472a4102
22c6d603d3e3df6dd695c46fdf46f708
0b00e840ed62f7a8e1d7080cf3910564
1b47d2aac6a7fd60448b15342928d8ab
b8dcddc539710c5948d6ffdbf4dec53a
d87316f1e4a3028100700e23d15be3b7
d871bfc1b5cf38f51d690b98dbb00928
34a5ba114a1ff46f026040c8fb6e4c06
0f27f44d23de463c3e0525113f1ce73e
dee2281e0b39c637bc243acfccb4f35e
3c98f9b2f5ec489f09014a5cfff9e871
005ad4f725afe6a1c517c3a33b06c605
df26265ae278b3b137e8060a452ad5d2
1794b21027d3d74e0d3632b120850f0a
490cef35ecf73378c47f32f8c622f149
32f549e8beea20c847fbf4230354e275
b62c46a741a51ca02ef11b0e4bd72cbb
2036bb6ddd4ef3dcdf39d2364094bc04
d407e4fbe86a4aafe3dfe98e01e1dd23
b4a9c831d6030dbadb63326e1c33b883
cc4bcebe4c96c8f9ce9afbc8449127e1
295cdb7fe7b2dba4bd1e2521f78a3015
3f8d2f090e39dcb9ef2dd641d24ee640
d3030504d2ded1b5c08b2ec6f44bbcff
1faac87d44c3e8acd86826271a4c034a
ebfd2b5114532b39e1f634d90785c75d
e49f4b7a31300bd12ac9fd33ea941789
1d3df421fe20f8dbde3d498c1c401e95
0f42178be4194a242e0a0a601416c451
2189153a0455c09aca5a1cf23f3345a9
4ae7d2851c39e12633ec0a57fefcd688
29a7378c2306bb481a6ee40f31941eae
da2be961f4efe239bb52099e3329c517
1c11f07739364c4e275316890b054a60
40a4b5cfe71b1cc7b90501490c133224
26de0f4cfe7e0af53732191e0712f335
c7933db6f558ea152d15305e16c0fb17
4428cad50847351bef27327fbbd3e8af
e4bd2ec9b2d5de28d4094d0dc7f1cd99
c81941fa06422bfff092dbd208cb1dd1
ebe3304031a5195c3557d5f1f919c84a
2587cbbcf6053ab20fd73a2c3277099e
bd7bb24a23283aa4b7ded59ab67e193e
fdff1497331bffe346514d23d5d34d46
eed3e4faf37c0ed0031a2a3cee23e993
264444ba03d0f7d7f858f53126ae2e4a
49d5fbf6427cfcd3f8f303ff018e0c77
49581c1d36a735073534b20343d2f197
b3e4f7612efc26dfe6e8f28fb6d7ca70
de8ac5bd04dcd4050b03b9d72ccb20bf
3bf3d680eb5dc223d07c3106caf5f408
fb9cd11d35dadec1b5fa49792bc1227f
b8961249b76cf2a94444207ddb16ec7b
b2d1f917e78936b0fd97e910db283d63
fdd1155a2b220bdbf7e3e69515671faf
205946de3d22f2e23f05cc88c5534abb
1a7649e73d1dee3433940c7bee22c14a
d498d622cfb8327c3d7125cf13504ccd
485343e1435c08233c1dcfdf2c201aaa
459b462be719ca2fb64ab989be00eecd
e245f57ae30d35cc4152fcb7313f4541
18faece5c312f0c3c0dd3f52e4f90a4e
14c01f1ab9f015993fed4abf44ad0e60
d7ca0971b8793e802797026a4536256b
f6ad0f8c247d17f61de94051d6c53e47
09524273baf91a7ed21edb8bfdd7c09b
ca99cc6bbc54d11402e8fc62124313a1
06112a334c1bf2f449a52f534c20fb32
c6ddeae5bb5541e2e5a83826b61e0703
18e22a3f331eda94bac7b2d82d5e24b0
fe010c1a471bb700fb3ac0871b41f2f6
d669d595b4791cb1e7a5bd3dc911d6b8
0cb30ab3d466c4a9b7c8b29bfb402810
27f3f6e0de3c40c3f3a42ac2d59c0139
2487c8e9220ef0fbf417eadfb7362092
e5dde866f977e697d60cfc5ed5ac1284
3933248c360eeed005e416f1058e0bdd
b1ff05bed08c12d91c184c3f0bc42a40
b4631cf4397bdd4520be1dbb0fb61c1d
4da6221fe5b42e0ae5923650fe27c924
c8d8188343a8c93a17c5d1dacc01e528
c9312ccf37c712004c7efddfecf3c2bc
3ff6f4f1225ce5f7fba21be0c184e58d
3645d07e09c6ee6bcfa0dc2b41d90cd9
2950cb7900c119b9fa9df9d71664e7ff
e961c4da31680f67b38b0480116906c6
d651ce7d07e93c7b3ccd444505d11a86
dd29eb0ec6950c75c658bc36377a0d44
bd09bb48dd6c27fb19ef0c501c61e575
189ec75fcdf3fef2f867232fd1f9c8af
c44509b7d08a2597dcc4c87e4376e0c4
ce68e883d3471ee8d5c204d2b58c1291
bbcd0aefd000ef75be5e4513faa415d0
0780159638c83a4230274ce9ba4f05f6
35b1d0a84750d055243a04dfbd8bcf75
ee864ad4109df8b3f9ea2e1747fcb5a6
1226bf294093b8dc1105dfd62bbbc9c6
0cb0d4c11dd40c2324e92a4b2262e8dd
e226eb21165639fdcfd926981889ee7c
4cf4ec5129e5bbf3c00f26a3d743b6ac
1b25dda902563fccf07147863f73d324
b8751e2f242c2ce707a6fd4a1807e2d8
dd7dede744a71cfce802b52aed923277
b8f242180440ce76e5b8451c2bd73d7c
2b0d261acfe2ed9fdf1cc869b44bbbe5
ebf0df66b2c30834dcad2c314b851b3d
3af83a64c3bcd3f91f61298bfddcf101
d0e827d61fa7d31e1ef6088c434e0878
ee70127f3740c1c94c54cc18023b064b
1cf327c9cd5ad25103c6b7b3d4d2c57c
1dd0dba01fd00a233f1a16ea1cf7375a
c94238ce4a38b849e4693928caf8f793
19293defe5bb1f7c014e0842d4553c17
4ac7177f1fd4d2111c9cdea4fe27b955
caf343c94111c96dee312888d1bb211a
18ca2e59c703fa2f19942ad54adbea6d
41cd3499f51f1dadcb694c870206e1ce
d1c4c927c54b4c2c4303bbace59c4790
ef95fa04080b4801c56dbe460a0fdf88
463fd922065e4a854789f659c2e5fa93
19f925c7c091babaeda6e556387f3171
169ff71901bfced9c0f0e4484286cdf4
dca4d325f577003ef245d9e3e9efd6a2
206afa96fafac6cf0d09e2934b0623af
3862468c4b88b8c6de44d45b29a24b5c
fab226daedf5d779b8c4c0a0439ec9fa
2fe2d614de45217db792b6003377d519
b8464aed3823bbda3cb818632004186f
07dc1cfbc99b39d4e5ef1a4dd547c8a0
4921b55bd7053449bb7cde0ce2b7dd7b
38fc1e0727a5040749f62d44e0a03b0e
ed7a1923d9fc356d3ea90b64c3fcd90c
f0e1e006f8b6c1bb1ea7ea0f09361426
1770efb1192d0e18341df935b8a2141d
4a7531223ccafa91f06c4acc447b1650
20381692e8d7d2e5efd5fc9543e8bfb9
16c9f9d9ecbdc5071201d100361b2cd4
d0d8be0acd4b2cd83c4d4975b64cfe6f
d089d2ec2d58301321c5e15d2e8cce03
0d62181ccf68f10e21a43d4be353e3ec
1a00cce9bc6543e30cf0c0f6cac70d62
fdcd22572091bb07bffc1ea3b82819d4
3fb6c976f4120e41bdbb392ec481b477
1187d35901feff6306eed61e03eff474
c196028ebfd607ba10a2cd3528becfc6
4984d73ce9e942aa37d048eb489c1948
bfded418d608c0f91655d34f0c074905
bbe5ced4e421c639d9d12efeb49ed818
d860d6372e181fc73a71260ad1cee0af
d0cdf993e853e12b34acdbd92a8ef703
38f8dab8dae047261655cf772badc200
3426b907f992ca1b1a44e4ded6e41d9f
f214d0a5e80e14211114fe643012b63f
49e9e32704d1cf07b89cb60b0de115a4
209dffbbb6df276c229b0cd704defa20
c4613ba1d9b7e846dae8b393fef72364
d9492733cb0a3dac3406dd02c2343407
f83c017aff7821f6ed68fe5f2e420369
274b0d68062dfa69bd30be2ddb4a2d2d
cf15fdb0fcb41e50074904effb9c4d97
ff941d4a3fa0b863b9e5dcc12672e477
1b4ef53b1d1a329cc3dde88f438cc59d
cecfbcf5c67e3b32cd57b9be19ec0c1f
3bc0189af263f2e9187ed67023c9c77a
06b536511c4cf0c1e23ff7953c39109f
1fb22f72c5a7bd91ce0af2ec19e1e0b7
d81e31f5f02a3870d4ad458ef613c4bb
e5933cc10aef2708c9f54984cf8bcef4
cd19f673d071d55cddfb2090fecee23b
136bf75e21c3fa0e38b0e6f546edb30a
16a6f6d408ffbd0e1aa7dd47c275181d
e4d2b5364047d66f04a000d8e7a4f862
104e0fa5d81a32ba4c7210b1bd45f66b
0a7a1a86d1ba2f92cbff314dccc7091f
1156102333abb32b0df3bdc0e187d20d
36c7df1416ebfc70b916fa0830b740c6
e757feaedf81015901e14df819741a2a
0d29f0af0906f67fdc5e30d7d2fc495b
c49b343948b411b9df21fffd291cdfa6
d78e421cc34a2d50b8a8baacbfa3fb8f
32eb3fda03c3f918bcb10951066ab229
eb0b328eb5cedb1fdb40ccd42abd329e
fef7e331d7b9475241ed455fbe1be965
29bc2456dbff220fdc3c1779bbe62321
03eff010b7b51282e0f30b5b056eb5bb
ef404b5ce500de8b4a04b7e22119df6b
d85408b519312d93ed40bd3eb9e6dab5
36694951121ccc7dd48d3339ff43133f
e0841ff941fcb6c7e668f564dc9ee7dc
4388b62e4132d48b1616e0e131b2340b
bc66ebb0333a453402d1435bb5bcecc8
117a213d43efb4191e4245824a951749
2d5ddb2af35ae472e5253e0dfced15e5
4136d868f4a50c170f021bec059b2a8d
36ea30b3c4caec97d73335f5be5dc518
d17e2b520463411934fdf0013f100da8
b733f4abe71ab52b1723e6b729f0e3a1
fb26cedf1c76dbadf88f25231ff2d671
f0cc45a034b1c8c93b9acf67bdd412fe
bc6447d7cd43035ab614eba2e5950abc
dbd10575e77db4a1ce6744e2bbae0153
2541e91bfed40c8d3c80f70a219df63b
f82d1e77c8493e8f1bbbdacb444b278f
c7792d5d0e98473a18373bf8da9ed5ca
f5ee1be5f760e0ac1be6495dd4f241dc
dd5641f7dc862cdc1dc4e3a5f6c2168f
079fd2b3c1cfc39fe50f399ddef529dd
1011c28d0a8843c3edc6e886db98e06c
35af2d1b3b291fdcba0aba90f725023e
2d64e07bc3440d4f1373bfb4bfe74012
b55a0800d026d31bc2dc28a50ab5e1b3
005b298d0b551b35447e2107daeb2225
ea631568cd9fc630116b0251348720eb
be8745a5010b2ba8f42d32d0029e44c3
bc2dc495015acf5dd6d50283dae6e892
fe16e505b4b11ff6e0d148da33f505dd
b636c06efa01b6f03c81420335d72c1b
2502c3f2069707111ab7cac0fcdc4539
c99605584d6ad8250784d9162dde2749
bac715f8c378cff131a819ea4d7acf4b
da9ebaa92db3c98a43e9e43e218713b7
d97e0fc0f406ecb51a1a36684370c195
0adbe1f935c427772547b2cb1237330f
b431d3f910653925b5bc13e319a9d0a8
f425ec7603d70da61fc53f040c8f141c
4267ca37d4fbedb423493e85f7151264
024eb66dbc0ce981087b4d2fc4e91c9a
cee64d8df4c249ef21c8f9d2bcf9da92
d4dd1a20da1ac7890c0e1b84e36df2f9
e64919d847a4f37fd615faa632d636b7
2ffd0c304523c645e5781ae4c7d90586
d39b3ed0f79605cfdd2a334eeaca07ae
4ddcfb23b9a8ecf7276921b8199c3bab
097abe192a1ac7d6dbf70d6bd0141077
f2b80e2a3d7df769ea06e6b101d02647
08930245ec3ada4ab2c60158f96a1acd
f76810564bf8bf731bf90304b8dfdb00
35aeb8561dfe0c12ddfdb8ebfca3e00b
c1f5f642e9970ab8173109d53fbf2afe
ca09c676f4ac0ee2dfea14b0f7fb07aa
0558e2f925c61884e99d2b19c9300ee8
bf57c4ffeb834d703d9f318d346de6a5
17e9d332406fca0adf60299d4bc1362c
1ebe300ab49322ee06df3e7dd6a0ca35
c1bdd71b24974c1e163b1911d1c82283
e193c1d4fe70f07905210c5342380b0a
157843e6ff31e1ee28f8f6d3e6b0de7e
1162d678c78e02a9fbebfebb20abf0e9
eb96c5ad10d322ad1ea320401d0449f1
143ade8e2bb818a4ce81c7d836d21d20
031e41fa366118bb0b7ff275df4217c5
3e67e16e39b32f9c10a6294bc1b2d14b
257d0f3b43b31f92c289c0404b4bd774
bd98fb7a4557b61d0fa3b9f930c34915
e7cefda417772a1cd08bb4633c1333f4
34e40f0e49d815c03d37f4081238cf7c
0cd228cbe894025630300d3a2e59d754
ddc818283df5f9c1c491280a46adb364
3d1c163301e6f440c77ae2ffcd90fa32
0885f71bc8efeb6bc275341e2dc8bc1d
24c2dea22043432fe03c29eafe1ef491
4c31bf3634fc2a5a19fe1e41309525f4
f7944563c3d0ba3e23f9d9502d281f43
1ec2eb451566cbc3efa54914464ef770
0d71f5a8ec3618e3e064b92f11a603fc
131b415bed70ff9d1586c696fc54ef87
da7c34bbf2eb1ca1d1ce2c4d2844ea29
0475d4d8b9a6d5981d803b0ed0981312
f6ba09c4170c0a59bc55d802264dc27b
e692e582d5fd3cd40feb1d8b4681d753
1e4a4c201647b521bd37179cd00c48c8
c7d1c09ee89d1a831ba629c31481f8d9
efb433f2d51c362218a63a53e800126c
fa9f28cc48c741c6bcaf2917fa443ab6
1922c13923cb277ce499f7b731900fcf
3e0fbb30e6a3b41a0340fdd1d4cef53e
f58701ece32c07c72afa389f0261d44d
ce8eecda46e1bf83baf410ab420dbdc5
2b1140502a142699226211923618e77f
de61d9b2dae8d4784c2db2bb0f10cad5
3fa1fe51f10c19732748dcdbc678d17f
d7920a28c881e651ff66224f2a44d63b
f6273c2eef2a321b21ab06791b4bf5c0
1cc9be8f43b01e22330023383edfba34
4450d4e11e443bfdd684b303077cfcb3
ec2c35060c74e2b9eefc0568fea618a8
47d81f691eaaf97c308218e6e671ef93
09753df742cce955fde7378c4a5fcdaa
fdb128ce1fbac854f97e3bde1357eb7b
11a2cba120bce68d2475b342b8df040a
f39ed5943adcf82c0d0415bc060fedcd
e0dde6a1cbc6e0ea24df2ea1291f3859
e55115eaf01710264a8d4975f5efd638
18a73cffd4783409d7a6f048114ddc29
25c9c4dfd07c39a018c3d5ddf7dfeb53
b8a0bcf7f763ea32f278471cfa431612
0ca23d044629e61acc63b853ba343980
c704000c3371ea402619b2e641e5e8f9
172a445f4ca028f7c3930f4b2d0d248e
0fdd4dfdb3ea26cb14742ee91513178d
254706f03a481e0e24d425f60cebb6b5
c0b9b2200dc2daa8c79acde02bb4cde2
fd7bf4004cf3007445fce8842af32a0e
eeb5d82e44001af532de4af8ea3144b9
fad8d08421a9141eeba5e55dc433cb23
296af5a6fbae038704704867b3631e2e
088eed18f5a1bba2ec95d35ef234f390
ebda3ef3f757cb762cd0faa0bcfd2d8f
d5f1c780f988392836041c42c46e0bfb
2059bd14fc91b438c82eb4bb46a6fca2
4c3f2082ef30bf3e174204abdc213496
4a2ed9290d1fe214e72cb40a3ebc2a83
259d0844109a0511c90505e51ef714db
4812184405053da2f18ed119beb037ef
444cfd77fc2ad9c5ee5cf120fc88fb73
42caddd847403832beb9df23d27d0274
eabc2f79464afb7219ccb84f04a82a93
22d5be2523eb09c43b2cda040fec067b
db3a0439d7150b272abaf2efe59de608
fdd71e441dd1cdc5421b0011f355292b
e6b2d4a4cb702425f2ad44cd4e181d7a
d1043998f9cc01ebed5fcafa17ba1168
1c4ae5b3ffcbb2f53028108a324ae77b
eebaff7d3a432267e81fbf752601e3fb
1756f4ba0cb82ef00d65eb671eedfb29
db944d402a1dc77df48bea2935cc0361
e4353952fea41a1e1ca4e125cc682b2f
dea7c431e72dda5936c540981d26f396
c3e5c03db34e0d324a56c859cf37208a
0577c1db2d081ce317011c1ff8f8e830
ceb01269ef4bd853f0b7b6a222123320
beab00c11b83fb31e40d13c226f0d671
0b621cb8c09b24c7ed5847bc1c3538b6
3969ff3829dc3911d2ecd36c20e5077b
f6d6df6f3e520d18b5c3e727c9bfef65
3166442a27c1478e2720d8c40bb93f3e
100c152c2138e4fc059a3aa3ec172a40
26e0304b064bd622146ab305252cb639
ec3fb367cdb80615eb8eefa5f90e2d26
ba3dff0fef8dde99f6a3dbcc099910c8
ccff40a3f2fa03dd274de90c19f4be20
b675bbfe02fdc2ecff68ca23fe27cafc
be13b928e0f3bda03d400e3ebefbea01
e089043ae1f833322879089840153c99
49bbfee6421d286afef3048949c24b46
0ae8ff73b51935574db9c940bc07c10e
0962b446bfbad88ab901379e1c20fa5b
2b783525254fd0692b673e32e198240e
dda34694c863b7ed04b52180ea6ff241
f1eaea13be4e00823792bc35380fd698
b536e5b706b635332e7f1e12c5033ca7
037530b9ead6e61aca13d3c90eaa4418
dba24cbbba320dedf4afe9d4b430b1ea
d5ee473b271001cebf75dba9380fcb92
c714132ac5140210f6b6dc6c43df0030
e55c460fc80d48b6bc8bb6faf57f1fb5
1829d43bbb802a9efbca10991859d40f
07793bff1ca0e006d7cd4b18223d0ee4
d7a3bef3c196ce8b03921677035622a7
0d24f5c2e260ef9ec5da2706e804d754
17802dd7e3920b7229ddf35b40b945f9
4aded7290644f2492af149dbb910fc2c
346a4cc62443df85e0b4d8fd459bc5a9
e515f2bd33b000060653edb9be06d5b3
f5ecdff13b54248fca0dddbad8d8ffe8
c267f250b98ddaf108dbe609cf753883
c6c048ff08670fd329bfb38cbb5d1131
be0ed89f3d154281d36e251df3c1e16b
d13935460313ece0fa9748f9b9043cd3
fcd62b24c5eeb62d262746442e27f2fb
d6bbd982c82eff4138eed84edbd00145
14d9de212adbd62b2845e12a4d5fb390
c4312c6d1c033f8def2d316de62ede01
1188df541108ed8efa8e1b1a0abaf091
34fa158e40afc85e1041e5d500a14361
4cbdfaf4b98e03ed3b02c7f601e5caf3
f2c2dea2ef3813c7be84135d46393e23
e172ec3d4afbfb2ceeb8e13a35f1ee01
27164d7246d442f6fbded591ecd1c750
1633f15545a5155fba6128ffe6ebff60
c5a7ba37189012781e4024d5b5840acf
3cfd35b7c57fd5b52e094353b4f812f3
cfd409192e0dd1f4fe4010b3e1bef6d9
4d5b11c33cbed71c29cebafbe6df3af5
be08c647b425bf19461cde3a2222c93c
d182caafc12ccc0bfebbd041ff9abec9
c4532dc9ba45b9b71a6334431d8bee26
27202622d443eeb0d9bfd5d9ea5fb43c
1443cc8ac0daf04cc93b38ea4ab4d92b
02a329c80b21f2f0f113c2f50c45d6f1
fc3922231a50196e309fefc5f36d24a6
1b44d9efdd51292fc12bc1891148f167
09ae27f725fb2b21dfd30730c203ee20
f9ee0ee6316c1bb3e01cfdfcc4172175
e7fdbab0ebacdce0f744b48e26fceb4a
f12fd5a9e4c7ead4dfe5bef301a90f98
c4b1c4d50e69e213d2ee00d4f4afdd3c
054b3f0d2d100e58dd6df6bb096409b4
bad934f2dbdab7ded815c06606194c37
b7632d3412ac05c0369dfa9d2d17de39
df3d42b3d0642074330ae83449411765
24c5b514048f39473a33fee6041c3294
f4b8fd8bdf8a1c4d35caec3f2ec8cb4b
c7cab728202e2a1de22737c41f8422a5
c6c906c0111f492c40eb4be5403501ee
b96347250b74f878cdf929811a5933a6
258bd126e1c23d14d930cbceb47af7e1
ca02fb61b33b26a7c41337e905082127
0c9bb9803605123ef5d9fe204285f267
ee75c6ea0951324a4350cafdd03d18b3
3001b56ccd3e0e8e128642bf1521dbfa
44554d8d3e11483bf28f22d92dc1f164
1d0eda6ab6da3fe01b3334444972385a
d65b29c91803074dc246db68c2d437d0
258abaefe5ca240d14af4a0c02c6ce61
ee7df05bcc051f6dd7253bbf3e7bf851
d3fd2c492a6fefc449ba0b89d7880e3b
1c58037ccae22355bc1d488140a1e0f5
bf7c0ad131d93a910bc5f7f2c1184ddf
06d2c0f636fad4ef1945f64a09fd1db3
2083ec09347217eaeb0df9d32e76e4b2
fb87d52ed95711e33ef2feb34cc5f3c5
1355276edf6dc718e9efc301eb81f1ba
2a6c42f2b727fbcc2b3a361549ea1864
f920f9a8ca984409c7101f4016df01c4
e64bd54cf2dd1d23f5f3c0bdc528ffe4
fbafd5aed807b7b5e589b7e341b0c80f
d878f9c92899c9f516b6bca2bdf60cde
bfd7c79df366f0dee27de0c1ebd3ff0e
e206498dbfe7f954d73ce40425e8c545
b2421c321c7dde670afe0ee12b1dd078
e80aef13cfeedf514c9a45d7bdf121c4
bcf92475f42fffed2b8e055dd73d3994
461d20f54d52e6f71f0bf62b1e3accae
1b66cce1342cfde7146d3da5fd4646d2
f42e3893188f1843d25e22f3230e1caa
28902b35d6e9438ee142b343ceefd1b2
c857346df9dad02c1971d6a62d24c3d0
16f301e32ca8b67b0af6b27cbf6f171a
c13f0a06e348fc47f101ea18bed5f8fe
175d383729eb4a864ad63d1fefd2d659
f3f3eb2e03e9e6a22766ceff47c60240
e2a3f5bb0573fe494a8f19ea0ac6f7b0
def0e155207cb5bcd387fa1d32c925fa
065bfe25deffd831069c4432d5f23c61
b1ee07d3c855099ac36fec25b22c365a
24aee7fe2560c543c55106223e1d411e
e681fa02dc98de97ec91e3cc16dabc1a
da63f9531bed3d4e06eaf286386602f6
e5ff2978c3f10e3b07df1b53f88ce6ab
b28c4a70e9a9421bcdbc1542bff0fa24
faa44731d19b4a2ac817347016533f09
c91b2cb72ac14d22be872e69300f2d6f
f41cb7dfe606e8fac4a52dc938e333f1
029e206b1a79313339a7cabd38643b71
b915f925ee6b2e5c4048c39504cfff82
bf370389184f2007f8ad3957ea511da5
e17e387deded102a173beac8d55341b0
e5cdf8ccd3ae2f15eb2806cce2b1d57b
23c710d30d1642e13e38e22eeae2ee02
e4e4fceb0cf1e4a237c7efe71c50c78a
4188fac9b744b877c25bb3191dfff2e0
38d14cc80c9a4e15d13f330a0469eea0
2590033b160c2351b8ffc0b21039c03c
e57db35adb3b201e38afd3e6c7b13d6e
255cf79afec1d77e2de73713010e12a0
b4b249d907fcf6e742c34e0709054b96
37f3ccc2c981d04e229a1f450094f140
3fb2bf16c823101f3a1dc838c8e5377e
2a1539a4d89e117a34b32aebe8c3b4ae
051ae83ee310f238170b0eebce79c1db
cb0bd9721e5fe193ffd8d19044cc1fdf
fd77d9c4ff272fbcecad2f17c8803b20
2e411c371dbc24e0c764452c024e26c8
f56bcd3b2fedb6b3cc4fe8ea407b158e
b297c3e6c368347ffe1c0eaae25f03ba
2f95b6a5e62408d045a60ed5baa7f045
46a9088c0d0db326db71f8c7d3e5381e
e4f3efca3a6f2351275f17332669c053
1ed6d7e34041174b4b80ec621fa6fa99
2452da06e68122772e75e42435780270
0a2c3f0ade74f2d4c59fb4973727362f
0829e5ad42ef1f092b96162ffa3cb7d8
36a3eadbf1bb3a96d953378ec10b372e
49fe27852919321338210d5c11783cfc
247f0114de05389ddce63d01ce7e4821
45f8b382b8b000f94d99fce4e520bc27
1ef904c5fed9df30ea01398febb0cd7e
fc33b23aef43b8f61c78bf07bf0c2afe
3fbee3b7314f2fe3dcc1b768de98e9c3
d2e0da53cea3f13b26ff225bff35b87a
d86dbeff3cf1ef9b135edda6dabe3001
163b1e6f23d638a1c9153d623217e461
12a741f54c9a1bdb14250e953b7bb8ef
dc360d8adf0c457c2b6f04b1bcfee8f2
c019e7333074ed7dec1f36983a0b3129
caebcd21e9132e66d6b1d4953376c830
ce7637d6baa9f76bebd432c1b86440b3
0dc6387cd1d92e91426cc1d3dcc8e5b2
4343b270f90d1dd42b0ee9711acac7f7
34e015d3f5e303712668f92922e63d16
c86740a0da38da36037d017b2cfc1dbe
37f634db0b77b8f80e1fc82230d1e5e8
3b3f3ec33449efebdcc133d8e2232ac3
ee84dc83b3de06f6f8efb7bfe2f5e6c7
45b4da112cafdd42e6e40d06105222aa
de721b16c887dc4bfdfd3870e0224194
f86ac840e1b4e528ecf8fc15df11bf60
e13508f71f9420ac00161fa33f68be84
f228c3163f790d0cf9d23cecd7d726f2
fdea30354ce208e7bd8f2b8908481b01
185511d23d9219f3fe9513821d11b992
2ce7146839d8b4e4e3dedd82e1b6008b
315bf60ff011d4f3f232f05535a537d5
1d9cba80dc53409fb87f0e25fad9ec89
3578d9e2def4e9821967b803d96bdf44
0b9e272cff7cfd7a3ae2441efbab3141
47adc6b6247eeeb8c10fb80d06233d50
28e2f290ed60057638b10d36ffdbc742
e2c24ce50c463308bb6702a04668ef89
ccb6ea24ed76d8342ab83e224c64f765
f7760c3d1ac13636f3ac263f1f3fde12
cdfb43ccec514217be6dcfa8dab3fdef
3bb50ccf36ce05fd1681f1c3b63614b8
2e0100491e091fabeb71ffe9210fc196
b8ddb25fb5c7450bd9124a9b432dbede
dd0fec07d460b65cfb00c7fff02ed9be
2fc900153c78bc72ba0604af3518d770
2dff2261be0a3e02ea0fcd47bc8efb6f
4abf1305d906cb174c4412b2f6a3d2e6
01970f42d191cb9ed24c07952b680792
0ce7d8d90a38c7acbaec332005ee3e64
164f433232670b2128fc4435e075f964
eddb2068b9b3cddf36442d04b1f2c0dd
414042d1301f466e20e2cc95476dbe38
1c90f0e744f1ba06052bba4cd3d903fb
fbe01282e777defe2513e951eaae1a65
e693b97c2ab7efed0e89c682018ddb9a
c45eedc2e8130cae48a8bbba0eb02658
45fee9bb25bb4926bc1dd0ef3a3d00a0
e584fa2e3ef835c6e25fd3cf0b8b4c2d
1e053beb3e864b1bc23f1f9fc19ff48d
fe680d44db27f7660770b90a4099cab8
323fd8ef3757285c22b9f3ed04fa2252
e053321d0bbef4b51cb32726cd934dff
04ce3c64d7a8ceffbaf4f8ebcf0e068d
f697cf391165e07f4ca11c77e361c6cd
e38d3a8e4cc5cee3207bfad8d81a2e69
1c2849c3fb67229201a7c06f29a3f978
1a00424e0aee05540783f003dde2d7e9
d7d749b42eebbe41c9a54ba911bc0291
b9234228e1c0f0041134fe8301f72234
eecdc6e11a7ce134d5e14bfc07190128
3c27f28a29b8e0b818f14614f78ee88f
04f2e8753b30d8d216fc343f4d85f040
2d6a4b4d437e039ae1d1d7ff27f6b2b3
31b2d23a1b35c82f0700d5470dc9b4af
4a10cbd3c10427c2fd3add5bb960097b
cb1ab61502a2dd7a3f76d3f5bc42f028
d5f9e84a424b48a0098010a91118b722
3d93e7703b36ea6b0c4144c7b474f024
d4b5de4515f9feb22e5fdb7a0dd3ce8b
e2f6be923be2e33bb924105d0b1c15b5
ec094167d1c13f3e13c51a0b27bbe2ef
1e5e4315e315f34c262b2da1f2652574
0f2106d5ccb8e4010dfe0a51d2ac060c
ef9cc285349c205ad5ade937c9ebffdf
b6470afcd19fc66ecdb113d806ee3a80
ba53fc16ec790a8a12b9d76dced5c173
f868bf98db06cf3ccf1831083671dfc5
c0030bfb3f1838d448dbfff73780c53a
208add2d289bc71a08043b34e8112aa8
37e6b5fbdb112ddf1192138ac6b421bd
e64fc4d0042a01d722e41ac72cebc836
4b58c951435a4d25302c3b74d27f1193
d33349eb278b1f73fbd10641d950d123
1e3ec6b4053a3d281fa43986421de133
cd4fd1fd22c8f31a299107a84cf3f860
b489fd84e0fcbdbbb705cf79f59205f2
019dcec8deb811e54ce61e6a016f29f9
d5eed71cff3947a7e9ae0684bb6704f6
1fcb33aa003ff3443f04c08310af12bb
05c10e212d3d42ea4585d0c9b7b7224a
cb1ab63ff7744b18e53934b20ac0c884
c7940cbfed170a0ad30440ccc175d26e
194d347542da2e2a37d422f9e615ff8e
ead73e11c6d045d0426fd97bdf99b276
ef692c96242a40a6f3f925bde20ccf20
f267c6034a9ac53b19d3e3ead4f0fca0
d3dddc063986c0d6d83b3ae341f8f13b
06af3fefb4d90057b66e1d6447323136
bbfc36d0202ef3f93ce00dab2ed4d1df
09fcdacbbb76ba12eae9b76dc640062d
2809cf123d7927f3c280e414dce6df96
0903dc03c5a9d1c21767f9d71973f17a
3477016be3bf2d8600fb35981042f2c0
d883eaa1364b0db3d1a01fbd1e2a020e
b2110fe2d6a1b246358fc4f3333be12c
1b37cd8a061b4cc0dacce29af168259e
0bb32c01d40ebc60b879dbb428e7d800
b777ddc00ced3b3307b40f42136f2b88
ef7127f82ed3da893220fc6cc9d5d267
b561d00fc496373d18ce169ef92e2e65
ec1fddea3a9c15394b0906e5e69b420c
380d0332d852086f452e0ebae3fe2868
c33aef4b20dac5ca0cea2ce0e6f8206b
16bfd9bc3747ef10dfdec6bd4dc73d14
ecbc3de52b1339f12b09f82339e2fe72
2df0b1f5d1ddfdb5dcf7d19cbbe0dbf8
fc0e12cb36df4aef040cff8efcb0e783
d8b5e4ae09bbf891bbb6461a02bbf826
b82dea5cc0153da40d50fc94c013e06c
d3f3381bc8c4d2f408dcc1a3294e2acb
0bed490fcdcd2a5d0c0ee891c55ff0f2
402db343f40f46d31f72b3fdff960d51
1e52d864f259da7b2cc8c207dbbbe623
fdd92ff3b34cbfe03691ba112d50d630
1f20ceb0b2f515d01aa2f77203742e0c
0003c7500801f83230a42f0d49ca3160
160a14e6bd58009cf4d3b7340d0643a8
103fd695de19e3f817f03665b8e0d188
2000d2a6cbfa3692c3dc19faf3092c46
270ac2fa07ddef3bf48df3cd33ebd5d7
0b84f3fd107933a2e3b8bf34ff02d4ab
01e60b02d3d23479d75fd2dce2663da2
c3f9ba3bb8d1cf4e28a1df8d2529c383
3e1cd356bbca3f23e3b3d2a2b9bccfff
d4b6164acdd4f0942da549e9053fd9d5
114afe8ef1eff525c27318be481bebcd
301ad658e249ca4cc9cc2f3039e1bf95
dbc24865de832fa0ee0b0be8338a484b
cfed4b7afff248bef092057f4b2a1bfc
dd073ffde884b2154e04e3a2d4ce453a
bfed4187bcc5eaa938ce03d214283287
0151114cb89e12d5b333b5f1e94d3a10
0330d2ba0e3fc92d12d3221dd7173a11
442be8cdbdd805bab78724553d710c3d
1a7826d8277647fb1f0319c1c7c7bea6
4ba1f9acd44cbb66e54f4b85d1190c63
44ed4b392c7b2e7523c5cdaef669c00b
d254fb2429f3015fd5f00bb2f28938a6
3ff13943ed090286eb52c95dbf9eb5a7
31242d9f2939e36fde95ffdd30c50e73
c443e4ec370b2f34e655f9f70b9abc69
4aba3750b309ec2cebb9b529bca4d399
013a0c1b2189b464c9aa227af7fd18a6
d157cd88412444a20daed87d3d771538
e79c2696c6e2fd031b80ca154d5ef20a
b353be91db383c30ea2de38dd64b29ab
354c15b31c413d9114a523bcc41c289a
152b17e5cde7183b41de4a8bb5e8f971
4244c39bb6aa401b233e460ac23befbf
c9f90b3d21e129cfc5dfe4b11f8ee831
d8b7c81a26770dd5c9fa14a02368457c
21d4babfec963a9e49b6ee33ebf7f34e
d899f8c7c04be2454515c9a83abd306c
2d0b3865de7b4d143195d9431a03ea37
f8360ebccce8fe61cc2ad771cbf82783
e7e63cfd2c5507990cf535bdbb794a30
f4eec36cd1d6b80cc2acfad108254b47
1cc90e0cca4a2d831c3c003c497a0c07
c8ea319db665e569d52ef3ca14f616ed
d41cedf8bc7cbf5dd18af793c95ed1fd
08b3d92ee007beea27870426daaaf833
e15f49a2fc3fd2862713e4befd84dbae
0d8c00e903c6e36bce71c3153ef0d5df
bf2909ceb36ad811053de4bef67627d3
faaae81139b631abdeb5b247c406edb2
4af52b81b386c3beb69bc870dc99304c
14e91c141f111526e8704bfd1f3f0098
f1a74646d3c1c90ac87ffe4f3e101215
e204209b15bd3af22f6f318e1d8228d3
e736cd9126dbc7f7f373b6361eea2082
4b0bf13f0bc62bc929f008f5e9c4222f
1ed3fedfffd0f2a630720a5bbc9d20c6
e96bc084c328dfcd21a90dca20f90535
025cce8dd34645c0e0f7e258fb95f804
2bba20c733cb24bdefc93ab4fc70f599
2ec0360af365c61539480642f07ce1a3
edd610d7bd7337051af8f34ebb2a09c2
bfa6329ec9ad4a3ce3b44452ca84da64
0f08df28002611cec792165dc1c70ec8
4bc3ca78bc31b90aedd30f54de8746ce
eaf0ff03e964ee70f102ec1740c921ce
fec2b70ab3450a6e0b39df56313cdc1c
f710b70c430046a9e7e91f47d825cc92
e414e25ceaa0dea4bb05ed7532f53852
ec0030c920f5e97eb57db71ab9001907
022d3825e26cfee5035a28b442484e1b
17d6e230e23ab9d50b2eb89c0c5639fa
1acee1154238da00115a047c206a097b
bb4bddab45dd0f882678d20a39da1b2b
2d8f478f222726eb0dd21aa6be16df39
0dae305ee3e71e7e42400763036a1b4f
243fee140aa0faefe3c5b6ffddfef24f
e57ee382bc3ad46732c8d25628f32a4d
379b10392b2fc35c3ef933e3e4eee693
bb5ef0e8d57acb49df24f4fdddb1cb2f
32bdf944dd66ef56e292cf842f1e2c45
16d5148ec63ddf3edc4a16df4197ec3c
316a4940d659d8c8fae9f38cfb6306d6
28ab0d4d365e243715fb3f89fa901346
262006e5415d07ecd86ffe55becf0daf
d666156ac75028bced92eb8db3241817
041ed3a527f4b270491ffcf63aebfb1a
bb9c195f30841708261bbfc2d258b776
c849d89b3e4fb657dc6b3ca0c69c36b8
e4d41b4dec13d9bfb4b3cd09ec443b4d
023a3c553b3d3894f1b6b7acf953d022
4924203db5723d7abfce4b69ca22bbe1
bad6b41701dcff8eb55df25ce130ea50
3144e5ae49e1b46f21c42c4ec14af763
1333e927d661ecec1852e59b2ff8e53d
c7f04724fcfbf972b706d983d121f1dd
112dcd72f17930f9e4bc2dbed6aa27b2
c9514ca84c78ff72b3f4416619d2d58c
3629377e00af2f4d46984283b950d916
ead7d96d454647d4df4e11aaf9942a3a
c9d0e4061e0f07fe453b08aeb2a1ca3d
fabaf6c8f710285fbe1d16b536dd0576
16e4d214d604054924ba0d18e0b01ee1
bf1c45820f6c1639b5b40f0af4cbd4aa
12b2bdb6cc35f7c0e01fde65f624dff6
44020d58b45c069642fbbd0d096ec331
d7a7fa81476b18b1b33303311f002c44
e4dfe9e51ea1fedefb0b46920d9418f1
3ef734551381fca9201b0991bfcdf7dc
fe7a25bcd936e61ac9aed94b203f29cf
38b505e4ed15d8dbe4dd419603ce2779
ee6bcc03ea17edced20ef891d36212f3
129e15a34de533b91cca058a47891b4f
3e81393219d212a00a140c03cf5fd6a1
4b7dfd16bcc2b5833f3be67aeceb1cc6
0199095a4e09fbb0bafdce84e342e003
2eb7241319902c53ea88c8a90b014841
4e12e987dd6c261c08abe2c3b8cad459
f72f39ab0591f148c2791465b9e1ef8c
d30b295d102f142a3ee92fb4b3363b6d
c796d11c178eed5d4c2bc882e4563d1d
e2ee16633708d59a1135ebe2d56025fd
d6f1d4e040db4b4f0e6cd0162e8eb4f7
1fb9fee1f4d7d4c53edbf34617741cf8
eb183ce1e6d81a6346093ec8342d24d1
ef56346902e9180b02d8c723c3d51426
e8ee1520ea4c207fcdf43906ec96cfb7
44752163cde3403835a8eb83029f4ac6
cd42e24236fa197d37e5b396fdbe2e09
e064b65833d7d2331d8d3299bd9dc2fe
187a4db7e93eb4ed426cbd97c27b20db
b87c3d05c4e940d91bc7cafbc827d6ff
e60edf41dee5b8cebee0f630f330f6c5
f4bd2b7bf2880448e681cc34b6090d7c
0d33e23df52bfffccb3a4714cbda2442
ff80dd10d756f19f28a503b9332e1b10
cf00bf68f29ff7cde2c909440f11b2e1
2299bd0f148e120cb91dec6040420319
fee3fb0a2902fd6a4a6f016ebf12dc1d
0d18cec72b22db5813d132732068d4da
1ca7e23eceac2a3212cef176f993c040
41bac31aedd0ef672e14bb20f06af5ec
20caf1f430b81170460aeff4ba913f23
d6e704e6082d33032aeed1aa31eec9fd
ff38f1bb1568c6941e72def3cb5b1f2e
dc844ca202df0ee94a5900d540c74c68
08eec928bc84463f178726c809b2c771
bf2ed5ed35b04382c6da157a443dcc31
c753335140d0f7f043badf1fca1d1cf6
003ad1b6bfa734d82003ec9e07c84676
24530624d12a0e081b0022944718f929
c744e16b4d8347aefe1330deb7fe2271
450825e4b870ee72e251ee2702b6eaec
3e12f280d5a628071d4bbec0f020d5c6
f1d9e78fe27618e7f0a904f8e7d132b6
d6983d2b1569256418603ee04afb33b0
1ba2c1464bbfc425dae03fe115d6fe6d
b59245500bbfdb92b70f20b6487a1aaf
f7983b9422d80493345e15b9bc28dae4
f9ccf966b497dc2afb4e344c0196e8ee
f94d259ad5c44177b6dccb3935b7eab4
c2c6b636ddc715d32302bb4addc3c62a
dd19d8e6d9d3c4d5da6d202a056dc8aa
c4b1b529484e3838bef3300948dad889
c09cb1e02164c87d284c33d0e113c1fc
361a00e20487b86438411a65f68a3f87
e875176620b3f4681335c9b2461ccf92
2b452c5f4be0d6a70296ca30d81af664
b47919b7bbd5cecd1eef3e2126e92162
4174b9d73d1531ad21c6d499d0a3459a
c677c646be10ca2bc3c231532495322c
1a7d3034f975c710e42449e1f8e33223
3aa2ea9d2e893636cc10d6dc146b277e
bc3deba9f52a33ade7e63c85d36b49bb
f0453e0c1588bc0628bdd3f3cbc04bf0
10af23410bc3f84722272d6c4d1be491
d56bb9f51b6bf302f2a7c730b8b7d010
e43e015d2b7e1494d3edf0f6f3dad2d4
46cefc4c0761f401d6e8405d321bfb65
c3aa07bff93ab7bcc1b202483147ccca
1aecb243dc73f268fb0a47564407b44a
3edbf5ed284c35b111e907a01fde3c3e
1c7cb40ee21df732b946417f0c082f4d
dbd61d5544a015092aaafb4a316fcc2b
dd7feb90cb0617bdb7670ccb1ff00de2
d24ec325cdf1ce2347621868b45eb275
0526cebeed0838763183b6371bf01f96
412fd42ed11fd04f3fdde8a3d297385a
e0662183d82f1b52e9d44b1923b5e361
f77d1cfdf496fa644af7e1b4f5c24682
369fb7e32950e610c2db20d8c97ae7bb
347d4a4c1104d8a3b2fb19ce26081b3e
f4ebb533ff3cf10e465937c030a50368
47a61a47cf051f26c1921cd6c13bea62
473325f8b8654bf1c7e4faad32252555
f313e524d2a5c0aeef60f99cb8033a85
d5e32504ca3b2b9723233602fcb6ffa1
218f3878e6eb1870f1ac0eb9f3f34071
4a7d2cf23990ef0c1a8bbf9b4c12c810
ecefb9043a8b3c8ae1ebdf80e27afa42
f0a2262733451443cae04835c01e14d3
114736f0c3683c8002fc1550f71d106d
f927b34fd995b87b2010322d25710849
082116a42b47c380bd14fe9a4176c779
4945f698c545b7851374c18e343a4087
c24d368c1fe71cbf01abb46c17be2dd5
053d15bf3afcf0ff02ed2c9bd4401246
c0d4d23f38301da60f08d47b38ed25c9
ed004b981bae046f30adcc70361f1565
e7360486f12c3930d3d6bafdcf1f4569
b4f5de90e3f0e3ede7fcddf0edce087c
e409c995c3ebf99819562c93446f1328
e33acf824a3ff313df32c408dd4c0bef
e95d2a3339f1fea5155b10c9b205f2e7
b4e636c2e7d9cea7e0c40453ca5a0ddf
1a9f191e072f45d23145ff360178c04a
02394006b7ce1cfa38fdda53b5c8b2ea
4d2503bb2b1f4021c1e8ca97d58f0671
096cbaaeeb7639300796fb1abcbce59d
b7b049f7207e4a2d386e06e0242a3811
3e934cbd1699d09c28303cd90d25c295
1857caca21222409e89fe622e124c30a
f772368900aa0c22064cbfbb34a7c718
e02ae59ec2dfc034f6ecfcd7f357d884
b7ab4aa745122a74f5953ee0b20cdd08
2b3cd14015cfe7b445e9b5d8b226dfc1
c3b11a491e6733cbef11ffcef85e47d1
1fe9dee5b38541e24547be7ed6a72501
c14c16d53daf0088fdde057ed8e63ae7
e344ef12465004e7ba78cc79d06f3d41
e9ab171cfbf84004f3c2daa3f81c01b6
372c2c9611610f13c021b5211dd83a75
f0221c51f7bcb3e7c9fbf612e643e6d4
2b32ca28de460857b2abd383c9c838ca
bfb0c73316f0f6c00da1dadaf879c963
e7d535fe219fb9ffe6153bae351807f3
e3664da31f5334cac16fb8a10b4f3f34
fb5318d71dce3161114f0aa8d03fda72
e90200adbc8cd7bbcd2abaece55e32fa
b2f52f99c57631ecc3c4e60d0005f7bb
1497bf912b03496fe573474a00d42119
433fc21ccb0ff3d40652cc69ddd31d13
e3dfb6da022d1b8ebe940d4bf49fddf1
14c01af024f8e943ed03b4750e7a202c
f7692349c152eeeb137247b5cae3d982
b39109c14925b925d2a9ba842626fe86
e3f22079d53c0fc612b430a10305c1ec
420d15990bb44bdeb83db3ceecc5ffef
180d4c9b48ece72bf89bd03bddb73865
31d9b8f80eaf30badb7c4d8fbc79ddda
e42611a0e9531129d55b0607eea2e04e
43dae756b33205d3dec43c92db95d2f0
dd6ab23014beea49183312c91c514d38
41e1b9a6fd83445ddce32c21dd68e6af
494f165db326cf151d86d9c54abf39a2
1e3638763b8f2fa4f4bd05ce06bc4705
b30713a023541ae9be6ed645181b1de4
0955435fd0a4d214b59a445ddd5113d8
2f88f016b6d93129f4302b8d0cbb3965
4beabd5d230beed0d02feb3035b502aa
2df00b40e414f47a1c5afa88bafdf197
3a3222e511d3b342ca1de7b9f8f0c8b5
2fa8df62fbea36a63ce8f46f40cd0791
e2183ae43a560ba7fea3e41dc9540efe
07d74293f5f0d012e03e2df1061abcf0
e252e9bdf725c19f34bb36a0fdbeb83f
f54e337bf9cb1a2f0b1e379aef890f63
e02b41352d62d8ead15712f71016c61d
eed2fd8d142748d1df98f125c5ffb968
3e0eb5a534d025b518654878fcc6f7d0
ded1bb74d74cdb37decd0688fa86289f
1722f89614ede167f4c2c90beca21ef4
d903d6403875fa06b428ee3a28a23deb
4156f0b52100c2790a64229fc8ad1d98
fefc19b0064819313593d731eddfd357
3a0d21d33aa4f3ef360a4cf0ccb916d2
19eef07d4447038f01d2e290c0164496
bcf13a162f96f5f902e4d82ee80613c8
40ca0960db42190a3990f6cefdb4de8b
d221eddc393fc9d7c152ffcbe9273873
d70af073e8660a3602dcc6173590f75b
b5ab435c0f860789f063c08cc4b6efe1
41dad9f80c77d40017ebcabbce0abf3f
4587f2bcb36d1cba4dac1195e397e4a2
0500c74c0700b3a1f68145162a3edebe
1334c1cf444ac0fd1ee00799da30482c
e89c0510252f0c77d528bf4cc3333220
d36fb44ff41920fcf29445fdc375d6b1
e79b3eeecd2a29ab32862d21cbe8cf4a
0aeb3ea8e299bede3c3b333f3a683f78
08ffb72f2742d5e6219bec343de7d640
e195b9010aae226d032ff65b28f6132b
2b850a493dbc497ad339fff216baf0b8
bfc3f797e7d62418e107bf5bea180f10
d5c5c37ac85b00f9c9ec1016e51cd464
3ed2115aefe70e68c357e5510529f1f6
b6c427edc791e3340612e7f215ef2f78
01bc1a2d1178285a1cd241d0c9cd1d89
4515d5b4342bbe283394d19bb7b80393
d28a2bedc3c821f24daac6aef2991533
035427290ee926e8fb4cf3f347b4d8c9
02c901680b3b4addf16fe77bcc1e3650
39fb32421f37cfcb210df8622e7123be
1f522061e16a4daf20082d442eee3db9
b90903fb13903c08dd82e82b075649fd
f6b30f12ff9125a2d9e1cacef849e301
c2a72a4508b92ce81f90cdb41421d136
4a5bbffbb8eb444de67dfe2c065fe6ac
1143bff3e014b55ae4ccd44d09aa456f
49ed375dfaf434683074121e1435f340
ee44ce76e3abcf9500b10415fa91cb3f
d38a210a45da010d45641a4f349af7e8
f608b3f8262f0f903594d3dadc103411
20f0d3bbd13f007cbbdbd1771797b68b
cfa9dc230d7f2418e50fb52ec69b37db
36c7ca0cccdd4bedf27aec54f4edf6bd
1f2c0ad333b43b9031c2b4ec25c4c48f
c7a03823219f15f2320cff753df9fef1
d096193a3f45c0b5e1b4dc41f4e03835
1d41449cde3f3dff0d2d40e31010d155
12734b12e734020536893d5cb49ad0ac
f4071c10e89444784665dfbff31bbd23
0a9b4bee4dcc457f45cfecd3c8e21cc6
2696c42740b20c884c3ec364da002005
f2c8203846f813fff6bc010649d344be
339046bebfd8e1bb07a9d9f9e42612c3
499f1c49ffc20140ce863c6f3f7cd55b
430cd4c4fb0af1f4ea272b74efbe1e93
c007c1c301e72034cbb2ef5af988b37a
dd98351ce9e5b69dfaa8202d16a3296a
d437bfe739a22792f31acf8519e62a1b
c021b268c1b2eb67cb54fe4813181825
d93b3a6fde48fd6e222e290e36b24b41
d6e8c384b5fd2f65ce1e463a2a95418b
12f04384e84cff883d35bf18fa86dd68
c9db117cc92ec25ed4fcc6e9b7270c89
d9553ddb13553c36de7cb8adb34613c1
3290cbcbb56443ef19fc3f16f506441d
f248c7a0f0efe4c3bdad0ac6263714d0
14dcf7a51920b58db4183bd1c180198c
e61a3af21006f25c07ae48ad34730e68
e3bc0ec8ea6cc361e1ff0053c81a36fa
262cb88f1536f147e50ff6ed32dafd65
483f058de42b16b92d87fc21df4a003d
f767d436347bb540cde8ce71fc771bdb
3b9d260a211bc1ca19df28c3df8749d6
c31ac7014c3c37b3004011a92f920e56
d79902f7cc3032b1d51a0f5e0ee4db1f
495819fb187a2a0226822e8cb4c6d55f
47a630d2e12841be3be0d627bad8dc93
cb0be35811614da72953d641fb30e3b8
20c020afe3bec9eacd7ab62f184d4a17
3c25c5bf2f89e2dcff560bffd9512847
29efdb3ef7761c7141c13074db062cc0
f244b8a200bbd2adddc3f158f44cddf6
dbabd4c4dc04cf59b63b0e071858fb09
056d4aa808534653ff1f4bef44b337b6
4d171407bbc7c6a4fb5f0142e27bf2c8
1e19ca50c450db213a79ee19e9b034c0
f602bdab4a6d16f5098bd9fcc05e0b68
d498cd24ea2c4dab4b5722b4e6aafdb3
dbcb16dfeccf2a08ffc3cca73524f7e7
e1c7be650ef0f5e5e157c116b5510036
d305bd6b2aa41a7bc2e9eca636494af7
dd571525f4ff1a523053fcfffd8ab747
154009e444ebc5572b46f8a514e0c9ef
4109b6422eacdc16e8b5328fe4fdccd6
d80628aa3b5ec70133a5232a4a5ef433
f9ddf2c8d150e91a0f6e3a4f3faeb2d7
ea33efacd37ef0b6c580327a1eeaf742
2cf823a4e39fc6523407fbe93873d3d9
29cc3285eedb1c0a4b2dbdab39cdc144
12ba3166ee2d1a624446db762672d67c
cd1c21f0276037063a06022218d91483
b7c7073c2dcadcf30a861f64e8cebff9
dab4cea5183cdd871e03bdf4c84e43c2
bc321158c0b4b50c2634c9b411bbc9b6
becdc7e80de5e92e0fb1c3b202e7c402
4bff457abfb8f714302bf69148a204ac
34d939c9d92a176940f44b682c64c84f
2419119e12d2c0ab3d55362d3e03db9d
005ef7433c2a4706e3dbf8c20920eb7a
f8d2f9ccd6b0f5dd03f3055dc3031456
d4ba2647b7bcf198d477d8e94adbd9f1
06b22c36d968c73332432e93c5ecc87c
15e71f68e1e1151308fe1d9734b83d90
17caf296cfe0d6a13fa4ddebb92cb6bd
f3a7f80bf939495bd56d0a403cb50874
4d1fd881c9e64b41f36a1bb63a74c513
10573ff51492483ac40fe082bb2e3e1c
074dd0ab3d881631107ed6e3f5d8b7a8
2d221666f95ade5523c3164e31f2d900
22e234dfbb6bbcdddb56d166c238da58
e35aebaad61bc121d6f81b5ac17bec70
b8940c16d8b5c78b4da01dd5258f0586
cc071fe600250f860ee22d1bdac30097
4a50e53739e61714b2ef14e7089420ba
deeae4d72386ecd14320fc8429cbee2d
3ee7e0513a7fb2ccef0bf253271af5be
3061d5a71bf24308e7c8c1d5f93ebd26
3c21c204e8962dde242f3d730ddd2bce
e21bb99c3de40a42b255ddfbc966d319
25ab0fa601790d9ac76c08e9d836de8a
de2c19114ab3dd3804feef56d201c3b2
f08bea3a1490ff9fcdcce921db7c01b2
e4b225b0c8dbfd85cb32457b323d49f3
b3311e16f405b6eaea9dd5a8f335fb12
c21c3223c0a4c20b261dde7cb8dec21b
4a80bfbf09ee235f34c8e8b416490031
1517caf6c7d7120000d027a7ba1624cf
4c1c237426e9efa3c32b46d83bb3e32f
b74816502eb6e266f49c41d43fe74441
18d7c248fc0ec92a32290d38c700def1
e8580f432a7a2814c43ccd5bf40b49e7
fc2bbef328820367ba04ce173f4a392c
1a9fc33e47083c38c3bb01cad2503218
0c7d163cfb8424ef1030e0e81febf0ae
b3f94ba539a4ba9e34a01ad1fdc6302b
cf9bfb75e716ed4ec3a2eaef4dd34d83
28bf0a7142f4cec3d08dea90bd22e840
26ddd291cbc743720ecc30e5ba0e4b72
0a1f4dbb4151c163fcb943a621c71a62
2d6a4c49e7c0b2fcd548bebbe5a4c89a
f05dd470b649eb7f0aac477b48201ce8
ffd7108705342efad562318049a43a9c
daf6b82101cf460b40f6e0551ce4eade
ef44382718a6df0841bab493ce93de5d
e973ccd8e7c6b86e1ca34bfe3cd11982
0da635e50736ca89e6f705b9f647cc6a
d6440ba107d5fc1048c2b2a51710b2a8
b2922db303d74d82d58ce72b20c41483
f12804fac7baed6b282f2b050bbaf4e8
da33e278316214d2dfea4317f2bab251
1435fd45b57ac19fcb0932a33ca00f44
bd73e8894c1122b2b99425b2df6b0a6d
16d420b61e27db47eb600ddedfce1e0d
efc82556d5f71f2bbdf3fb2a00d1c990
e117ef1cce18426316fdd6452604d2a8
b7aff8d2162fe1ec178aed04cc2f2bad
2b2732b3079325bae2cb1ade1dda02a7
c4b6fa47f06bd9ecd45f3e292ca4f693
0673d812ff1518dd0dbd4b82016714dc
c22742b7c5caddee2bd2ca73fb38c6a9
fda2dd69fbf4434b49524dd840ab2073
15b90d35efa744afda66b5c6b389e8fa
2b9df628c76fd465423dcad42549eaaf
e916b59c2d890c8a384bee7b46cd0380
e8d64d5448d9ec9cef48fbdb06a73433
078efec121b2c2c71fd024d52697ce1c
ce91b9c8328cd498d434cd9d4304dcda
33f037cfd4c3090cb5f542fabecccdba
f657ed8cd062dc18c9f70c0dd4a912d5
e948e73710bb1c9332964354e0422cad
12c43405b4a1b811b3083067ec341105
40c33294ef85dd49cc9bd531b79139c9
e46cc5fe11d13d47daa63b5aeff5429b
b7e44d04f7f20440de09c22ed2ae0280
20bf0ffbdd891a1b35ad3454c2a217fc
330e3eaee340e6d6f6ecd7f93e4d1195
4b2c358925091a2c4116fd0cee41fcb6
17042d6a1ac321b73596eaaee514450d
d96400e2fe6aecf4f449c29b122acdab
2dfdcc7f2628ff951607f3560f2a40e8
d53b168941e803c50dc62cf445c63a27
0311df82dfdbf575dcce2d47ede5d4bc
12921cb820e6bc8f3d384cc004643126
35d0c2981e8cbd770855ea1aebfe38b9
0dd2c424b6e5d0c8dd9f2ef624e907b0
d9a6021a3cdb4ad91fd7fb6405af3f0a
e9e406820b06f7b709f21984f989242a
10750d26478dbf14301d258c2da917c2
47591aa7b887f8cb25422024038ab9fe
d3f3fc9ceb0523110554327b3f9307e0
dee920f7cede0206bd38c9903625ce36
f241f0d2161143c5ff4e042c4bd51a26
c5f7c36dcfae4187c01c1294c0dfd08d
0bab06e4b7f0ea1612c043082b3e1b0e
e5df1640eed7d4eadbef0d1ad54e4d9b
c8c8d61fd6110fbb1194f3452e2831f0
07514260d00fe3f3ccd12b99ef13da58
df9019d8240743c521783f283c4db6ce
3cd948aa366cc0af3250f606c63227df
c58e1e0a0416c2e22bddbfb7e3fb2c0c
146f0c60f2bfc9173e7618ff4655c028
285a11bd4b2b0f59f09d492f4a1bfe6d
044df35ff099daf62ff102afec72bade
ffb4e93b2c610cdf150fd9531d0d266c
29eecdd932f43a1c186947dada2b2aea
4527bb681d36bf68b378bfa6fb050cf7
b39811a52f73352cbf613231db2f0451
d3a4cde1da4a26053dbee030fbce2a7c
168cdc22c07b081ee271f71b3fa8401f
2f4bb2d703b6d7541d39371ff1f4f265
c6e31c62b98bb77ad312b7d6131e3f3f
ecb3d4ca252ada71f80f4dbf0cbabbcd
c1dc2c62e54620b3154f1b8aeb20c841
ff3e47852244b56bd104eb44322000df
32f210d3df3fdf8638d628963616b865
fb76159741612da10b05e86e367219fe
394dfe9500c719bcfa91bf8736a2dd9c
4060daf84e05df674186ccf5dacdbfbf
1ad14b314552c0b4e50a3bcd1ee0f604
f39028dafed727c9ead9d2f5c45349ae
1679df37232bca2f301df9cab5c0b5e1
0beffc432dcc3b56ee41b31702e73d93
e49d06c6ec4aea6b4de91f5ddc763348
4cdd0306b8d2b76038771a2af6981ea5
25a6d438335ec76325bdf52c02390259
2e1cde4f438cf28a33011096bc7cd656
e326337944f4fec42103bd464d9d336c
3912b99ccd5221484a0ef525e518fcfe
3408cb61d68cea7947cf3e831968b563
e740c155fa51e497dcd8fc7b13d4c981
3a2fb216f8972b03cdbcb6e7f0afd8dd
ff19d162e34fc59aeb13390d48a44df5
cc05d0f3ca1345380dee37d2dd48bc84
2895dfdae656095fd7f828eefd95e6e0
00fc136ab3233b4a2ef7416220e9cb24
3624e4a7c4cb0261e665cd88f006f4b1
b95546b329ab035d37a2d30ffebb2ded
bdea3ef80cd53ece4077f102d873dcc1
b2552b9cf5571a76394c0bab26a22042
449a2727f0dc38bd170cd652242738f4
116bc0a9b9d3ffb71f3a29ab0f8a25ab
22334cd0f24a01a12950f71d09ab3678
d2f50a3fffcab5fbd9e91848002e10a1
c684d5d4b59e29c34859351cd47d3bed
df7c47cd3fd11bd82ac8154b20bfd93a
d7c5bafb4643e603f8aaeea0b453e018
e7653372c53bda940817e8ff258e2749
188a30640ece3b1a2cb64e140b972649
ee84c3c4035740a0d4e94c4601a3d8ff
e1fa022db7803b0c14ab2040d0dcd54f
de5c49c203b8ee0d35341c914c38cf69
f7c6eca3faea2717194d3cb04e0ab783
24f8394db44eda9b2fa8f62105030b14
da4fcef43931329bc3b9090a2452cb63
46bff093cac840bd15eb10aefbf74c35
32c5eab548c8b7c929a9cbb7380ff691
f6843394d5e11bc2d594d8fddbc2d4a8
1aeadec343574ac23a6727c5bd5dbda4
4c0c015410fdedb0f069f812df2c09d4
d7f9e14e0367b50d482f1abdcd8df008
3f48276d476d48a324bcd55f195c43b1
317c2d5edb3fb7d1eacfbe8f29d1bbf1
db681895218fd8400ff83a48c8480e32
feae34a1dd9dcb774bde098cf07cf445
bce84523427ec543c320fcd9d1efec6e
264907f80a601ee149090db6dd8b1a5a
4a1bc412263fe3edf0322c6ac5ff3f34
e535d03443be4720f0fbd21319953c5c
f3e02cfeef7ad90530c0fbe0b78cc47e
eb46c17b097df936fcda124f43a0e329
b46ce54efcfcfc95ff59e091d687cfa3
175bd322de56e38e4bf8fd3440edee32
b80abb242fe40c12f9d32a72495c4d42
da063c21b8264309fa8bf46deef92510
2f8b137afce80b1bd3ecc2d732124467
f57ff0b13a0ae036cc312d41eef8feb8
2fcf27a6364af433b347b48d3740c58c
325c298207181a92367cf3780aed3d79
e92507c94021f08af66d01fac679c3c5
4ab9281149971a0c4e153473cbc2d2e5
c84e13444916c002f1170e1ce468d085
11ebced71c01c817f3d135c1ea1e17e2
d8401e13ba16f0f11ede307cd667dbec
1a530e01d3770d8d01dfc51cfb6ab816
df6db916f0c82ab4eefbc336e61fc9d8
33d5d3e1e37136783feb32ba295f0edf
123bf28433a84c30cc25c3ba0a98c9a3
4b6bd2c0beb6b826178a1dea4668dd26
c2b3148dcf68b41034c4d68dcbe4be9c
ba78cfd62da7e7232823c19a01054ade
2dbfcdcfce25c67bbf3a198bd8d70b48
cdfad04f28320202e00acbc63a1b38ed
1fdb4006e473e705e4dadce1da571ed1
d78cf6efbfe1ba2bf299efcc1ac824d0
fd93218942020ac7ba1fe63e0f54c3b4
f383c558ef5d06fee1a801883b230fd0
d26e397bdd7ac85730ce1c6b3ac53490
f265f242c3be3980023a003640ffd907
0ad62b501f32d2a515282bdb452619c2
b7dc1eec1964ca1e3a280bd4ba691101
d596028d493feaf0fed926692df0cb4c
252b4998e59be17a3494087fbe723ea9
bfa7c189d616bd473114496502afe679
096ac9fa028730b61bb1ba35dfb6df38
f3eb0257d686c64cc373ccc7d88b0be5
12cbcc730ace486c320cd4ffc6d4f240
fd7f43e805bb2a2b2e792e6f30d8bc97
fff92837c2aa4c9a40653a2810a1439f
b43e36e2dcbfb75dcc6e43c435043b65
2843e2f2b67ed43325c23603f78a2a6d
e14f09652a80275f2cec1129465cef32
29d3b4ffe791b9f1bad5e9c7d468f217
d2aa33ba4a55e1b81853d66cdbed0a7f
c6b12574cda8d3703446f6e9bfe7b980
01bb37da3ece0c6ef7400ddd27253ced
0525f4d8b244f314b96afbc4bfe9c75e
d3e4cc422148194e4d4918ce2fb308a4
3903e1d1d053d55e0e46126aeaa3c505
d317b491f51ed8fa3953099b0e1f1d67
b2373d491d81c800e9234d45e4f3fdc9
392fd9210667e2b90e0b3cb6f35d0d65
eb6de451ea53d8e7f62634f80ccee99a
49a9d1963667cba4cd1c05e9d9c6278c
d5bb40e7f75d32674deff7b7b5832c1b
2ff3f78dc5d0df781bf8efe132ec4b9f
138cd53bfe9412b3379827e81fb0cad9
b6d9da09f132d889f76011f6ca35b35f
ca2a1fa0e801c85d12550f27c609b77a
1310114f2a000aa9d471b5f8fa9e30e9
429b32f2c95cf939dc09cce63b30e67d
28af29c62547c5edc003ce2e088f1f3c
457fbe81df85b20bc59bbb9de517f0c0
df5eeb340fcfba33e760fd23e186ef92
daa6085508b31c78dcbfb2aafa723b37
ef7fcfce37332ba91c5445d31eb7bd10
fcbce5e8cba1cbdaffe9bd2fc85cf716
ccea0b5ae4494d0a3571cb1ffb23dff7
cfa7f371f196ec0512e9d68fb4f410f9
435b2fbcf725c84def4e010c06ffc1e0
e02cfd67de0bdf8fe729f222107c3235
