366acad5d0360f1bef90c73be85bccfa
0ce0234200dcd8f526fc2fd4d4863757
fe96f1650dc1cd89fda0c5f5f078c832
f097ef7835e1fa621e1dcf6900cded79
29d034530af810850d7df86e20ae3482
f669253e0b04158ff20ae757fd08d6e8
c7bed6a92101fbf6f9ae216617f8122e
d8e7db7d0469f00ffd680827d389fb0e
de7be018fead0b9416482cddc7b7201a
1acce87416e50d0d26efcc78fa7910d1
ecb5fa85ed3a29c3f05314fed75135bf
2176f176229f262d049514cad80d213f
2f7c0e5a1f0ef000ccb42e821abb0794
e450e6e1fab30bf72d980be724bf02c2
07c012b6efc8d7f5e37cfe8f301c3a74
05a8cbb039552bc5db4ae01336a5ebc8
cb30cb3a365c0b59ebc5e03d207cdb3b
24ced144270f1ed7d19eef7f2222d1ca
0cdd2320d05ef92d257829d6036a1700
deae0768e80b2bbae08835a920b9fb53
decfd240f37edaea365dcd8c015eedc2
07690500308ffb37d556214bf7a1002a
f35efbb119cdd3e1f7bfc892e4b037d4
1ab32a35e42830d2067e38f3e98b29ce
d8762dfff561068cff6606c30e89fde1
227b00852ae9e237f55dc77b0563d79d
29cb18a323b6377fd956cfe40b64cfdd
ffae1ef1f0d62320387b35def12ecbe1
db5710541cfa337a31f3f9e621a3d16b
d76b3570cfb2f3c11673cb9de209d76f
0bdc334ce2e71ef01a94172df2f22d9a
2137d158363013e00c702cb5172f2f55
0d5b028ee0d4da2b29efe0442725d500
cf40ed5a24812b80cfae0b9fd6170384
20ffd1e6189d1901c8f527a3cbe0e127
f2aa3468c605215c2bd40a55f6c8cf52
dba11c1ee291ce27d97f35ccd2f0e5c8
2c160c1bf680ee62e0bd00dde7b83324
f182c7c0d5590f1828de20082e3a22d2
3a8cda79ea85dc2ccef4cbb335d6087e
f438e3feff92283bf2fd30fc1731c803
3046fc57137ad71b26d5e802fde4ca93
ec7d214fe296074af651fa2cd0bfdb7b
1b86e98834fdd8712662d7a9109fc97c
07e134293127d102cbcaf05fcb570cba
d8a8e21d181cdf583362281bf526dd25
1c2433ac0e6ded3aceff33940273d238
03bbfdf6ea1c304a0a2603150e2b1f30
e02d02eecad1200136abe6eceeacd4d2
d33a19d3d24bf5891835dddafbc3f973
0493d82ee8a2ce7cdcac007f097cd4ec
c6c01455dadad6f4c652ee5803d9e8cf
35242786ce7332e71b55ce40fe8bffc5
f0b114b502642527dd79205b2142fc56
06673547c678c8fcd72c247b20022198
eef61733eeabcdf409b1d171e53619ff
156108dce384004c180e181b092822f2
dddf2cff2ad824be06e3f156008ef8a5
2c5f01a12869f7b9006deba2f52cea67
2184223f116e3136ecc70b9eff632023
d64ad07f37e4fe5c017e2a6ffd890635
fa36e47825b6d68e39f025f4e5f3f2c2
eeb7f2f3d7ca02e428cf26ce2240c7a0
fc92fe3aca22090620bc04d8fa3de1c0
f6882a38fbd2360adb122ab029afdd43
11f9d8a3e6e1f240e32fe84ecf4c054f
1150c9a3e046ea231ce61217c7b1eabe
25841015d0a9ef1732dfefd22856d5d1
0159051dd0cdd27be0c31c923870f028
339118461fd32a022433db062c2dc829
09151ce01ee71cf20d8dfb0cdefff828
05c1d0bbd70924f81f1ee3d80dc2d106
1f7ced93e199ef6f2364c620315f3721
128b235a1c3713ece0001a3bf67802e1
10a020f918de015604daf4131bd7e709
d016e264d4221ea2e55aeaffe214f62b
e749311634c6c9acfa31e02cdbd0128d
134902451242de45fb60d7c2cd8e0880
fc4cecdbc8b3d440d3f2e27d24fd0536
f4de19a4056126711405f6bf219d2d06
01a2efbe2273ff06cab3e62dcbbe156e
eda7fc90f7d307cb1dd0ee9dcf7a1136
d48fca2b3070ffd9f92b1925385bd788
0733f4fdcd28ea8f3085f0bbe6b1eb1f
2dbdfbddd972283d211404772304d992
e98bcee2d3f2156fc7bde5f916b4da99
366628f9ff6c302b14b8f6b42184c914
c6a82b0df53818fc23452619e0a4cbcd
e691eaaace301372ebeace1f1006123b
dd3705250674d39f13e81c4ece79e1fd
19ede13afebcfd71eced2930275e0759
2bf7f395de731aeecad4dc7329d237a4
d595cfc0d930d369e65928efcb982c71
01afff240a250284f59f2b61e402f6ef
d21316acd7a32f832780d54a210bcd17
27140c38eb51064b1f7a17951ec2c5db
d950fbf9338309d5c65de7fb209339ef
0036f85721b90909f2fb2a3bdea2e412
374526882c9ef5c320633664f21404fd
df35393ae55bcd0d166c1e25f6bef63c
0417d87b010be9c104d7f8cec9d80f70
e300e7e7f30d09fc03a1e77ff961d82f
035b363028f52ea31e8ef244d352296e
03470ddecacb130fdc4a017d09833730
2aa103b835e02dab0bb41474ebcc03f7
ea5cc59c3928286c0c1d0c3108081306
f9dff9b229ea18060d1019b5eae60fea
16bec82c14cb0b4514defe95cad70a67
da6115782334049ddca1ccd239e8e581
e3a7d75af88e2a470a66251ee913367a
1684015623ca28dc2587d949167bdb34
0966dfd7d70cdc5738adf640ebcf365a
fc6bef28084dd47529f831bcdef9cc6d
e2f6d3b113f139b5238dee94f4532575
daa93280d02fea6dfbce0e69fd130e41
f37ecdcae597230b3a1215573a18e0bb
c5efe039edf3ce292bd830f705b82393
f601f04e1cab10bc2321d68c257d2612
234b3277d09be3c23725d0b2f8e2e654
0893cd4a28b80b46e6f7d41d08200954
1826323f035230e21a7d069f0b0d00fa
065bc9582fcef38bcfb2d533f718d58b
d89c31bce9afe139ede4cc85ef61de28
fe830d61f173ff2fd8831ce4f62014c5
104fc69215f2faeaebc109c22bf7263d
fb41f6c92393021f1c46f5d1fe72f693
fb37d585fb1403b72636041d35cfe492
f177ced52d6be05e282d0e13f1afddb9
2b3936a83870cb2fe9bcee0ef6c71ec8
0e1fff6ae6101b3919aa01d918dcd001
d20315e6fa7dc65cf1e31c91fae70d05
caa3014111ae0fbefd50fa0514f5cbee
028e1bf8dc461246fa38341eece728a4
1df5ebe7f452dc8cfbe1c681166ecd7b
2b75fb1e34befc1f09fdf3d52c5effa7
391ccd5ce5e11c1dd08ec8c91982c78d
03063055f1e80081d82ecc560b800b44
2681ff01107bd3dbcdded8350baf3754
1ac724a0e26d18aa04de35aa239a2567
f06e0a26f1b5eb7bca30eec2e7a710a1
3a7bcec30e6fed6aceb1035806a2f129
05030975d82bdfa5dd62de9fe07a2fa4
0e2f2acd0d9717091bd00abcc99c1b0e
2ce3006b24a01e98324334831da2235a
24d301e10630d34117252e261fc6edfd
dcf920a3dd20015a1b4ff681e164d1c5
37671e462eebcc0c2945e24e224214a8
e204c9f4fd22181f1a2f06d734bd290c
d4c72f093644175717b7c782dc16d037
fccbff5e0b60e8e236fcd523fe4203fc
c7a7e796ca5ff9a1de0deef136eadeb7
1ce1fbe62af3c95f0169e8571f431e46
1138d809deebc77c0a66e5471fa32be1
dee30a0ee908e5370cccf577e8e4084e
c934dc163077390dde0ad959f8a8271f
ec9c262fe7b7e0c12c1ede8e04c6cc6f
0a3adfe1049ddfbc2af0cc46367411e8
d4501df0cde926c11aa92b5d1e7ce617
2f4a0d8824482bf7e0afd607d217c639
177acf59f4680f9c3430d2ea1c2fe893
17a630c8ce91d5d1fb4b1b4cc672e2e8
de74fe0f1910319a33b208c40df20afb
cb94f45dd438f4bb318c3a66e4a0ca5e
38b7044b2382f638dc9735c421f8e591
e02c35932184c96a04a617f72f7bea01
23af1c01227e1878d8a918ecce961c00
1378f4e12a2b1b720c341b1bdad01221
25081893114cfa820474d296cd3b326c
e41e29a3f2aa11b51dffce4cfb91faaa
132fe05320fcd01c037ef63f02c5ec6a
05b72fdfc8ba28ffcb9c154be23d2211
f6182375e628fa7d24ebe4b3c6afe20d
fcd11b6c0650100febbb354fd4c1fb3e
049825982b7d2d2630abee38f0af2ae2
dd2838b8e817d8ffe952ed9b07cad90d
14cf17142791fa5233ff271e2e9a30ea
db7a0009ee7737100097e9810dd0f4f3
3267da07e09e2f741da5219e1267dfc1
d8bcd53f246df27ddc0f29ae115ecd42
02b423f3c7b5d29033cdce08e72dea1e
281a193ff59d28a0c653e64eddd1c9e0
09a9ddfd0fc9049bfcf534b3dd5f35e4
271723b70842d83827c9035beb4aeccd
d32b38f2f32dd6c3f9e1e52ae4341e44
2598e931d28ef26fcec90c99255fdc13
db790534f1ce35d7c59f0df201b1f737
29b5149830e5c59cfcb3d64114d6d2b8
02420273f62d18dcd6ab19f318e21959
fc4ed7ade14df826efcd13cde6b1147f
0603dd32c894167a090bcdc2e8da1ef7
d65bfe821550e8a405fb139a1949c8ba
c600ea0e1f64c6c319cc0e16d96dcbbd
0037d8ed28e1cd9ffcc41e4810350c18
336422c0fd280f38f6c8c81ffea0c835
1c1e1f492b5c158818c6f25b2b2c231d
042222ecf6481264cd35d9d61d1dc58b
f5e621f6e0d734c3f96ff6ef1fd112e5
37dfd7a91627d03516e0261b2d19cd64
299d0898dbe2efe1d661ff8f0537ddff
2ac8e9b3d49435db0e1f0cfc1f8dd359
da35f55302b5072019d9fc3436db1959
f4102a58dbae0cf7f0c417e627a7c706
fd4e13c32aa30fd4224412bfd973d968
11cc1d49002618630c4a27ff17232aff
10dd085c38edc8cceca1171d3942d4ea
356de652287c111ef63c2762022b098f
3775ca16ea242116247b21b4fce604a7
39812fa73a02cf670a26e1ce348cd559
36dfd4b00e68272613841d4fcc5b324a
2c6ef1dee875c7e807071e28d235f2eb
29defb5cd9e9c9bb05d5e75cd43dcf79
119718fb131300b702b00f20e4e336ac
e129ed0e34f931bbd80dc5c01124e47d
fbc2075027ea313016abf8302ac938a1
dee2db721bdcf7fe344524dacf96e6f9
cab30228306fe200f069e57a1bab1265
2ea8cd80d5df155e24f22e881411eddd
f5041d4dfae1f9eff3f623f7c7f10e14
f666fc85d34ac96ed3b9d3a8e23b3012
f3af342d2b432961caaa203b17d3db7c
d389042ddb51dde6db32c677ed6607c7
24bde149ea14ccfa2ab8cf2124cf0b1f
0c8a2343060ad741e3b7cc1d05850f99
f02f2049d12cd2070e11df792f2ceb41
f7baf3ec01e336c5fd6426c7c7b211c5
d820e3a83434e6112dfa1d0e2f89f9a6
fd78048ae772dfc022f9cb70e8d43560
36bf310ddf08e4dc065bdf8d002ef5dd
e6fcf377cddf339916ef2b94dc481b51
d1c82fb0ed92ed64008ffae531fff03b
3a8f23f9f896d4c92966060ec864f28f
f882ec5ff2fbf23ecece2f8f18e81d54
ec260b8e321cd183d185cb18f8b40935
076418f633e038e4cd94d3ba13a42ae4
d6eb22a4ddfbd49cff85d422da912695
c7fe1ef6e808e1350aa1f020f0550f12
25f10a912497fe9a19131b9f0df433d7
3078396de7910affff5905a3179bc755
f17b0f0ddbcbe449ce37392a2f9fe365
0ebf1700134a16b6239def78cde0d647
34d7d723364efaf41900160515add300
367527e1cf43fcede02adf0be842f376
e585cd32e4fe0f9eeb7fe43df406e129
dd26ee6dea22021ccc2d33c62e58f15f
348f0f0503431b73d763ef5cfa2215a1
faa1e9b1e9cc0515cf5f1e7fca35281f
0d53096401d1d14405a5d885e2613898
2840f216e490eebe0e4edf870e8cdd24
c5cee4d5e0d9eb0915010c3c108905f0
f3c8f708fa53e30dee1b01962ed709d5
dc1f0e291b2ceaf60dd22285ca85f2c4
dbb421c3e7f50564f45e0b6008a5cc3a
e9e6fba1c7230f37e6e60318f4d523d7
ef6effdacedae6a222790ffb34ebd3c1
f9a0db520752f340f706279803d02a9a
df0ed81cf62e18eac86fe15dfeab1fd0
2318135e31df1c63c5a735da23331405
e278d204dc8a355224f03a0ec6c93731
04ac0411000bca06178ecd49d6f32412
24b3f1b0159ae141f1da29bede8820fa
cdc3d0bd02c11465d8b51e2308cf3a55
ef17e60b04fbe38aec0a158c102dc983
fa4dcde6d7721bced510cdfa153b1e95
e34bf4680dbd156bdd2d099d0dbbe0c6
f98af8f62cd1dc8229fae1c9f22fc5b3
1bb1f746ea50e568e55f1817dcf906a7
cb360865094037b4f53ad8d9165ad7c6
31b71fe6e90929190e0205e8caaee6a8
12dae5fc2e682de1f45ae165ecb4fb24
f83ad075ef0ee219ed5e0eef0ddd2306
2c81d57cf011cb49dc4af0e00f6dccab
dd98f1491b71fcf0f61b1ad2fb7e2f83
245df7d71816cc7006bcd376d7daee0b
0465f5a6fd89212ff32806ed3478f0ab
c737ffdb154f061f2ecfd985385a0a9e
f54ae9d5dfcbc8f5e391dc7be478e242
e84839ba232f2fc302f0f50bd0fbd8c8
fa81f5822c233897d37c0e3efc86284d
06e3f8bd3399319821bc14ce0640078f
fa2738c5f901df6b31062c94207acc7c
28b833f7e2c030d11653ce6c1b30e13e
f06e2e42d3ca346d361b00a125d2fe64
d0e8ec4e2e2b3a87cec2e323ff7617cd
3a5a29bee71fceb9fd0007ffd6ed05fa
cfd337c4c70c235bf2000c5838be03e1
fef40253293eee81d4740c80d1d8db7d
db84dba8fe2f39e8f745fa0f312620f3
cee1d96edf571bd815560c2719920c3d
d0e1e34b06c424bf13f1fd6d0be2d78e
0547324a0eaad3383608f053143508c1
1a86e32224a40bca14adf40518560205
1dee3767f02439b2fdf5fbee173e1fad
e10005eaf8c00cba10b8cef7eb1330f2
05cccce8c7a9e1861c3a0467e76df75b
23adeabe3433d364d08a1097dd40f093
eb49cfcd1bbe1c47eb561f933017cf8c
e316373bf7de1fb4e1f61ffc1dac1605
01610d4e398beae4303fc889ed3cea94
2938da0cef231e87d3aecc2117751961
25c9e1172d49349812192db404e0fe54
e6e82fee10c92c4a0348d925ebaffc4b
ef930d7a085b0e292d06386135aeea66
e9dbf5da22b6f0c31f33c9aa2d8337e1
11da14e32b5eebb9eca81ed0c863def4
3817e21aee58fc37335d01b8dc1a32c1
c668f964e65e13720afdfbc0e922c732
e24a3001d1ae0ff6c94edc0d36bae716
ee8a39aa334af79a0b7d16b727d32a70
e70f2f97c6e1dc63010114ead6ccd97a
db572c92f253f8c42cd9ffedf30e1c5d
ea23ffc80442de53157de09411d522c6
3762e480f5c6ce40037e0db3165ecc6d
1ab3ca0bd5b32da90fa333a42f5f2047
f7bbdf33c8a827f3392bfe9d1dea050c
d67f371ed8420056fc4a1139cfd73789
e2741313211f14721f9bcdc3e2170372
22322236cf68175fcd47cf2ef5d0cd1b
f44c2dc8f5ef01b730ed1a4f166edee8
e296d4bfc6d413c5d94cd228e2500d91
d7b0d5e1fc652392381b2b0b3434c78d
0238cbe72461df381c9d15dfe78a386f
e8d32d57da1413ade9a411c1f8831d07
342b24c3f78007d51c1af485309d0842
2680152c11d0cb48d24bec39eb0d3829
2f7afcc71389d923e96efb1139c43a42
c811de12c8c41375d64f12e3f10232ee
3894dec4eba831182c011c13c9e90d20
d7ea327ac647156ee530f40bca1517d3
004e2d91d38e16791e21fe5d243e134c
e8ede3b0f8b302bc36c10084dfc72367
fc2e0c57db4cd72b1c70fa64e1b8ee5c
16b7340a28cb338504befcbae101ebf9
24a619e51b98cfd5f63c1854eea7247f
06a9283fed01ff71fd1d1a601b3328cf
0213fa123615ca711837c656f5c72579
1f68d06fc84338d4232c23e7d9f9e1bd
fbf4c939f6e4d524d40113c021872f39
229817311361f39df86f0e96e5a9032b
1ab1c8c230afeebc134fe14409501259
fa140a481b19e882db7332b52cef2759
24c5f9b9289207d82efddb6ee2141066
124e2fd3007415d01512294fe14b22cb
393c21111af11c6dd57e2b84f3badd70
1ed1373839e4cbe1d242d4a1da75d564
21dbe547ecd41ad123f129f0d081fdb7
04b8142236f1262b16b00fcd083dfb28
0451ca55fe39201cca3c0558eb07c93b
ece10edd1d27d821f998180f19532a6a
d24ce52dd01ff68af62be502274d332e
2148d8b2fb932c801abb0d73ffa3eedc
1eef0dc20d18ef2626c7def9c5cbeb47
26e7fd6515b4e2ced4e6c8f32d493778
167ef9d3d526f72a28f3116623d22556
17f526f4d9912f8a018de285120fce7c
cd97f3e6ca46fd2e0d8dc928c90516e4
340e11282129cad3db04cca70afff23a
1b3e2f62f41818d4389015eed34dff10
ef3af50ee13d39a609e029d0d9e22619
0509dc7c2dfd38222085cbc81453290c
eed4f392cb77dd161da31da8192f3899
0fbe05a6352efb5e06cdeb13c6c5d144
c823fd36d0d5f30625c5c6d4ca412c8c
259f04db38d72958f4c4dd462dd8fa58
3308190d0d44d199ed0ee50c228fd951
fcc6e2dcd9e018c2f475e6fb34ebeda9
f4ab3a71ce2fd4b11dd9fc7fe893e780
e573d7edc570c5d3f89bc92912c1cb55
238f19afd201d5c60daef0c624e50cf2
1aaacd18e9491a20f276199afdc2d90e
1a9c2ece224a2ffc23961523e72f26d2
39c71b7cc83614571090cb6516ca21c2
c89ef952da46cd4408f335d8d1411571
c8622912dcaa342c167f245cd938fa85
f2b4255606b415b7facb144707edefda
d892d2440406d3d7d49f10df164605a4
eba20e22ef81e7cae0dcde361f57218c
02d4e44a38f6da6df458114ff847caba
f7b2fbb4feda10eb2efb013905ff1fed
1d1ae09eca802ed10e4e24b22cbf089b
d82cf6f127fec89023fd29843063f639
d75e38c105ed2d6b2dd1c7e6343dfdbf
122ffcf5c96208dd27ea0ca8dd4a239e
0cb201a533fa04662ca311471e91ef92
ce12ea371786e2b7cdf625d602c5fd7b
d58911d331df2c06f4070edef1013886
fa07d01dc6dc28142de6cda5136fc9ec
210608a5ce473994d75ed344017ae021
efc80b692b331efe0e1807c6d10727f9
e89dcd520a4dc836e600fef0d35ddf9a
fb180f0b1000d5cd37d004d0fc7ee445
e430f8c5d9d434df363b0f54cb802388
03cee59801bf2e3725bccef31a671211
ffede44ddac522f23367323deba9ea1b
1bddcfbbd092c832fea1fc34048edea7
1ccb12a12a86fc0bfac50ebfc5d807bf
336ee79a17bfd329d2bbea22154d2a81
2e2f1687ee1be995ffa90b6239da27c4
e3943380fa05fb9ad76927d93298283d
01552d8ad174327cd17bca5c391e0099
e179fdd4fd9ad0013a1136de1f6cc8e5
ecf0f9e9104df99d0869de56369801c8
ff50e54625cdcb64263ee5fa0346d5f0
cffbed7939c20de00ce2d1171731fe66
cc7de80df93e06cdf00526c30981ed7b
1af6cfd9f8ffc9f22c88f0c2ceda0b17
f9fe19381a761767e6e9f409f373d419
32b41f8af04b0b052891de62367500cd
02a70d91f0b9d7751a28e41dd65e2003
354c024133ef359b314e040cf730124f
fc14ee11f184f3f1ecb52cbfe1400121
0486279cdcf220dbdf33e3300e251fed
e9f4def2df0737ae24770ee30d0a04e0
cf28218637a10fc02ea9fe88d540286d
042ccc7d1694e0fcd761fd78369f2f72
2bf9de4816a7041d0122334f3965ce26
0edfd515f2e5e44b2a02363dcc8ae7e4
ffa5c5eb2155d4103949e8dc16efec1f
1621e100d365e905d74a264a280e1e00
c5ad01330d9f2fdb095710e8d49a1a2c
009cc659cffde9eac83030871a39d130
27c7c5fb1f10ffed33cf2d2a0788389c
e602ca8a05e3286d227a1099daffe2d3
20c92ba11ed0c9d5ec6b238ac7b71636
1e0be75be68f26221afe2380f582eaff
0ce31a1a3331221b178f2967329628f4
e43adf0626fcd6152013c8aaf094d131
25221c3cf459d298221a276afa22334d
30b6359be9863183036e3824e9392a05
c795e466309821ed2ef2eab20ee42a41
0a9c19e5328c33c9191ce279314dde9b
f759f1dc0965ec9230d9fd02f22319f8
d4862efb2d2803f3fc8b2af12208efd6
1fdad4ffd443e8c2ed5d310b194e2da9
d25cdc9b1136ec2321d213b8e072e8c7
14e032d9e716de232806d0980174e3c1
ea492400f0fccfc815e9e9c9f274013f
fbbe13fb0b391c493902f0bc1188e21f
27a431c321af386a0c86252817ad16d4
d06b21ffcc9505e425e1f60dea7ad4bc
db45f22af8461e132a11fd5a0943ee30
ec07cac4e393037d024ef59ec6bfce21
f888d11b26a4f44f0d55f8be10a72bfd
c8b3ef9dc7613029f66c16e3c8b5f4cc
fc17ed2fc6edee1dc81edc3bf2d6dc9b
d9530f2cc96b1ccafa5fcb5c23e439a3
daa53a57d790f53604f8fc34107ee08c
f84239352cdcf56c04491abf37d9167e
ec04eaa822ca250b35b034c238fbd39e
daffed291402d38b1970ce4c05fdfc32
f33bfee6d2c3ddf915c9dea319a61a70
01af1cea1703f5490a9802a10672037e
075b2f0f39aee305e1672e5e2d110137
dd3a394e32ba0bb614b928c8170e16a6
34eae2ae2cc307312ff830f80167d638
1d91d5e9c68ed38726bec5faf258e3db
f3c122172df70ac4f671ebe707ebe556
3885f388deff32a7098adfc6e8f11568
13ccdac8e9242bcdfbcbd118da632b9a
0d031cc527b9fbd5214af0641b2ed6c2
2f70343efd4b17cfce1dc897d4bdedf8
e8600d142f63091c25670914f4b2ce3f
353bfe2f2b4de189d46f1a352a581b81
ddf9fa4fcd34ef5738edd74d1b21013b
0aca273c272d3392d20bd4e108783127
11d6121ffe41d6cf0dd0d1b4038c12fe
e669cdbe096afcd72642383ad669dda8
ed142e62fa03dc74d14d24dbf4b5d9ce
341e201af546f5ef298cf528cca4e0f3
f455caaa32a4cc940db2c6e223d2284b
d51e2d4a2bcedd91e23c3945e1e91c89
dadf1a1925093a0ae17adf7fdd570b5c
2ee8126ad87b2c50e1fce859eb0bd893
f2ded48f0126ee59f13e043530ef3310
db0f217ad02dc61e26250c28d2dfd7c4
fe02dae7ec35d76dd794d72607f0e85c
101e39e1d4dfd45bd664ea9b18bcdd60
d53a0ca9e02a00a40caaff1a354e3936
06ae37110b6ffea20137ec39ca2907e7
ef22d14a0d9bf88519412dfd0a7ee3cd
d0ab24abced9fd6e0e120c99c7aad571
e37f25181ff7cb71eabfdefdfcf104f9
397d262034ed0514c93e3229ccae05f1
12e4d8be30ecd95af64dea74e7843573
d7472028c675d9171a33e0bb392629ba
10e3f57defbe1f61e9422724050bd82f
1c150f80133cfc7bd861222fe0fdc5a7
325e18adf5f4d86fe57a3058e96af6a2
da8edb391303fddaf34b0660f74df849
25911452197e39f6d89d1c1033b3f846
e9be305af47c1867e93714ea2401040a
23dac8fa0d1be115e7933a43293ccfa5
124524b30898c56dd3f1d1b225d3170e
f34de672f1863316f0cfc8b1fb1035fd
d99828622a9ad9080947eab918e2fb29
de163275f04f371afc3614d1cc731f54
de9f3a82d99602191d811b6527890dcd
f237e306e10ae2fcee8b07743622ebc2
0102cce8def2cc6dd67735aff4c93801
12ecded6250b0245d3d7ee2cf96930ff
ed802f720b18fd15f877deaefc9be754
2649f9b6f4750be82a221a7bf1a4db02
026238c81c75048824b6c6d72db2d74e
f9722c7224acd141036bd0e4c967fecb
1c21d2c31f9f3a52272beb45d6b0db91
eb9f1123de06f02e1677eedcfaebe290
d9b92a701497dbd318790d013217fe56
36caede60c45e281dd83e3a11b61f25f
cc6813a9212bf27e29eb1dd5e499cd1f
dc6303a1d188c6651b802b03e8263039
0df736340dae3a70df71e51834882bc0
13fcfc832230230df33fda45ff2ff3bb
d6ff29583698dffdd24fc77607efd2c6
d4362f4500e81cd0003d0b34f9163382
23f8fc2befd4081010fdf49d214de722
dbde2c28192beea50b1708e4fe9d1d4c
ff21f893e0542ac71fc4eede2ceb2014
e761f00ad09efcdff4d61a6a239ff638
10d20051ef49db0223db34c721b90367
21ca22f132dd29e704c2ebee1befc8d5
316eda72f8a838fd046e053b31681320
0ec8104adddd0b09db8b1f56c906385c
0b10e0d73774c90dcd7bcf261f50ef58
d6eff2fc338e2c3c151924af2dc31aa7
06831e6b126916923088218d0187d850
32b5d84bcbeb1280109b02bb3a43ec09
f049d8b125bf0e671b9cc62b093c1716
e9e2d964fcf2cbbef721ea742d4c035f
30052dffd5e4f310380fd2261923c970
01e4cfa3ebf0d7e7c61415d7340114e0
e102141fd259e203ca76e9fb3314d65c
0d8a31b6d1242fd8d775f58fc92f0ece
2a5309ea0c90d68c108be2571b05daba
f5e41db7dea01b41f24e147121ff0212
18c43938f240d66f057ae800e959f82f
086ce782e6b3fb64fe5ae986f766cad4
26ac0ac7087119c32db2e2680901eaf2
300e1400c7f6209316dbecf63288ca46
2792ed8b137436c6db3dc9eaf850e036
37e6e36be4abc9d0efc2095bf4803854
e853251fc844d8c5c844ce0a1e7aff65
cb62ee981c682f9dc9fa1c66074e16d8
2a6ed6e2de95d22dd20c07a00b5ee89f
391213e9eaeb334bfdaff64df68ac58e
09000b51cee5248f1594dd9903462a6f
11d6e128cdaf02d60f53054911b9eed9
e4ea156a02edfeea0a1f0685d0a5dadf
2c4be029fa1900573866f74f122304fa
d42dd2d3db77e27c3824eb8f166519e1
e35ef88f1b8a19b3ee96e6702887fcd4
312bf7842b94328ed1a3da9d1b0aeb3c
36731b3f0fd506722367f451f1bc2b69
161e2ce1dbb8f5c5d0c0258d2efa278e
fa7cf121179501aef6b5dcf7ebd0121d
1a563067f37a2e763a960914e7da393a
d4da230e16e5e9421114e3020a98dd9c
c6dffa16cd770fda1ec0df0a3689ced5
eee539c9ebf90794d45528f128c312b4
00f7201824502e2e39840c9932ef14d5
2b0defc7056f1fac11bae33ac965ed70
f8c7ce5fee7cce59007d0d5eed5bf3d8
161e256df5550e41e4f406f5f9a118a8
238f0a42f0ddec312364f2e93006c96a
29ca27b5d82a23f01e1df303d125ef59
e982f2932221d7b108d90625cbf22cb6
fcaf3513e1fb1b2b3a54d6d332b6d52d
dc7de50d365be7e0d966d39d1d6b17cc
0c0cd458ec43e990371ede450504dd04
2304d4e232a3e52c25e63967084e1094
d735f1f5d6602aaa19e3043beb5c3757
d477ffb8e6a607021ff6d8cdd0620186
e713008ad0bdffcb1a5ecb0ad2f7151b
db7014ed16622c02dddc29c9fcd9c60a
17b8cc471629c8acf15ed6a039b0025a
246306211ca2d039f84e010d200431bf
e48a00ce35ced57ae759d11904c6cea3
fd24c8ae0dbbd3fc18c823fcc9f9da62
db85e8451f42d343c65c1c51d476f2a2
e2c114fb17df2d2436d4f3e32a6ce503
0ef13327c64a19ccdd0f16ea1ffed018
0ad2f4201d4c284d2b32306826bde7e8
063d0cf60e082d7cf72d2d16e931e70a
ec5ff4a9e4cf30f72af0e3520bf1e066
2c7ed448cc001849ce7af02bd46e2acf
25c12d45e110ec92df8f0c0f1e91cc01
0a50d968d8cecd7c17891832278fdc47
3707ea7c1d25103e37d8da5ad4bef36a
c6bcc6cbe3b0e40af7b4f9b01171e016
01562d53e5ff1c95f916d0cefe4e21e8
00c0313d2a9edd80fbb3154cd179f279
112de676e002fd2405aaf2983838ee89
cdebd03a277ad928e5d72ff3e7313413
e4160ec115dce4772d1ee122dafb38d3
eaf12a96ce37c5b9d70ae31bfc2c1fba
1a55280d1d723433d7570a94f16e2985
e8043011cb1af57302342a33d579ed9f
d927fa54370d2025e7b3dcc2df051284
ee6ad1faf889058907d6c6da20b50caa
0077ef04181323df2723e4df2e9402fe
08f6fe060bc0004e05e6f0e4322aca37
ca7ee26dcfe62a5a15c6ce7efbf81af2
dd29f7182b8bf338c79bfe6cdd1f2f8b
220c28b7c92be51100f11a2729c0e1bd
c7c9fd7b0e9c2f7c38a2ed77cef32815
f9ab1f2819efd29cca043234d77f2943
efa40a56e37a0918226224b70974c681
0674c9bedfe6295dc58efbd5ceec1604
289d050a2a9ecfe62e521269ea9bd56d
085e179220f90b4e0bdad05ff924efc5
03480a6a053d172a019bf763f23bc983
331eff18dad32cc3e33ffb843008e1cd
eb673198d750e7301ea7dd7a2d98cdd9
ee55e241018714db1213f9da22b105c5
20101c601b67d5f4dfdffd75e9900ee7
0271108a1691e9c3f0d7e65fed77cfd2
2ce209edfc68c9bfd6033882ff95d7d8
d157d1800cd9f1732fea36bc1c3b0f7a
ce06fe67241a1c05072618e916af08d3
0be8082bc70201b22013de5812ec1b5a
d4700dbd190b1f6bf70edc7b0e9ec5e0
10452eca236d002dfeeaf271e2292b6c
20112731eebafb19e91a0bb8e219105d
2d9ee2f2e4b11d8315ba279c34dfe0f3
1d2206c126fdf6a9f50bcaa1d7a5f45d
ffbce176d9402d02fb71d334cef30d02
3835c63e2e74dd5b08343992e52c13dc
2a4fd8193569218907d8dc542324ef97
eb7a33bed373d2ff138429312f07e7ad
f82ad363244c2f7b121ecb02c8bff033
ec47cd34166f0b7936a5e0dc3a25fe8a
cf04269b248dfc2d212df120c61c11ca
321237a2e78328ead03c0417e5840d0b
ea2c1ec100a6e6c426bddc431e82fd08
1c071ab4f918020df2c2e32e1037f798
f4ce16a4d6e0e243d2572f6dfe04da38
dd3ce62438cf2652f9dadb9ef4bcd152
2c20115e1ed01b70e48eef82dee9ea99
38062deb10fbd587e0a4d4a7331dfa82
d8942b9616e11eee138a12f929ccda28
325ddf5c15860258cba4f2c3151617cf
2b2bf463ede0f0cafb7d1171045ccc9f
e19af67cce9722c9deb23a7ad95c310c
eef221eee0c51f762aa2343d0d3d1526
ddb2174e034807d0d071f61b135a3485
cf62e22d14ffeb21fc6ec85e0654df26
ec6f20e8cf680626ea0eda64e8f5373d
d932f0141e66286111543385196e1ffa
22a20c58f05d0912f579075205d1f3ca
2d5903c2d117fbd8e794cfcbcdaccf0c
d8fefb0ff521dc66e05fda9119740140
2c612799c70ccdc83695e496fdc30ac3
28ff0bd837052b7d0104f39ae7dd1769
28bb2852da383055f5360fe01f6ed472
e966f959f3b5e128d2561fa61432d238
0da63a33e73a053ac899c7a91043ef7e
d5f9f08316190c130c71cfb9f14d3138
15e10234180fdacdd6d1dc94e5cd08dc
33390778cdde2db6d53cf107f388faa0
2622e5de0c65ceb0fb7f20bf0eaf0f83
c8d11db7f51aefd60a94246a041a2943
e38915f4e1be10d7e5341997eb7606d9
2d010d5814ed18a3d7f80db5d5cb1d45
e5aef611cfc8cdc9cabf0e20f34de5bc
d53aff9c35a02cfcef22dce1f6a93a5a
0595d6962d52df0f074210adf6293333
3095eab421ca2ea1d5082a5ced423840
f9aaef221bdfce0cd5eff425d884e908
d14d1aa5010ce862225cd1742ade0752
d55e29ea1eb32f6fc63c06d81a65cd74
de39e0e3d0690b3a04341bb1e9e70ee5
3201e27b210b0911e8b2db8d332fcb72
da0018531a3d15cafb98fbb712cfffb5
d25ddd722be5ff9dcb45e44bf79bce0e
3541cb0fd6731a3ef1d4eac033a8daa4
24cb1242ea4ae2b23362ddaecba71603
e6a0d0ae39ce33caeea131adfd26fae6
de4ef9fd31e81b8a04070a9925f5e241
c5fae710e7310d16f06fd71cf89f3a33
fff317721d090c59285aeb8e1f26e6a4
271cebe4d3d230a9ef10dbfddcdbf978
216b2a72257ddd78daecec541707d8a1
cfb02deb10b303812966001ffa850f5f
169ed6b217322b0fc61a2ce6e4e514b7
2b8df204e6f0162f0d2d3a602974e62a
04c010e5e621d2a00798f16931b91498
dfd4fa30e842fd18e309d154f4230457
0b11101aebddda4cdaa22db1fda6f2d2
2fda01f92f56235e000c0369fe380d9c
13e11cb10f0724d5dcca042ded113819
2291f9c7005a08801577155ed1e3d6c2
def0057e14a200a20a25d9d6fdb1f0dc
cb6c009e319a0336edaa179c109fd089
3072fa221c442db5ea16e8f4f2020d20
e431c620065b320bd1a7dc12f6e1e395
d470187e32a2073b30ebf347fcc3dc21
d9df3a24cc6b21b5d3a42447063ff5d6
e920c7ab2249e601ecac2d5a2b9b2265
02fd359a0aac1290fae31d3fd69a1141
0b0d25380e2119c92708fcdfecc5040c
ee3ed1fd386d0559f47304f2ca8321d3
d5acfcf92ef40dd71e8f379b2cb0e62a
fb27e8d2c8cf1c06e134dcc3f5c6f06d
f57a03a3f307317b0d6cc5b2c69cd916
d9d5dbf3358902d9ce082ac31b79d709
f726daea14f2d5b4e26ad0741f9c3587
e4a30153e2a9c66f1574f8f81dd7fdc5
ce872945010edff5c9ddfb7de5ccfb9c
068026daf153e93c15a7e396e37625ff
f9b90c5a254d138735e521eb0fa60639
eade166c29fcc78908b107c8c951f21f
03aa32d2da07c77b1eceff4b12871763
2a7e39a72504310121e727b81326ef8a
18d726a2e7f7e929f4a531130a650727
c7d115e12f0c223fea223121f98c2628
ec4aef6f2411f7b12bcefa811aa61c68
0b342d4e1aa72cb93a82fae1f0441c25
0554f050376030abee711827fd7f0c1f
37d1f22fde88ded60db6d635dfba18d3
05c6ceb6cef60dd70dbd00a8e0cdc7fb
0eb000fd08d4e5bf2a5835f02861f0dc
39fa0811005dd827f3331a09e71ec8a2
d412c716cc7de6602b98e41fcdfddf08
f32ae7b91a1b26631f512e96ea36cfc3
221a263df0f2cf0f0fab06f727a72782
3533e528ef4ee72bec8cecfcdbf8eb45
153d2ca91c3b2629e12835e9eda42760
3a3ad7acf64dfab3f357c87b0c621dcd
f329e4b8d04f161b344e1adff86deab4
ea010adc3994fe67cecee928313aece5
f3abc610fedfe8ac2393d5f1ca3af522
df9bdd761b2f39f81a22d71d14b11f99
3951cdf7079c38c30fe12a9af271fe36
344a327efa10d421d35918460291ec8c
2bebe3d8cc5c0f99e2e81d8602242bbe
16291d1f044cd75c29b2cc7bfd402014
c9550f972249f39909d023c314fa1a33
f6aa07fe19d528ea0d5ad6e5ee4809f1
33af2b940cd8ec772758cc1c2535e211
3222086930cb19171284238d2589ff22
e6a8f6273a4723eee76df15b36d8e02e
337dfa370b400bfcea29f4e1c9ac05ab
f00328d2dc4d38b12cbfe5c6d47610c7
2fa724a6fca10797d2611a1429ae0522
f1b5ccbdcebdec95c852f899eafb1a80
dcec1a2710c4c878db5834961f0d391c
e7ffd54a33a5250c1d83d7e9df15c9e3
cabbc85ffdece6c5e26b3859f1b600af
e64d33c3c7dacf0b00dbca21db92c5be
381cc77bd5b7df0a2f6815c136a6d562
02d6e7ce177c0451f292d1a1d1e12cb7
d4af26c01d18f4c8db46c7f9357030df
f5f900381087e77035082670286102a6
3186e211327132a9e7db114500e1169c
f86dd285088536710c8c04ee26821325
1414ea4911c4d9c0e1e2d2d52704d92e
ec181e6628a4ffe6edd91b34395c2e04
c6e0d924e3b1104e0e4901bc16e41224
0ec70bcf172120abeb6efe4826212344
eda5d9def590294d03addc6e292a20fb
ee902722ec8fe15e1e85c9a926d7115c
2d5a22a80481055d2838f2ff13ece17e
c6fed8ba0cb510fdfe2e00a0100c3973
177338d6e920cf3df834d80112aae07b
036a083fd222c8113a43fe882e73dae7
ebd1ef922660ebbfcea7de231f33dfdb
cbb22662132c1ba90d86f34ac5abe38f
da80e85d092234ffd1e2d486f0d6e389
f6963573e6c7e093ee890322ee8b1d50
054ade59f592c6fb2d361ac1202a1f91
f367df5ffe87187dc838e1e21f3ee618
2ffbfb1fff1ce65bfadadaad364b25a7
29a9ed0f0690084f31af0bcae34733ea
df70175edc482632c8f6f7141dfe3727
e948f4de070bdccfcc01cb9bea510794
3251f3bb0b5b1482d505fd590079ef9a
dbecc6a0e39e0e60fb540e82dc4fd39b
0255105231c42960cc741a69260e28b3
e186d2341cfaf6a00111fcc6d5622de3
22cb055225191a0205c5d300d963cb68
1e1dc641f589359c2a1ecc272a341fb4
104f25122b48c5f8c613c69bfc3ff607
c627ff562f631b81fa6a2dfc37a1e817
fccfdf99e5cb260e0caa2221f2c80815
1980dcad24ae13451087fd57137f2820
fcf4f78ed929e0252243d4291d3fcc74
020911aa180bd082e96f26e2c6b4d18e
d342e667ddcd1f5fe806f66ae64edce4
ccc3e6192c4c294ffe0b00edcc23e7e4
e0a8dd79d01fd75337b2231eca801e19
cf3818b11d79d5fa2ecc00ee2278d6a4
dc96c914d4a326b818a524a00dd033e8
f04110dee0bbd7ea193f209fea280705
0493e1fdeb8e0e75cff1178c2a45fe13
dee4fa11159a0ba8388fed8b1a2a2551
f9792f2e135a0bfb149be22a0c3822c0
1e3939523640323bf75318b1131805e6
188d1915edb1e0dbdfd8fc35239e0197
2605c5dbf223dee53172ccfa2583cbea
1a4dcc2ac8e3174bee96e4a5d9951e2e
21a7daf6d886fc1c17e50b44201425f6
fa35d6f2397519e2f634d39b0f871916
c6b7171132043a5c29a22e8c28eac569
c83815000fcdf6d0c5e50777217522fc
fa6b085d385eeb4f26ee398926f51fc0
3514f121cfdec884dde2d42af541e7aa
de75e3561ec2ce91fd78d42af8770a62
261d03eaec61f9e1f41530b1e9721817
0d2ed4a822fade622a1e0677ca901a9b
0e92d8daf9e41ccbe4f7fd48f56f263a
ddf9149a244014db2c3bcd771c7dd214
dbeedcaf362aed6ce61a2a0619393246
2322eb350054d041f081dbdbc8ebfeb6
f1260164c8afed1216131495ed1e324d
fbe0cf63e207dc52e097ddfafc6fc9a6
c699e568dbbe198e339424eaf8470e40
ce95c880d766d3f6fe6137c6cdd1efbf
332e35fb00a61227c883c74dfdeff485
dc09218eddc6ea2cce95ffccc57eff96
f2571eb8e7070b36ec47e9a41df5d67e
f469f59deb482732018bffd528372637
cf55379411ad0ab02b04f7721016f4b5
ef54fb71fdc50d94332c2656e938ff37
2348d6080a3413742b8835502a7a2cbb
0f4fd491073a2d9fe24827032068eecd
05addc03eea222561987efe0ec492da2
0491c9b2e52f1f1dc995c88904430776
ef29c61bfcace06acf11dd68e3f935e6
196d38f339e403393193f04bf5d1de11
3a94c6e6365b00e31993fe2938962a26
393026f90e8c2ea813a4db543056e42a
d4d20da2dbc7ceb3d12a0fb9f98df480
1dde14b7f9112fad34a2db70de2dcc16
28bcd7c632b5c653e623304ed3ebf460
ff851a3bdd6afcdb37171f52d7f11f2f
37bf387eeed419fe164e185039a11ed7
229df98f394ae6770ad3f5c3e90e3576
cf07da8d211103fa174bf84a09c12870
38a0d780252a3631186cffb72ab512ed
eb58d4f4d078ed41fa880df40fe4de69
174bf7230372dd91e96f0021f52627b3
d3a514ae1aa73833fc44f4ebe20b2e93
d702f35be192e8531975e090f81436c9
f77bd43df88acc3d138323370481feda
16b326851285391bdcb0e580e7f9fad3
0334066c00282d2ecf26d1cb1a6c29c8
01feddd9de4dd9da14eb237330dbeb3f
25262b160a2ce134d8392863f08c0d8d
dac8fdebed312a251383d0521395ca3b
d254f4b91f933774de4b0035cbd11bf5
e8ffe873cc5c0f2c2a4fdd1ee18e08d8
c9ee2de30546d643db7df3d0e7133524
0beff96f146ff8221f9df59e29871aff
ed3c135c108cda6d2ea913fe27e5f80d
d667e918c75ef9bb357c2f6712c31607
ffe2182edd27fc89f167e054f2290ebb
efaec669e59ee259df87d991f44d2841
1f20fd53350e2ec6c99f238df6f02c98
f799cd7121a00a950e65e7570be30068
fa063775e3e1286ee0adece633e6cd88
d88c24bc33662321239aef7afca4d8cd
0e7728fdfa57e8e417fff45125faf47a
15e12d361d7c29803141ca35d4492521
eae13347f9361fa8e566202b23a10ce9
0f1a34b920b3f25fd6b5ea471696004f
f189ce38c94bc9edea410d3822a5daf1
f49ede6aca49220e1ad5fe1dd224f770
00741bcae3bafd27ce5c0c7a05bbfec3
ef46f456224a2190e5d8e3e8ffc70d93
0a80fbead379d60410aed6b4c759cc08
c5e7f6aae1e9d0ddfca726a807c7eb21
32e2d039f53d31f3deae2e10326cee6d
f7e503cfda32fb1fd8f9c719cd6e1dd7
e652d3963082f51136b6edbb0d6c1cef
1dbd053ae1d8ea8cd0621cf229f93326
2a1d05a41ec20af81d5a1f10dc2b1536
cef4ee0401fedb27d94dc5af20b92922
012b0b55d092f850006509bc232de3d7
ff4dedf2ea0c1e80177feeb20836fe2c
39c13401df76e1dc36a4f38d2cc620ef
06d5d682f8011fe31475d46b088108db
1309017b1dca0c5adc0bf6f9fdba2cda
f9780c1bcab722060f1b206712540c54
2056d5543781f1a0d933d7e03353d643
d2b1f80b0f770440257ec78f0e53c5fb
eac70a6e1cd5ccb2e42638bc098c2bee
0e0efad1d4b1d8f5f1e12679ea0cfa06
018ef3fb222c1ad9e62b282a2dfaede6
0916ea6c00a1232efd642ab1c7970f36
da1520e038f9025efa63f3a334cf33ce
16542d94fb670f3be5e03a46c8220fb7
dbf0c96413990c9b1973f4ce1e10ff7f
032e3776259101faf602ec5c377e2eaf
052bec092d4ccb6238b0d48aecf2dc3b
cc670ed412c82431dcf1c7d6ecdc2849
e79337f9d458ef87ec33202900902d6d
2fa2f0f3e71534d722f21f32f246e15a
332efe3b17a433b30c06f2cbf51bd6d0
c825203df265f6711062d5f7faff32fe
d9f2e9d8ccd719f2159e0515f2f0f73c
1d1e26ecd3fbf85f36e3d387d58f0e9d
080f2f480f43f9d9d0d9d78dda22d4dc
ea93c90be700004736cdf63df411e9b4
12221c66cc9efa95f15410b11b981dfb
0c6a1a0bf366206e081a03a938c03819
f818ef80c7290499c7eedff40ff6ecda
0b1ec98dff51019a1860e1c2e4bc2dc4
2378209616cacd36ec39e40dd8b2ee68
f4c7fc7925b022410607cd0238acfc92
db96fea2f34fce1cd926c95d08cf17c9
1d8bfc3d39470b980e3e23140424e96b
ccb9f07dff6df1e9e953f74f01f12eb4
384e2967ec5dd22cfd28f1d1ec4410be
c7221c0939bed6b32273179537040696
c6a835a8d8cbd617d634040acda725c1
e9093227284fd5b2e89b231c2ebbf3b2
377ef9bee34c196b2e740eec33280b4f
192dde8b2a7323ebeac6e40534eac818
1b65204def30ea67327a20c1f713f2b1
15a6366b08f7e74dc5ad09e42e70271d
eb50d9a3e20be2f517c8ed9b2602c83d
dd690521f381c61c0554fd700f1707d1
068b04171125dfbf2538e76fdab811e0
d5383945d91f0568f6d9e12d1dedff91
c73109ceffd8cf043187fe2e170ee5cc
ef301dba19b4e1d9c8581cdc04f5cda1
fb862213dc1a1fda2e8fe9f1e1c02f7a
ec6d0b0ad31f2ec8ce0c0db7f49b2626
0943c79eef8ed37a28701ea1d422d575
311bf532d9a4092cd331fdbec89a286a
f02d2ca8fb49d4bb19cadc950a68ea08
234a2b320eabf19b123ecba9162d0ea6
0013cfd20ea5f14a24351fe8d473fbdf
fbf30f3711bde49a34eac79f2bdc080a
2583293cc9e5eaede02af6ed34fd2a7e
f9a20d42db5f30bc342a0c32cbc206cf
29bd3a2cdab937080c0a1d69032af2ff
2e593976125d04b0c9ea0cb2e9c40460
29d4f265d74df637cda9152efec6f0bb
34b7f5aee3c01af0e178cc45d498d277
cf8d397ec9b3ec6cf45de604340702b4
2a5a2d80ff1cd91ef25113f818f2ce40
f22421a4d160f9eb318009e61ac1f6db
e62207bbde73dce6d56e115ee79ee89d
d7fbe0f8e0d8d0571c160ef13466e94d
ed3ad87b3297ebfe0c5924be2b47008c
e016223225cfda3226200b55185bc81d
dbb4cb9e2d9211731f83d81d254eecd3
e6b23022c63f17f1125d2072d280db0a
3720ce89cf362291d707ff37f212278a
d6ce1c9005ed1812eb3eddd9f91bfd3a
c83c35def0740212cd81ee9dcc56d0ae
dd67dd370b7329fad5eb0601fa38d76d
d449d534cd00e9b9e77312631e50cc95
0298efb31575de72dca929340ea02724
04f0227fcb3bd8db1de516711c84337e
06c206d00655263e1017e95320f3fedb
f395238806190a9a0a0731ffced9f728
2eba118ffd4e00e6e166c59339f0129f
1f7b21a31c6a06a62a7fdde7eed2d976
edf9d559034f1189ea62d122039008b0
fab224c1213ddad913b534893971ed56
2c58db75f2212d7b13df39712711d091
ef2d218dd46912c40204f41113b80525
0963d68c0065e129d395dd170b0b1b8f
ef7b16d522a90f4eef4a28b222c103d7
21dc27d0311fd63225f129f423e12ca7
d869dbaa04a8fd26f5d3e8402cfd0d82
fbdd30880d67ff17f59425f5f049edbb
dfdf1a4b2054265b2d49c5a8d7d00b32
1b8319e8009732b6f105f7e81820ce83
2c4b2b50e1bcdf52e1cb18dfd093ee4c
3682165fdfcf2a4c2ba5d820e985105b
f77f0917ee05e40022ec20dedf26374c
1963241ccbb9fefbf9c2279dd0b8cd94
eac1d0ec27b0372e2f82e56dcf52e72e
dcaa0164cc9ed6e80c4915452c74f4f4
1902157df5921757c7092bb217c51a6e
e325c81c2adedb960c360e2df36c1fb6
14902459d069debbed282059dc7b1e7d
eac9d08601ee2ea928f518c51abbcd95
e333e0b5ecee16c0f89bf212fc0238df
2baa333c01182b17156a09d318e4efbb
d0b9e1ce0f1af872d6bcdd91d8c5faf4
36d9cd28ea05d8282c502aec1f1ce136
efdccdf502dc0db2cf2fda0303561fa6
19a40819152dfd7cec8cdb7e0daad74e
e6a2f5e0d4d21e7f0463f4481a9732ab
0e3e237e2dede08dd98ffd1229d7e91a
f02728ae33f90d2efd0ee4ae1e112834
2530000de1fa0ee4e255d232e0070b38
2b85296fe25bf572117c2c011cf3f275
1f68e13e30040144f9ca0cce1c53366a
07e4df85d61fe8e3291910ccffbe3a62
e733140d0bf73172144638f2fc2d1970
ea7827d5e2833505d61703e1f0b21b9a
24a111220c67eb4905b7d3ab1406fe96
3045f8b6dd3b125a1733e01b2f2acd84
2ac425dc399cf121e1d41da02bccd47c
2c2ef1210f4dcc7a1e31fc4e3392c9f1
c84023dad92f08d33915d744de88fd3c
dd2ff31c212a0a2cf7b02574efa2eb2d
2368c9dac860f32f28aceac4eab32f2a
033d39c8300dd90e1569d631d12c0fad
1f4c2c321a53ed1524890ec2018d10df
c5c02eb8d9db08af1d4be9001696c5a9
1585d3580b093a29f166fe6efadfdaea
30ecfbf4d0ec36c7180aea7316de2671
32b4ee4bfb7838b3de39de1ee9bbe928
0d50cc7df1db130602950af1e4eacd92
d46df6fa23f8f5cb040716033350385b
08b3e01bf69924f6145322d1ef87ca2a
1888ff16f3fcc737fc8fdf0dec90f96c
e20836552fb4219731c2cd28117aeae9
0ed9d27716ea283acb45eff534670a61
f6c7d01ff561f3f1dbedf2bdcd9007d1
1586cb1418ebf0a2278ac6f3e2caf232
0b85d91f20cbfea320e1d680de2c39e5
036a0af3cc71ca25fe2206b2ebe0298d
f320e896c5b30d1be2ea132b1bd63647
22f2c75ed12cc87cc840ea48e5520e57
2dec21f32e4036ecec76e68e228ef165
2c32d9d6087308fa02baff23cabd141b
24db0b9107ec05ee0b60fb693227153f
dba824bdf34bd4660694f0a2fd2d0480
31870b8bd2b3e0e7f304f3a1c6c7e28d
c905f44defdf3a4b0637d876d3680965
2b2c01fdfb4b140f04ca01ce156631a4
e2302d36057c2e7c2184f4c6ff20f008
df6238a90d56f5bdfbb7f20ccad2d9a2
1fd4f8f330ab1955e59cedb91c66148a
df0c0dea1de9d9060e0437b6cdd6e51e
e1bf07802ffddae2efef2a2fdee62b22
f8fddd73c8f836bad5a810870f2937ee
dc2a2b780798269b0340f6ce1098ca2d
d6002784f5e1153f00a7f9c320d91795
23bdee5e2ff8cc19d7ede76711210f9b
3411d221106cd7ac2936d27a1abd0a7a
c7f4ed4be5c107f22ec5329cef8c0875
fe5ed591e387d73f10e4ef94232402e0
d021268d00bbfca8ce06d7912166d341
10ebf70228601e1433ade92937c02520
0a1cfe72391cdd0af306d4ce286be9ec
0294fcc9d5203767d6d138b91aef3730
fc89feef1e86dc24029de290fe3f1f0b
1caa2186ec6bd10513fb04583a392dd3
e3d2e89c303bceb3fd8e0c86dc71ebe4
38b71d04fb8efc37d746e0ad2cbbf598
1ac720190ef21662f43b08eff0f0cd93
223a08d92629e75efc79cd6ad221f6e7
df3e345af34630ddd992fb05ecd405f4
e0fff74cfefef53704b1ed9a19c91bc2
24defe19fa963a692ec1375de173cf23
ddbdcd74f4c2201b1a73032b0484214e
d17df78cfce4daacf0142cc1de93dadd
23c0344be3501d1331b436a7e0fe1ad2
c7ffdc1129751273cb4fe8a500a73984
da3d28e00adbf6bee2c4e5ad2c060e1a
d603e8120dfdf06b1b90f491d59929a4
2276d9d4c7872297ce752e07ef87eb8a
eed40dc9372e04aefb9304340f17063b
163c09d3147fd0b9e140ec9bfb3e3a4c
1b7c0cb2ea0fcd2e3a5be30bfb562a54
cc2de86ad2bfcb36e5caf97fcb15c811
f9b4fa6401c002e8f79eca1f01291d17
ffe336381a4fdabbe0e5d8443930cf16
1ddb2b08248230102febd43611f3f870
235f1a2b1f9ef5ed20effcf1d8722332
c8911f2a08a32d49d638e90618a3095d
f195d52614b0f27de6e9d9602fed379a
0e31e0d2fb1e0c55ce5f3515f0892f5d
2f27207011283162d813d53c26a81330
fdfc3a7b1c00043ade99f706100bc6d9
116dd5bd3985122c02f6318ef9f41edc
29b01c24188715fed045d3e5d4bb2d7f
32c72e39f9fdc5acf51e26fcf1e81bf1
d9f4f90ee8111977cbaf25e9fbcf2236
e28efd73d460d318040c211603003011
c936e6a1337c244e1777f910155ad90c
3a80d6b708d7d2560f23d49bd668f2fd
38bff67af214116bf68838e137a039f5
e699eaea15da3a19e346dd06f691046f
325b18f93139dfebf2841771e29419ea
df2933e00cc00a74e4b62e6acd8d1029
166acb53f3a5eca8c964e09ee7561bfd
d42df49cf71d238b2395f216d632f9bb
08edfedad94df85fc72df6091273d090
d8911fa51298d643f558122e3a55fa8e
d0c2ffd2f238d0b73760f411ccbb0c4b
e8e826522659054412b131cbde4e2a44
ecabd76dc975fe31f71f139acf8cea94
378ceacd3756f3b4f707172ef43b0ee6
eabe078413af26b8e1b7cc04f0b4de02
2a6cf7f40671df2416eb38afcff7374b
db49e801ecb7337a0bbc2504f1fee008
e5c034a8e14cdaa3fe8534d610fe1fcf
2e4be171d80a2463f1dd218de275f82c
e630fd752ac2e840ca5103ac22912a97
3a74114b0c2d0a3bc90ffdfecb710313
d6b70999c6fdcc9bd967f0670347f844
f6d82a0bf159e6e30158c6252125da51
32b015e8e4e41080fe772e4429fbfffd
f235164ff0b40a89f34e034e3367d138
f32721b2cc0cf90439e2cece07e534e5
d735e026f63e2a6207ce226d217fcc61
f1acf00437a512901fdfc96ec7ca1fc2
dac9c81dd73405d9393a093a2fcbf2b6
d0ec1d92f350fdf0109319ad1c00ca06
e5a718d31f57d73bf2ad0a89c9a8f9b3
f501d3882b3fe7d30d4cd4c6e5a6ca03
1cd10a02d98dfcfafd940c0fcdef0ac3
0e082964d8d213ad17ce08fcfb04342b
e7f9cf5be40b09471afee9b5c84fc9a8
00b5fb54274411c2db7324732ec52cdd
e66be7eee7b4ff812568ca8820c91096
3397d25d1f5adea9d263e543f4450fec
03fbe41dc654f94ce4e4edd2d5372236
1a68f282d3c92ff10f571b760067246f
009a1f9823daf6ef0ba2d36adec4fcca
f17f0d4e26a7e014ebaa16a6ea49e7a8
c621fd0bece3d75c36a0fb17e548ea93
31121b60faa0f9d4258a35e1285ce1b6
1c43f8bb355a0df6e20e351b0d900736
e398e7a02ea8ec7e02a9db760055f187
2c33176709ec203b162b084ae2b3e251
d69926c3f97221fa155cd4b8d197076d
269911acdf661bb916bf3910c9aa15f2
e5c124331a13c963d63c358822c013dc
e516fbe5ced4e6c60f09f95bfbe8d050
1007fc3532aa111a3423f1fb1e8c0dc9
faeed4e71a0edc22c8c718960161e9f4
26f8fb88d0d01b0b0843073c10c3050c
ecc32faefd62c602346de6790941f9cb
d432d3ffdc1b283ada8f2b79f289e1a5
fd0723e5c855f59eff8c1c44d50d2c0c
d894f90edfd52039db40ccebfb6edaa7
e539121cd0ade4d4cc1ff5301bce0ccf
339ddf9409b6c69df0b82bb4ffdedd1e
f512ca8b1f10e47cf835f382d50e02de
10bdcfedffeacf37e1371d02d06535ac
04963361185a1b6deaab23b2d341dc17
dfec35570b350fee2e46e517f9b3f442
cefad38cd0f0c9a611a527e21512d45b
dcf5d96cea2231070d27d54e242c1eaa
f186204b17ba15d41f6e371ff8e5d928
c7e3d8a238cee371f249358dd0801c68
d789c6c1d575c68f0aa4e4ac1421325f
e95bd578390e0effe08f2cc9d943d8b4
1d3fd6220eecfb7bdaf838f6de3a0dd6
f9e718cafa18356be1eaf7e6c97ee53b
0eebd043cc3f17d904220abe1dc20044
250237de0b23d3bfde2debdf1f2ff650
e15afe21d1a213aaef2fea3a39ae0c8d
e3b3effeced31c86d071d814ee302281
fe74dd7523b82cc42cf2d3a6fbf70422
2d77d942ea001349f752309b0d4f223e
0a71d72fd4ed02570beaf7941ff4017e
c789386cef94cf8c015fed390a9303bc
0405fc3b30f7eee11ce6d816de681064
17152e7af7883a0cd5703a1ff421d251
dad52596ce1df861cd52effe04c6030b
d9f5f1f9f8ca16611f7ee865f4bb20fc
2a4719da0c37dbbde9461e6f16c30214
24a817d1f95e1e18fb7df3e1cc130aff
d96a18f8dbb3ed32fe5227f5cac60d9c
2bcf2cefedc0f543fba0c5f737992868
daf4cb4d373ed1f0e8e104532bc6d14f
2bf2f3a61aaec861c594e02cd16cf335
2bbd09881a22fafcf4ff1c6804d7fb6a
d2a8d46707fa0f9f34df1e25e8c30ca4
15d02ff2f1bcf40814791fedcdafe67f
157407fff89307c1238de25a23931007
e7d61760ea10e0e92d0d35cdd1ff13ed
03e924ad3526132a08d3334104293246
e8aef0eaecf408eb33ee1bfb362d0a5f
3245ff3bea31dedf042920d62879f32d
181d13b32408cc6ce13ec824dbce04fb
2313045f27c424f2da701d22351eea33
e717c88d281430f0348b0bb211becbfe
1fb8c5cad8f92f89048bfffff93332a2
e509d04428fd147d38ecf0851f931de8
deb0e09a3370267a19b5e077e2383777
dccc0a56e2a72e28225b16370f27f59e
089c021dd0d6efa2c8830c21eea7156c
e001f985f7aeee94cd9b18d21dc73808
ef0f1ddff9abf448ebb124a905dc159c
27b1075a0c41efc83664cd2fdef9c926
238c0667ca46cccc3291f3c51c1410c1
eb701aedeb2f121836b9dfbce8660251
c5860c54e3bdcfb5d8c2e3c7102b13bc
277cd69ff27112f72f22d609ec1efea3
cb4b1aac25b51351c92a0d93fda90d32
15711e4537d01586229709582ad8162d
d00ef27fdfa0ecf0ed2211efdff41967
057e01edebf127ea061ef29bde7fe6b2
1a34f61cea34ce8eccbad346f6e3e286
1634fb90c6abcad9d17af0d8cf43ef2a
21cbe1a223462dc2cdcf26f1e881197f
0c09c90ae39328bd1d6bd34723ceee3d
f2d8cccaf6c20f5e2390f04feb96c738
c5d8d15416021fa5e14af2e0cfaee929
f7cce527000f0a9a19a211a3f2080e3c
f02ce89229e0f916e36cfcd1dc46e871
d53302612cdbcc4afede26e2d8cfe7ee
cf9acea7d3931ae5123237e318d5163e
cfea2384299909eafb4a2b7ceedae7c5
08d322290aed317126752866d7ffff78
d628240acac6d7dbc72120c6c7becd94
06c5fd30ee780b49dcfb13bad87f2cd4
e9d7fb52233ee38a2a653a2328181bdb
0567206dc86ee9c0fa20c66c29f3ddfa
ceef0e44376ee384f23f3a80fb8ef71c
1e0807f8e4662e090366296631353a22
f9f8ded0f42cc88904daec533579f1f9
3721ea0ccec90000ecb9ff5de0dc1f67
e13f2af70dd505d5142b1d350808fd07
ecc8c57cdf46fa3213c4fd251e650502
2984312d2dfd1b7827dcfbc503bade03
e6dc3313cdafd7fc087816032bd4dc3b
db9e331f0b10e3c3e937e39d22781569
029fe1771581f91c0e5227213a450ae4
01baee61368d1f250d45ed4f317e144e
160c1d53fd99f75b14110feb24301d8b
e6db08281a2a0877cc06edaef0c62b9c
d95a0c47fe62db84ec35079ce0cf0509
d0452e2518fa2b9e14e6077914b7f480
0f3805681b60ccde2b8ad776242035c1
c779e22f0ed1f8600288ded5c7d1ce92
303313a10b370fc0ceaf0d14011f0b5f
ecf91108ee49fb78e663f0611b14e64d
f3fde3930130dcbd1950e750ccaedfa9
0a54da1cfb60018e1b3ddb170fa02c58
2d90143d0315df152eb3044b002afa76
2ebe27abcfccd523e74cc7e7124c0921
26070b6805430ef0106fd4fc1173010c
115c1d933a4029b8d2aae5c72a23c685
dc1702d1e9b7dc39c948200808c9f76f
166830ead09628c6355cf8d9f2e20acc
db2cd8892cb8fb1f00f820712465c77c
eba2d605e01b19a3f5f730530828e3e5
14850e3ceeb338a60f850c5615c630e0
0a80fa7bf419077fefa80ca8d1cf0d51
fa34d601d85218b4eb7fd351f123dfce
10a3f6e0c8383235ff95e6a808b839c2
34d1f0013382e228344d06c7c83c2a95
2daed0c337f1d438d509d3fc0cd8ffcc
f8a815d2d650c83204311b070f1df919
d7ef1214fa07142e26791eab2155c5f8
1e4af7f50787d6883426f2f0cb07d483
380acf89f0e2221710ff38b027d0237a
fb7a0facd05a2706faf5299aca4aef83
1783c9052a98fd0f1bc0cbbd18cfd78a
fae524ebfa530061e12807a6c985e798
102b1b4a0566f243da180175ef29e1da
33102aecdab336401028eeec1550d2fe
3a473930f68d29bac5cff720e152192a
159cee51f476cbfe2c8c27c8fb190661
c8272ad9260922da0a6a09b805fdcb97
db23e8ac1b1cd35d1d851200fbb6dd1b
e3c8d487f9c9d460f906317c1ab43a63
0856cd573a6dced2d43ccda8d5f43319
397b22af2cb20f1d1071fdecf73d39ae
06a923f701e206fd022ce548e7080484
ff1bd37e12881e90dae7164e12ff0e6a
d6aff7d835d632beda140b7d1365373d
c9b6fdca1066f59b21860d83e1252617
d4f114dffb18f7fef7e9f2232d91d891
06c2286cd3bdcebd1acefe00ca1fd762
d47be92cd40c1268f832f2be1d5527d6
c5862e9bf5f40f34eeef33910421d1c2
cb6eeaa71d2dd5dcd033fefbca0ed7e2
16e1d2ae0c6dfa10e8300f7925e10bba
c72807befe3cf696f2e30d8e2ee9e3f6
d15a1683dbadddfd05e0fac902bbde7a
080dcbdcf189040c1fcec718243422ef
17572638f2d2eb9521140a3fe9222084
d9c6cbafe584c734069e2eba1670044a
0d57f3f3d29e2e302e8fdd35dd9fd59c
d28c0074d51c02ec1bfc12acf973da75
e69df8771f98fd93feaa3335fd0e31eb
f6c12a0f19d2cfa31fd328f9cdc6c5df
e3d5f449d9c52221ea84e2b1197b0197
ce7d2104c89b25b622031b110c103785
11d1e2afed6ff2061310fd721a8df874
dd6239dc2d9331832176e4db2dfd1f90
33be122d20a8d92fc9bb1f0cd2afdfc2
29c1f71dcf03edbae9c2cc70ec210d01
f3f0e636d7ebf82d02b021f4de33fc4e
e261d948e6fa0ae0002c33dbd47e35b9
075d0906273bcf1ae24cf3ead2f52cf3
3a24111c266e17af1b26d58bd7ebfd30
2f611a21d588df85c7aa0d150f0debdd
e6700d1cd248104df76d35c1397ec70c
0037c6c7eacb1d6dd0b5e608cc77cfd7
2b32183bde4de755116930911ea410cc
ff0c14091324d7a408e1e1e2f392f3fe
137cceea29b2eca92266dd77285dd223
39922fe03183128908182705e77dfa8b
fbebf787399e26e9d7c30a60f06fd89c
23ce194701b3cd2cdcaa340bf76af24b
1232fdee24a6027914aa2dc2ddb3dcfb
078503a5d0aaeb71211ad0aee582edca
0002daba2ee4ecd51cdcebc2e881d22a
1683f606fcd6096f0eec07580594edef
f523e06e177d14c1192539c8fa712552
fa54307bea3eeb78cda40fc9e0853265
f4f2f03d1e5df9cad4c8e12ed51ed1c8
15e62b8cd131e91e21ca1dce090d2f5b
1b6b0ab83563e0a8d91dcc992c80350f
1fad35afc5a7e4f0307b20c1d3dc0680
2f9cfdad0da9da47384e39701caad47b
f5c82eb0cc70d166e4f9f27615e6daa3
02b8cc2ef4061dd40131e50c2c7ac830
dee421920618364224aef805e48a1025
068c113f2c230570ca5f13e7398cedd7
249f07e1f85728660b1edb291137f94a
068a24352bebf1bfe5c50fbb3935d0c4
1dd0d9b7f927ee362ec52641e02d2d72
f63723d333642c62cf93e521eae01b4f
fbf0e4b2f2fbfd4f2b00e721277bdc5a
06f3045cc9c0e28237ff27540b231d14
0edc15a739e20a76cf5dd532df8e0f5e
01961d23eef4ef39f3403773d6d72816
d8d8d43d0384ede42feb3646ee1e2130
0795eb80d7f8c6ddd4cb27ff31d9cccd
eeaccdc3f605edcce571c830efb53571
e9a6eccf2435e312e04c016d22d12093
e181d8de25b6331d1957f002cf4ecb89
02d0eb761c87ca0ce753273d18ee2897
079cd39af47bc699feac3182ef1a2d53
d02be8372dd0ec8f25a637d8d192d70f
1c41c8b2d1081623014e1903e5b027ce
f73df4af12a7e9a30785faf8248217d1
17521efe0873edd2cfb0f7a3d296d6ad
08ed04782d723947f50aede91c3721c7
e6b9e3ef2ff817b72e40d29dfde31c88
2bbff84bd1e211241e25ecdbcf2c342f
e145fc34e639ee840902155ded49e2a4
2198167cd5f8dd8afeb9ce2bf6ad113a
ec9f0206198624bee19ccbf4e06e0d91
edbd29fdd6601d3533e51e88e41e33b6
3539db1fd058e60bf98ecab9194fe4fa
d1d3d820d75aff7ef812106ad81ad992
fc050d33c902f2d9d9e13052cc142e82
d7343827d7bad5e61ccfc6f4d4a43053
333ef298106d21e6e0ea34f7eae005b3
c795e4341d82174cfe8215a820a91731
2aa72516339d0dcb17f9c6d6fffbca6d
f27cfb38f66d06f5da17f93dd78926db
dc20f42bf38cd47ef2abd942dc6de6ae
f1812fa5e7c2f3e5fd64e8a418bbdf76
fc3ffec00237c9e5fdc5e978dee4e56b
ff7b3977e88ff300d6b2dfcbc7fe1f9a
21092ea5cdc1d3a93a192aeaea322361
2b7ac87b0b2fe0c127373860c6941ad8
ed17ce14391115aef1d7319c2e00c7d8
cd8d04cfe58d35ab1a7229d20ba937d5
d829d1ff0219f42af56df2832991076f
f0d9f7bfca3e3580ee1ce01fd8090dc4
e0a406cd367bcea1c9880a0afc04363d
298a00b1ea09fe02381ff0fdcd4503ba
fee7eb2c292eef4c23a8f7e11913d0d6
c7e8cc9bcb87363b18a9e134e24e34ab
0d85d5e0143bdc6a0409df1fcaa3d2a4
1719106103f0e099e822d554311ae48e
340ff2a8f6f9dd1f1c5f1dad395b3027
ce950b441a63380bd02ce99c14cb35c0
225fdba2306038960dbefb5c30463563
e544d646e5bfe4c92cb1207826aef50c
1d06dbc0cf801262020d0771f81fc9ca
03010c0713af1d54f293d6a6c9abeea9
01a009dde9073894051b361de34ed0ce
d16b2cfa069b1fedf1272905edf8d804
d6a90a63043fec412b1a0a4a39b70c6c
0c93000cc97decd8fa14197ceb111aad
12210ef41140151ef127f4eff861dd7b
348a23fc235cffaaf0f3cdeb291cf596
f308da2eece4d6f3034b0fd837c8cfa1
0760d5b137170ad3c912d5d227772e37
16dfe2a116a3147503b1c64ad9a8f31a
293ce08a19c7d13325413303e67ed9dc
2281365dfcdbfb2735efe58b2344ce20
2d47d6c20fecda97fc57faf5209d377d
0cf5da0d1ecde31b304ee77c077f0327
cd83f6212cd82efa127a370b242d2937
27fd201df0e9e0cc2d7620272ee01579
f6441f200f421c90deee1531dedee736
2554ca433800020dd40a01ef073f0c51
e2402c0b03ac27deedd1e079ca2126a3
2f13d58bd476e5bc1290e0f937320bb9
f8af22820eacec58dbca391215d2f25d
20e4fdd11c1fee1b2f5bfcc6273639a1
fdd0ff391ff005c321f5ea96f7dc25c2
1a18cb2608b8c8111401e3ff326b2e09
d2d016d1f58e23ea36a0218f1316c658
f0aae5afd49139092097d1531b73f0e0
f55c33a017c21abd3284ed1de62dde33
c66326cf2e53d1f80d7727b2244315c9
c7ea019f279d033fe7990960ca3bf2b7
fe81f5b82701cf86f975fa22cc263947
0458c7f7162013b7e58e38862019e8d5
ea852086164fe045ecc72decd48119f4
2af8d86ad392f70bd80ce352c9d5cac9
05062daffa85cee2390d25b71cd6d84c
36be2100daf1dadad963c786e5dd20e0
c64209c22b3222872114fd8a01c81261
1c3b25cbea6b096cea7cd68be7bd2975
13f43880e2e22d6a3907193b2930f62f
f0183689dbb7db59d5710b94dbbc244e
dd90e1f4072ee06b3965fc03fea534f8
d11fdd4807b32ed2fbbe1074ef6927d6
290ae739f970f6a21b2b0a54e6eee959
06e1cd9813c412491823d5bc218fc86c
1b81d8b5ce32044c05bc28a533920a56
353300e7ce3117b516f71bc82e520125
dc52f55d2ce4ddd70a7ddf46d2e6091a
2067f16010cccd310e8becdb0aef2394
20e92386ec722b922816ce2bee66deab
cffa0b39d0f8cb0ef3660fd71eb5299f
e5dbf54e0d0f0aefeab2355d1b920e66
f5f0ef91cb511e92010608340b6cc7c3
e1ced56bd4f3ecb00f7509bac85ddb8c
2612c62517c814b025ad370b33f12441
3a380679fa94c87e2612fceded78c63a
1771e89f2e5cf13bd1b507a4295dda21
ff0a308d0e8d11c4cebf05510b211deb
1160fc9f32df039c11b1f2460740f402
d2fbf8b01972faa62dccd8fc0824e012
e8f6119938d016ccfd34ed8be0c8f394
321226eb11f9d761ed6b2f94f690e206
235ac63ef75bf04e14c5fda82af50a9c
fc392a2d0e71fc86c931c843e29efabc
26432954326715662ba9faf314ece10a
1b23edc713eff84a08e2f524e05ee4da
1214e71f2d951a2fecd5fe06f209caa2
0c3c1934e48ddc36f544efea00b7f6aa
e97fe6ff00751ab728cc04b2d2d8210e
3651ede3debfcf5fed78e2d9d83b122e
ded418731445c60f26d5cdb3358303a1
203ff54c20e731c0151be2a639f7fbc0
d20b0712d8c519aa366fd56b2e57e0d4
f81510aefbf0f3b8319ae028f9011911
ed3cd561e61433b3c9020a40ea5a2ead
03c8e45d07020602d2e5190339b0da56
c70914a709bfce9f0bbc262bd4d70f10
da1f045ec658c7e2fecb0897d95739e0
2db218612f4cce231edff1831e3a2af3
0d3405b3f9401be515b9ee06ffe937c5
214f1ff4d899ea62e4e91679f2bbd140
cac6fa58cfb427dcede1dbeeca8f174f
f7abc63a2a62119fda6cd2de0d89d58f
cf70fc12f4c4da950c212b82d6dd0606
d657fa2114f327d0f6530a28160ef5dc
e3952cedccdd0fc401ef161515be111b
32fa11cb1f742d320025e8d4f61723db
dca3f6882bca3312f6f8344e1a94ec1f
0e6f1a5b181acb20fe3225cbc7e7ff98
d0edf48ce72236db0c4bf77ce02aecec
224308aa384ff14c16b9137f36a61bc2
e7b2d21f0b4f33402db9e88030c7ffc4
1870d3583683058dc874d430e3d5e766
1a3604cf06d529badb95c6cee8ea12aa
09191fb50cca019e3a5d0cad13b4e5bb
3773efb8252d15ce3620fce125bd289f
0ca9d48cf3a4f92828c30e352626c5b3
29d5db4dfc19cff3ea7fdcdef94731cc
0665f4a6d59437d9e5b3f43dfc9b36bd
2eedee951f7fcba212ccddc800a0c74e
f0c8d9a80c2bddd3ff3137f5e67dfbde
d37419ffe1baee7c2bb7315fda8be684
1afc39a0e397ede13327e5b1d79ffbca
07393503f7a6d82ad45122bae4ab2006
eacb0fc7f5f4ff5516033484ef3b2369
e78dcbe7351df5222579e4971ade0644
161d066128051bbd1066d625105a10fa
26ef31fee92031ad0e89d29017c12dda
df42db52374af7f830e00ba90343eac4
ed96ca12e482f54bdd99194aed75ec4f
26f9ef150be6021f2d28f593d733cd07
2a09c7822c00e837dc8f1cede88b0244
2d96f793e2a0f5fe249305fe1389d86a
fac70782375d1e200caaf4e32be733dd
1a6d120b35c7188005b72de228f31508
00c13651ce3bca992308c6c10ceadf73
eaa4e50e1ffd2ae13938f4040399f2b8
1da701d9cf6e333418aaf5ccd2cb259f
e6ad2148f17e0ff6f64c2f05f2ebdbe2
2ce222beec8bfa1f0aa6efe40edc0c0c
1c5ce6dc21601bce37a0eb00ceb7f1f8
e0cbd86bdf7c2fcf00a2c6583769e5a0
010ad0b11ef1f36d0f3f18a8eeea2d6b
ed3f2188ffb6c74125baee78dbf8e59a
d0aed804eda6273ccf4d2c3a14c2cc36
168ef787f4c929fee9cfd22e39b82a30
c62ffcdc17a8da1fdbe0fdd81bba1885
daf52b5feb01dc6ddf24dee33313295a
2aee0a5404850e86e62ad2d6d8110ada
0cdf026032f40d19d02c182b25592da6
f6f2274603801d1ed850014fd00c0997
31113528f83cc7eee7f4c901f830cd8d
043fd1f71147182cd8c82acac596d787
190ae437db9cefc91c431e801cb913fe
3644dd971d1515efe3652b8ae199085f
25d3cc9139330a95f61af3eaee68cc12
1257f0d313c71070eb13f367f2a22519
2147de88f854c9040e1d311f36b22f0e
3407fada00dec82ad23e3a40f3a91f62
220be78fe74322c3db36eb63171fcdd2
d4d312d2db7cf58aee021a7fd0ec125e
ef241b88ce23fe601324defc013e1e04
3799d92d02faf4e3f042e03d152926b4
f1a4175bd62d2aa8326cd4161920341c
3a51e00301f413cc2166f5d42c372b06
ffbbd8ce37a9eae6f4d0f1460f121bb8
db9fec18f37e18b4cbfe03ba2cf434e2
028a340c1152d6ded6ec155b1354ea3a
f72f23450ef12de3e1faf36827b1e303
2f7fca67020ac58cecb6fd92235df5bf
c7dbe574ebfecae3d175d906f0e50803
388de445335f3651348230ea24f9cd44
d3a13721f82226b9212fe17dea27daaf
f5fd38741e30262dd694ed6ce664d93a
038f05cd1f54378a340cff5bdbf208aa
ff4731f70d0eebe01370d3b4d70b01fb
2961eed3e5532d89e97bfe6b33112cc2
f6fd2cf5d93220f5dea4cf5a316e37c9
1db3f767ca1ed3c83577e8e7d01c28dc
e942152fe0bfdc993a7320fd0f06dbd0
da4516df38fae709face2c540f00c79d
f05011b0efdbc7fe1212f6ba2898ec35
357f10f701dbe2882fce1fe8c9baf57f
f07f051011bce136dbdf1af2ea942625
2094fa940509086cfdfc2ef22ebede85
2b1d25e501b918f200ce0bbcd06e04db
26c8e1bad322e3afe42cf936f90826b4
f0b91e12202f13b603eb36572fae2bd2
03a4027cc9461721d93fd2baf67f290f
d8cc22afe39d0fdae4d3ff75da37235a
0e7fe949c7720e05e388cc2c2fc3cdf9
cc2aec15f2a5ffa734eadda8deee221a
1be4d0c733c2cf8ecd9323f0faca1301
f98d2389d5a6f8e81976225be722ec10
12782c1912bd36d5d406064ada351e6d
07fbfa5e3a3cfcd42c2ef1d7ee2dfa87
c60df79df0283860f2f735342dbfe2d0
1bab2719e0ca293921a93a85192b0edd
0934c9160f2ae8eb0f1d38e7c56bf0a4
0b21e46f2140d819388d22cec894cefc
28d834c315ce2dd5fc49e37029413239
e78e1292ceb5eadd2ea62e27e6a032de
efa5014b32360d640f053782ed81d019
fd7c124919cf3446debad7ef14213133
34bcce0ec8b332ab1d6a0731ed1ec8e7
3428f3ede7bc20443929fa9527a614c4
ca192f360c930c4af3081c04e2a8cea0
ea4bfa5e198a03941c181d12c73b25aa
26141ea5ea61d0c1e7f1154ae19901cb
ee9000c2e759231537dfd9c4e59cf1b0
129839dd0a78d8cae873f094ce06e571
347116bd375fd91f321209b8121005e1
c5c2ef61e2f93925f7af1408d5c2341c
1932fa41175adcd2f491da21ebcb261c
30673185fafbcb802ba81bcee5bafd5c
df913a1921ec153bf847eeaadd7ac656
f6b11d30eb73e9d22f81def6346b08e5
2ed03048ec0df16335430c9ae13bf662
dc601e9fe7ced5a61775ced92862ca86
0d2e1ed41174cd52ea1ad7e2e937cb90
16c31a1309e0e5d0d66817b71296cb63
f3a4d07ac5fc0308e02428fcc696e23d
dda7124e0ee2c9553656106fe10cda1a
2c0410e511f9d32cf9c5dbcd09cbfff5
2a4bf211e68a28bf0c8de0d31225108e
1feb04e914081e29da39ecbe1778c930
0248d254df76ee7900c819edc9b7eab7
fd00396e2e6c2893241adbbac8e001c7
d43ef86d2e4bdfeeca08d5ee1b4e21c4
c81fd0a91482348bf8b60c2730850b1a
c587da45189eddfb2d37d863f980239f
ce001d082324136530982f9d2ddc3911
1893e4ca321b0b791e3fe3d4fc3e28a9
e9b2d78f150519da1de732b12972f18a
03fffa1d331cfc19cab03430fc89edf5
1902f030fac60668f7140b21215aced0
e94cdbbd0a5bdb92ff71f79f1b7fc862
e502ef4201ee154c2d64ed88e48df3f1
289cfd602905380af20bd9aa0fffd29d
f4242366296cdeadfec7cbe4cd24e762
335bd4283820dec1176ef2e02a4516df
ff01d007c9dbc6cfe9cacd8ce594e895
f15f18e125c91938d826f6e7eab12b63
0ca234851816d5ced10ee37ad2bbcab1
c872f220ca48dd48ccddd7a90588e5ce
1930f78f301a1e670529f983ee2c323d
35d412a7d2852d68c752ce2cc77914fa
099b390322290ed5e13939c4eab4e1d6
19fa0d66efb2d85f31e92207e893c8fe
3979f450cf93feaad4e623730d0ff311
c926f541ec3c2861200e1d233a96c94a
c799fdd629affa392b86ff9f0dba0b72
1beb2e121e072e34dabac87a29ad10e8
f30a14e7f3c7cd90dd1ff7cfdf232d26
1df6ed1c35ec2f6b3351cfec3435dd50
32f51d7acd780f892754f963f94d3369
0c05fda6c8e30aefdfcf1b4c3a35d31e
227de5f8ea7ac569ca78f7f037f82701
f8aa31f114bbf6d21e6a1bcdfd7c0fbb
1a69e8a634f0e99ffc43e7b8dac00c0c
0e32de25de7aca46e4493436f615f81e
15f5eed6dbe7056c30eed620fce123d2
d355113e2c4bd60d13ccd9c5f9aa0061
07440b6f0d53e5482f620b73e9f0ec3e
096ff7adf57115a6d4d6ef0c1858e2a6
395c2ee2398d2f92e9f120553a3f3380
c5b0270210eef9b1e312decd0a61d86b
f8e420edcf5c32771527e47dcd40d91a
feaa24c60c08de550ea6e6523433e0d6
2998c6dcfde6e67517062a33fdcff18e
ef49252b2a48ee2c058421dc0e8e119c
f5481615e381248328b6f861ddcf29c7
c9d415bc3286c896072722d438832b16
f6d2f394d46bec3e2bc229722820299b
da341c68337eccb6d3c9d5b0e510ead7
ddd4f8ca23e31769eeede9791ac70108
f886f770e0df0f1afd14ee713755e604
204825bad35135f1dcb02df42b3be1b9
dacdd6ced7c1f885f82609e5d931140d
f67613cef77bd03f186c11fad919c9b0
edf80dbad57ef06201f4d3e30ba8f2cf
dda00f93ef31e80a187a1717ce8ecfab
cbf735d1e47f0f97ea671ea2f465126a
3602eb41f19edc92f882d0dd20652406
2fde01caed53d716e8501e20e3def9a0
eba6e9ac07cc0da7f3b522072e96313e
330bdc52f09ef8dd33e22f9d0b63f2bb
29ece1e0e803eb84dbd6e466eb853014
dc63ef02f8630584c7652da819f9123e
ff640527e999e7dc01d2d3a420b6eb30
0af51338cfc01f1ce6a337a9da1ee38b
fefaf3aa05d6cf0adb450139c600f5b7
2759f88a0d95cd7cd43b1bef2d42f305
23afea84d46500fafe4ff361cf3707c4
ce8dd16bd06a2d64ea96d42bdca10392
e54b2b86c7e7f615c9ea1bdf1445f150
d256f4e7efd5f444261fcbcf22e11a3e
f44d0aea10b2f8730946cbcdd3a6e284
0c2f29ddd976f3dcebf4f8aaf69a2f8a
f3c8e62c0173fce30d1d0ec3c92b2671
27cb217209051a0f1f86ef193304e04e
e2fc0eb0cfe4e1070a3be58b384afe25
2cb1f59100dae018c6252fb717d4f724
385e2758f0b0350a06cce5e11929cc2a
202fff18c626e929e823c664fa831c2f
e67101b3d65609d0cfac34691c2bd5fc
f1afc8c4232232ffcc8326631e3ed474
1063c95fed34cc9e0cb7f9100eed2100
3013f87d0a2e0bde3605cce7242e11a2
3235fd701835164222361625d52fe3de
3a6c36a3c604f80f142008db3041cddb
ef6d0a821080e8a42e36ff2bf719c996
f9ce2be11283dcc41163c9c236e70b56
2c7a1b16d39d0b0de2361d1b242222e0
0c39df270d0ce3cf12081821d9ef2aa8
fc32cd77fa7d377803ce014313d42c15
2b5afef0ed7a0bc0fcc82021db3c0d91
24e8185b09f7debc0e9d0843d2b400cb
16f1d15327e821d2c87b199d1d76da5e
fe9be2261530f735d49d0c0fd3890413
e94bd4842b9d1ea6d3c116eb2bf3cb18
0afed94f32d5061f38593242c56efe08
dcbf39f4dba1cf42c7ff255e0d51012f
cd01cd5cdaf3116704ff01dc22690012
313b056dd6d028e4d7430750d7e4cc04
1cf9130ad52a22a32a19d022ed562fb7
ee9f320dcc7a246c2bd3395ff29d22f4
f26df9d3276b275307b1f31110e80abe
129ad41b15bfed0a3382df83de27cba9
d15e1f8acc0131d327d6120ee716f84b
d49d198c0167d2d1ede6eb56d5d91068
3a72d3de20462b032c6e2845062dec72
21881a2dfd2dd4852d0af5a40b221905
1e80ebd7dec1d11af35e13aee6660d23
ea07e0402997cc5ff29cf84b27c51365
f43fd3f2fe802688f6bb1022e927080b
0039ec3d0dba323a101d25efd61a0fc1
fc62069e2ee7cc2a37c316d1fb1d0454
e44131dd05071500faad20c4dfc9c7e1
e65a156031570a2fe00b077610a5e628
fba3f6bd383d18c227b8d6600629dce0
fbaaf76409c9fa3c16ebe60ac5f8dcff
19bb1e6a0af928511324019ec9cc27a4
de920d4d2996e8d2d39c0e043886d62a
0d8bd856fef6d9c236dc31192627380c
155fdb270461d40af09006bb1987d4a9
379ddedeedeadf19fa5ccd88232a0541
3159026a30d3f3a3fe4d2cc2333def68
e882d2b1d989ce32cf331f0dcbc6d98f
2fafe8a619062112d92eefbd322dd525
cd89236526a0deb00f90ccfae999ed29
28f1d1990f95cbe91e0eeaaf3a5e1972
d99036abee3ef25edda3cee3c7d7ee0a
3320cebc0bbafedd0707d2a7190523e5
3189fc9c220cd767ced600a7ce1a0319
fb211e6d39c92864324b1b5e172739d1
f8badd68f4ef0a09cec7277e37c4de9c
01b90c6a391d3168df51eda934cb2d6d
02672b4a2a7b041dd1b60f26fba1cd10
130134c81874dbdb2860158bcf96ddc9
27caece8e183daab161b153fd313e186
fcfafa822efb0e3de04635dc1217d2ed
0396fa20d10734d8d938d7a2d27dd2ce
f6b40678d1d4fb04ffeac9e620ffebae
0194f10313ee1f552588095316a41da8
ecbec5b3346501fb14b3291af08b040c
e668cd51e53d18aacb7cf63a36cffb01
d632e86629f9ef381896d06e2f3b0372
ea87334ac7c8014209881404079d3376
cd78e33ecc2230fcd6b1e2b0e11918a2
23b7db8c317c0d6c08cacaf813e1ead0
e38c1c40fbaed9670576281f2c30cb24
06acf5f10a8b2dd014eb3962f21c0d92
0702cdc3fdb20202f056fd60d66b0641
0dc70811fb682013cd38d426d14334f3
ec461bf0f93fc864094ee5fce4b3fc9e
d2f5169a087002f239ee1152d9c3e280
1a18055f176c25950085380ef8d4163f
e756fe04c738d0c924203506f845e667
ce320e38cb0f0f7c0f1c2a56c733e3ad
cf62c9171f33c654da961fc6f32fe87a
282be918fbc71cfce5751e2fcbcb1a6c
17cce2f6e71f00e0198a21a8e36cf3cc
de84d37b1c6afbbe2f8b175f2f69e14b
0ab81f3ef790d904d3bd1c2ed41e036f
ea3d2fcf30661943fb800713d509059e
e01b1daf0b02018c2248ebd0e84ccfa1
d29b3828cd1cfc9ad97d2e02f517104d
32cae9ce22f4eb88cf32386f1df5e2af
fd8cdf50ffcd08f0c5bb1eaf16fb1b77
3675c712f391e1b33365c8c7fd1ae24e
eac72693da48d401f45a03b3d0c6340a
124809e1e3b5fd51ddf6ce6811403010
342617d6e4383887eee2238c34f0d980
dd04e094143fff00f907dc052c7d2674
fd42e2d1c765def126b9196111d6d36d
08fdfe46e7b32252015bf0b2f9360ccc
d9fbce650e15e7e41dcf2f3120901bbe
2eae3884f29f2b90cf1d2d5fecfd127f
15af2b9ee29230311c72d586e7cb38c4
c712d87c39a9d8f606570d021cd70c1e
354e14f60cc6168ee19e11ae23cdd39b
327818a7e3a12bfcc9232ab626202d6c
0b9def7508df0720e4b6cc10e0b32dd6
1b8dc77cd3c6f4a72d02cdd51a491689
f78024312e7019e6defa0bb61288da34
2e9a32dec5f0d827c67f3012cb7a1784
e2b2fd3d00411fd6d4882934fb23e7ee
c9152945014312e7fc83f86f089bf947
e3d1cb7e0b8200e0e734eafde418d033
0e0f2aed3030cb710fdd0758222dfd57
f366d639f23f2417063727b7f93cf3f1
e321fc4b3777ddde2c1522592d723791
e3990993e43e1d2afc01c793d0f6df81
d809e6c8d1b7ef430c442544f12427e3
e70136a2fec9f670ca54cea1f510d6fd
df02030ad99e200821270bd6dc4ff105
d6f10ef7337630d12a292f73216ffcc9
2d45d46e22cf1330cf5a39a5d32c27ec
d523f090f9f8dacf2f8d175c3262de34
1c081176e94efd7aedbbfcb305abd970
1afcd3891b3cfb9330a6d7642b7f17a9
f731dbacec090aca14310bc7208336a5
e52ddaaae9f9db2fed740818e636f268
d179c9f2e21b3704d5b1fe8208edc94b
360af95bfffbd38cf569cfaa1891c5d9
d219e4c61db814e43808f28c114ecfba
063e2b543751219628a01c39e932313b
ff38ce4a22cbfefddeece24f24f92421
e50409a80345038b39aa2c9739e81e49
391ff0972b741ae1fa7bf6dbf15b2463
0d3dfff1d8c4cf8a142ed986f2790ebc
db58c805200eeaededb7dc690736e6f5
1a281e36ca1232372241efd20806c63f
0b8a26141de5df081fd007cbc85cf681
06f3fc93f880e482cd84fa3accfd2716
e075eb26faaa3380f392faf4fe7bf26b
f5b537fbf1a6e4fad7fb06feefcf0e31
04c634c715cfe4d4e28a1b4d2e1ef877
2ed2d710c69108cefbeed3ebf0bfde1b
d628ffd6128501702211d954c63ecf1b
1924df9cde4624ed2763c7a8fd09fc2f
06d0dd120930c93e18b606b117b12b46
ff89310a1dc3db5c395b010be46b312b
0bfcc745f68c101de7dd0ddacb6bedd4
2080dd6b0f5b23bef841f4972ada1b14
0050cc4af4c1249ad3adf09016ad2b63
0474f36927c0e17b12de3333cd80304c
f3e8fe6a1c8bd70d003b11bf3729e351
d099dd65152f1d80d4c5cafb277d135c
09b63861c926dddf07d23682318aee18
193c2a4af8510e1713621f6931a8386f
275c332d238d1ab9fb2ad36d16850bca
d7fcebebeb1a3a24cc6ceb16d43c37cd
f4c6eb92d85d167b10f5e5adc6ca0f85
dd0523181c83fee7f8b9c6f92cb7d577
e7701a44323c061ef182088024eb146c
e5c6ca770c5c06ca1dc9001135881a7a
29420d8320832bc808ac0180cc661748
3a472dfc33fc1c9af7222f83c87415d3
0e43d481f887e6380bc820fa05f21b8d
26c7cc50f032ce41efb808a1e2c10955
f98f240ef2c1d02fd3ed15d10bc43a16
f6601070d92a34a3fa7de377f400f916
2dcbda5c12dc057207c7ed7be573f4ad
108be894329cccb70f9a071eef83e880
e47c2bf9dd8b02e1c82b345a38b3e18b
eda80b07f221fbacf4d2f0aee652cfbd
c6112007fd4710d5f747cbd5393d2ac9
ff9fde161aa007a1cd302a1e198e2091
188f011315f8181a1275dd38d4290d74
27590aebf0c0d713ca66e6c11eea3a1a
39ac23c7d04710990536dbf313102a96
01fe2c44dee51ccbc931de7afb8ad183
d390d07aca97118a1b40ec2fee9deee6
07813850f06be120d720136af891ce97
0d8ad95734ce2804dbfac6cc069917ca
1255d332d220ea16cf3626e005e9fa62
faa42f342623ea923a31dd4bd8411a01
c8dce47acd9e1160f1ec2b21f296f58e
225dfc4924f1ff9ad9280633324fe67f
cbe10d181c6b07052e5432d3ff712edc
cd70deb8f08b3174df68d2e91b7ff8c2
df411115ca771da8f6c6191e177224c7
116ce0d02a5cfecd0293e544333132d0
116ef636cf3eda6af4592dcec98fd834
19821e2924442457e38a3566cb9a1ddf
ea71d9c0083df99ee675152320791ec7
d4a6d20cd682046a1db9d2e21b5ced04
27addbc7fbc6fc3a27c632fbec4f0c65
08d31627ea93dc98ee78f2d3da7039ad
c93af174d56dc95b1baee399c9af3031
37f0e145df930c9ecbfbe0451ef217ea
276e097bcb992f2f06a5e6b2d6e21ac5
37e2eb6206fa11f213f900ecf108ccc8
e3300e8edf2a0ba4f19e26fadbd80816
e1fc35baf6e00e7005e1fbfae94b3760
df69cda8f2dfdf86e8031597e4f12541
039b06dd0028d428038dda99f98c30e9
edcc3a8dfb64e79ee570dac22cbe1b28
01bb397b09b53377312f06b2dd73edd8
e3dc2afe2e24d135380417300dbbfd6a
19a91402125d20f0ed2eed7bd375fbc8
d6281e442e9acbb4d405e4671b942f5e
0cabdb46eb672ffbd187293f19e109b6
fd5dfd72094605e00e36301bf588c776
0258fe3f2b60cb08cabdd7a3d5aa105b
37fdd5bdea0fecd1cf630f8b334ce828
1bc82d38fe1d033cd99f36b22848e319
dfa60b7acaced0782d5bd01205c7d19d
262e030420cfd91524100727f2c8238f
23fd22b80767d218f7ecc9c9df14d081
f29630d4d82e249cd3a5154006b034a3
dec8368c11ad0f631183332130623362
f5142f661214d4c9ce8c399af24af949
2393c76c086513ebf5cdc7cd08ccec8d
2e5209df2e5add2bde1b0151e306cfbe
0b25f5e4e2dc35dddd12fb902589ca01
146c1ed1f4b501d2e2d60496ff4534bb
e351298ac60d31a3d2df0fe12ede0ecd
de4f00623136399dd430c9832d20068a
016be8faf54be0390371cd722027f3b5
23e7dc852971e63de09311a734260a5e
2a1efae81c23e253ff06f4310299d994
2dd1ef1cc7c72e33ebf2d1413744fad6
c8ec0f4a1aa239b4f8491242edf9c714
d08a1e2dfb750841e353ffaafa441650
195b3819d35a0b4ee592047f1511cf78
e77a2389e733c96af563e7e5ffb6d69c
e0910529ea84eda7e794cd4e0fabe886
fb060b8ae2561e79c8e20c06d3b6e52c
c5b3c953c66ffedb166c0925304af79a
c6a82c99cb85f6d725c226ebff05cc7f
f003f6eff95f2b700d6a0a3f1c65dbb3
d741fff5cdc53732097e1da829a634ed
c62adaacdbc7dee3cec32d0ee368e756
ce2ee21be144c97bdb79dee1d7f0d228
f5cce40ece48d098f1ae1ff8ffe918ee
ef782dce084de0353246255de6a63785
33b121d52f24e787d1ad39bc38b729a8
f5eef7b3e4b3d193e2f82e93e402345a
21bdf46401d538b5c9113080347d26ab
d9d5ea6121ccfa46f476f74fd05bc8a0
e7f9f5cbe9dd25ea288402bfe488da28
d76c0e2e0c192342c590f38c0942d8f0
108fdd66f55d31eb2effdc261466fac1
03c51ca739b00a013499fc50fb93363b
21a732a91dc2f965f039dd11025be0db
d871d3303504d992dc1df936e312df86
e7b5d3ab0f34d24ff288f10822e802e4
f4ff279ff090d46c0d7209dc3578d85d
3822c654e3d0f12c33880772d257c955
197e27b1e03002cbd544ff03e5e7f8b8
24c12974346417be30d5e564f99cd357
ce573607c85cfbe2db21f3833297e3c4
1747de44ec03f73517a9cfe01a0bfc82
e070d3dded9c041e0a6fec2ffeb231b4
fa4ef10a059dfb461b6b0341c81ecb93
2869003d294e0b57f9670cfc36f53677
e9cae32efb40fb3209b6e6e9d1be069b
ea16040bef0afc910c4de6d4c92b0581
daef24ad27e0fe790557de9134791b4a
d4f7e504d89106f2113bf72e18fdf411
ec2b1fba0bd7fe2dcdffcaeac78e1b8c
34b9ef032b5f2a4b1655f1cc202fd511
e7a6f7ab005ff0ab0aa3381ce9092dd6
04e731392ba73385d4922941f295f6ef
382c0f5dfb03ff7805cd38d708e71be7
02bde7b520f1dc88299a07cf169132e3
31e8272300601d3f33f02b580303d8e4
eb2002ddd5a20a2b32502f88cb5de68b
37f1e169f15aff632d54f09911b7d0aa
2b833726d4c4ebf4f9df364f1d0c2bff
0189c87f001ccb060988cae20721d17a
f05ff1e229cbf0830a8733990482fff9
fc7de0ec2eba37a3dd7af4ebe6003820
dc59f25712e82bcf1976f6e4eaaefe48
ffa531151b44f9fbe5062a28324a25be
015e14e42997d716eca7e18023c40a32
dcb61674cfae11c0ed903549242be578
d31412a6d32cf1f4125c03fd1979ca71
e09b194608f80eaacc652118e96f06e5
0e49e4f4385601ad24bae4d21ba61073
d255e0bf12d40a10d02e0746e4fecc46
cdb0d0f33276f6e0eb3afe242ca7c858
37100d10099e122cf296291429b4f9e0
35e41553d9d8001b00e62593c97ae1e5
e326219c2caa2affc9fd0e050392cc2e
ff1dd64f19231064cd8de49ff472d6c5
d6cf0799e833d94c1d430f0902913744
11badc4be58d37560df6e731df6f0627
2b85eaf9dbcdf4a7f8311b7a363f1a2c
f47307b7e3343a232ee5e84910afee6d
10262e0a3867f572d597f1241826df18
0f22d2211e311b34287be9a9cd7efa44
16e901bac90031d632a8da67174fd16e
ce51e5a2e91c155819e30720083fe3a9
fdc51b29078e2b7dd1d234fa1fcfd2c6
0d3c1ad0c7d0eab6c8d4373fdf25e4cb
ec8224d6deec2208d2e63a3c0e462e9f
d4cbcc6ad187d398d75efa0ce0781f70
e312392d1f3308b6142835cd1f6a2261
1005cc3b12232da52dedf10b0a05ea92
354707970fc9f9c119c6cfae1b0633b1
32fcf509eaa735a5fc1ddc9cd511d6c6
d1d1fdf9ee73dab8d8e6f5253a00cb80
c6e124a6ef2bd24fe1baf523042a1df5
f2521fed3a47123ecc302eff1e3b2e74
18d0e43ee242f8142f70e69eeff20c46
17f639f4e6770ef22953e8ce0b0dc61c
f8ebfb41f1b80dbacb4cfbe2cf43c6f3
e611041bf3c8fdfb003427bc2e45c588
fe6cef4c308be4ccda55ebea2e19ce05
318fd0b922cbd37dedf609852660fd49
e5501257e5483975f928dc51ed37c82c
0bb0c78bcecdeb5635f0e12ef4e4c873
cb6a39a3c5fa0da9ef92d8dd3129ebc5
2430deec1af60ebce1e0f01edf9a272e
dc383363cd7139922c862beff32b0b6f
24ca28c4d004027916d3c5d6147c0516
0aebde5cef320eed151d0f75f459f2d4
f6621b720a642370f2191075f355e6a3
366f180031dac62eec8ce865334bfea8
e89d1180277d004df3f629ca0858cc4a
05a0062e250be5d7d78acfa5db5cea8a
d12ef80df49c1dff2ee70061cc4c32c3
067fe4c5308522c9074721c508addebe
f4561f5d0ae229671adf2393f89adf9f
1cd126ecdc8f2799d93500df15b5feab
2f60dbc1d9fecff9dd07e423d2952a42
0432feb9eb38ea68f060da0f0b7c0eee
0b11cd51ea18eb892289c5f906a2e13c
d9b71f5bcc7928ee2a01da81377b1991
2e4426022ef6defbfef035c6e39afd97
d45710d0c64d3954371526eaf01816a6
2c03f37ff7a4d84ed58b2656d89311d2
d63529360e23e3dcd9b42f66ec0eef14
25722350c7cc18acf12ad763f7c731a9
0bcfe43e0aecd704c5f60f6af2c91a8f
06c709b5d0781774edba1371dca6e057
ea85c608e7461c77185f044ff820d76c
d2e2d22524cefeabc5762054f05aeef2
f55bf1d60c0c181bfa45dc93f94f1363
0a11e79b26e9cc5136fdd429df0df21c
308038cb16dc323bd601c66feaab0ab8
f298e83711fee93b2a5d15c0f56424b9
23c2da4a28f4208a3976f7ca07efcec5
f4ed0b2136a7358c29eb30e5cf253671
cfe41075c75b25a82fb0129c1490d03d
c709e36c34021b1823c003b81e58097c
1087213fd43303fcec20dab1078e326e
17d0ec563a16d9e80e6cdbb81dd2f5d8
e845feea034bf62e23fc1303d3942325
10eadc20ea420053c985e271dadbc678
f43ff09b007c0754f471d7e9109916d5
fe40e89323d3c77f0ae2dda80030def1
e5b110e722b6292bfc67d39ad706f897
1e2420c5def8d5ed273ef095e0282876
0a610d2bd1f639b7e2eef69225a40a52
f2761f6dcb022e560b5028931e81d99a
2241cab913481c63285bfee2f33ada31
e424f7241b042816d14515e12ded2a07
1c382a42e2d908c3cc7c3a7512982e33
e31f361c12f9c74d2366d2accc370022
233d1875dc940ef50b570eefc79bd7e3
2302fc5ae7401fa10f41019922e7c8ea
f2c70087e30c2c632d8bccbcf41ae270
1572e8fad57dcd34fc3b071104e11750
227530df1d92caf0f961e5b1d51acd9b
00262ff3223b00c1372e38ae1c88d982
396a0d3ee01f103f32cffe1e397d1c4b
cbded670d27ac574173a330206f80805
1b98fbae180e0ba8e3dcececd5081e0d
17c529f32d46e5eed70de63ad71adb67
db5f2b82c8d3db72f827da1fdb49e8ef
e702e7bff78b39bffd8edd9512d6de60
00e70c0b0168ed4fff0325442f52ea5b
15c4c9c239750f3af756038fd03333f3
ec60104710b1e74812d9f160069826ff
fa4618dbc928fd23ddf3e4af1b181923
c72ece82cccb24842af9d834ff5c2536
229f32eee095e453ff72378afb3fd2e4
ca43dc85202eca2bea0cfc6827d2225d
0ca7d707171c2186d64727db1968f603
09ac3832dd00151d141bf643d529eac6
dab40c52fb923523de61114a19e1028b
21c600e206a6193af52b1fda2bfa2ca8
14c2e9cffa8ace7ed22cff20e157f725
f0da2e08cea7f8bfcdcfc60b09f5e0b3
e774130705d90269f28e013a039bee66
efa52771db53c95d37f8e6731b6ee6fc
c8f5df7d01befbdb2254dc4acff1f1a9
0f39fb3829dae2101ed9ea74ff153758
d5e2f79cde7fe7c61aa50f4e13eff197
08e8fb8ae1c00cbffed2db84c684e2e6
cf27d148e2f40d173223c57702c6d04b
0aeed72d0a82fd81cf9fd4662f7c2ccd
d63f3548c6f22e20c791fc881c7bed69
e11dedc236d40923f6a118e7387b17ff
da272a71debbf6b3cdd7e5b50f39f6bc
ca6ad14cd3cd190ef170e131d862d66a
2ab93769cbd1e2d037f4f680d9a5f4d7
eb773a9726982ff7e8f62ec7e5f10f63
e107e5f9fc00ccf8fdc1161903aaf25e
1e02d53607120998de031f4adb82111c
0290df32059e004dd2b81164d5a316fe
c9a8ee10ec09d27edc75fbec3959cbe5
ca38314fffe6f8b52199f10210c13631
1db6da9f2ff5d71f0d61ff5800073641
edc301f3cea2e57fe7e2cd6417aa1a0a
f7e7ff49fcfaf24a346024782c71e0ca
d78cca6eda3300bfd11ae4f1f9c812b2
d53be313dc8c3475f4e4375bf4981a87
1122eca3f4e8c75c2d0c37b0167835ed
370c09bef734d380dd6632fdeefbf5fb
0031d259d9eccb9ec59d04df3078303a
0fe023e8e725fed91383efc71a4404d2
1efa0dca363ff527e83cd7b70d501c39
2d8717e7d8b4d4c0f580cd16d59ee53b
0cd12a6a025603603a17d3d62f7639dd
d78b1db21b87f9eefe4611e01798fa1c
fb9cf7f1cad1e68e2c932ec61c7920bf
ce2034252958ca7d290c0624d8a0f12e
d47ed81637cfc969e9e11fcbd8defb22
1e620cc43a1020f8faffd6e8334fd13d
cad3d7182c82de99cce5cc8bdb9c0639
0e93360f203a0b60d13be9fb2042f289
db3dd2f631d512573799cece31a82c64
148d0d12efe1e3b60b1eee272222e354
2a3bf39925aae57dc9daf1bbd9fe1dd8
d36a27a50016cc3103bc2cf00cc6228b
f357e4ff135b0aeeefd13206f94c3689
1b1b2eca357fe52e1da7e64608e3ff54
d209f1daf6f92ac4db5b2692033a2611
e13f0c772f79d39238bd018fdcf7305f
1476f429c7c4195ad160de36f1681ea3
3067e5d8e82e12621c4de304ff612b4f
ec2ae61035ea3369c851f5a72f5ae346
c8af1f8f2d7634f83973d1d8c7b22275
f65ef6ae02eac8eef41b11270c23cf64
2081d85b3906084b0c6b2f250eb3181e
e91bdef4283a02cc1490d3ec0791f4e1
fb8fc61cddea2dfb38df188d2557387b
12060e34d03bcbe90e53ff4f26661bd2
e2771884ef8afb40db252daefd45ece1
e62eccc9334704fe2cb2f177ce37287b
f0c03873e097dc84161ef32dc9ac3a1a
0501f23fe530397410d4338b00201db5
f619fb0ee891e8870ba5fa40d1d1f0a3
1a3e0ca52817cdf3d8720a4ae4e82c96
d6bec5fdca560317dc72f6c4ec80ccb6
01bf1829deead5c7004e194fdf6626b6
f5d61c2fee4224cc249af039ca110ff3
18e9103bd35ed57ff556ff3a37f70a5e
12a0cc683008e21dc5e2123cd14eda58
04541f72c7501195ff96fbfa38dc25cc
ddda1608eb3e1b37d05ff3cfd310163a
f63d0ff1300e1587fe97db28f66bca3d
32aef3ae331705ec106308d73528f891
0c18cea8de6f1b9a2cc2e4c2357ff4eb
0f4ad5df2ab12de1391f39ba34483127
206d1683380afdb0fad5fabe2845cc7b
fde8ded90213e8aa251df6e4eb61e4f4
003ff030fac32289fd98cf7b218f3164
05270935dc00e6a7d55c22ba368ac728
2e72f3e7e84e186907d63200180f3375
0d4f0960f8e3331c32532bccc8b0d96b
1fdb283bdca5f2402335cc13067136eb
e771d1b2352b2d68dbd0e28e1163138c
047409dc06a8dbe81a49fd1608830864
31c00308f448f7b62e9b2f92d0e3f9b4
de6e37bf2525f30ff266ffd61c8bee22
d9cfcac9f28e14cded342543fbbe32fa
f44f0b82fe86d6de18b72820fbc4387d
084af1b8e9a72541d8441648e2b3e9af
fe98c6a3d891db2dc931cf9612830a6b
e7d0cd5ad4c9e6a71e7624efe22fe54b
c88814bf00761a03d153f4cb10590c85
eefcd86e3091f63300f90f6d368e3281
108224482fbe1939011e2542e95327f4
efdb025a27b226a4d397e82e28b5ea22
1ee20ffb3049efe7e73a2a8a37becc4f
fcb222c0ddbd288e228e1adc2b1f304d
c826f0d809b4f2e50c7619b81be3cff6
e97415fcf538f9003a08e6e0cb40d25a
1abc13d41218f210e73aea15d59b3840
e8e6e75222dd326bcc7bd3fd0024f926
10e5c7350a5022a02806ce4bf28028d3
ec32e3fbec451cb8343613f40ed71759
00a5ef8d0790ccff2c3f2420d9b4d9e1
fabecfa6268ae656293f287f05f30e10
e6501512ea9f09ce38023310d489383e
1ca6101cd1b1e801de3834e6e8401845
ecd1c95e2ff0de3fed6f0c46cb6d2118
e7f80aa3e94bc83aea62298deee9214a
1f9b2e37fc51dfde085fd9fc1fb23541
055bdb73d65f3874d600ff3d0173ed4a
e27bd40033a4fb992385331c2162167e
18c3328ef3abd95bf033df2cf5f8fa27
f9dde09b159fe22828eb253c134ce33f
30b11bd0ce11fe5c34de2b0000cae070
1cd40817d57ef01012f01d2e302fd5db
ed8adaa8d3670ba0f3dee097dbaded5d
29cde6422b51cd87056104aa0a6b0fa7
2835ddb53614373105c53377fd58fdaa
fa162221ff65f0183479cfe432372227
11182c60e1fae16aed780f85225b0acf
d0090829d9bad5f7cb75f2c4f285cbd5
2b46e8d1cd702b4d1e2408242b87d9fe
fe16e948368b25a6c6c80078d654dceb
02f3f2d2e448de5333b2ce27fc4e0252
e57bd4caec28d44c000de02d0306d1cf
0b7c14642ad0ccaf08d7eb6726bd2f26
c83c2c2b2477d1aa0c581bfd0fea0c20
fe700eee0633263936801e6e2ca60ca8
c8f30e960ddc0f28161ecc8cd7b0f10b
c73a11bee1cbd57b2875166122bb1258
ecc9ceb411b01a7e0d7a1a5c3526cfd1
2f2908a602fd2492185c2e013244de10
e00b1ade189cf7371f680b2716cf3733
d8c436eef3f9d940cb35e4512b26f74b
d14edd2dc95ff12d1e3733c4d2ad157e
d519cea2047bf877fb76dcb9d0a52b7a
2c1e1d332f00089ce488c96c06ba223d
ff0ed1fd1c852a172d55c691ef500711
ea59e7501b3dcc302cce1b8215d9dfda
c5ba30f62a7ffc6a1eb425832e4cf45a
0935f2d1db55f411074ddc4b29d800fd
27e5f14d12fc0935f67c23edd942fe56
13e928662c8208881213e899e358f2c6
103beeeb325cd4bee0acf67219911d57
2c942e891308d355c6bdc81b0ff9eb11
ed6bd7cecae6caa8f635c646136a18ca
f50cf857e749d57634f40e3809adcf59
31dd033dcd74200f0d3a0ab2d5a60a90
11000190cf2be06a1753fa21d1a925c8
c6f40a14367c397fe4a7e078cb30c57e
cf970583d6452b22cc8cee19d5e1e567
d0f1f7d2228d35bd34e7cd29d516d1fe
f347d6a5308805650edf087dc952c7c9
332fd3d519d30441fbc0f8fc3920d6c2
1633d313021c11c4fb3b01fa380ff0a1
fd76c902e80f34460131398ae4a3d833
2f2915460b03d67dfffc21bbf964f715
06790d3bea19f080e1d6efb7da1cec23
dc31c8e5257b1af5ee4dce21f1c2f72a
f89ecb98cbd9d24e2ee7d6c4c77d0375
e8e3220003e01dafdafc2021f96ed6aa
f6e6cdb6040e3391d33ee157ca942f7c
05abf4e2cbbcd7b50d870a5912adf94c
32b2d9d8e3632a40f428245f15a12876
ee4cf38f337806eaf995cf0e161337d3
e77ede24d46b1ee91f7f03f10b69214a
e459ea203955efe3e7c3c8a21ad21638
cb80d7421ba31890052a3449fef703a5
34d61ce70fdfedf2c59ad34acd28dd30
1f61d6d511c31d7f33e7cd51c56b0e6f
f30e2d7b254e14f6f698207ff52bc9d3
2e97e8570b5cf8f0df42df091ec60caa
c814381336941376f23c150aeb1ed551
e12d0ff8282b27511c6c340c3065292c
e9ab07d5facec56d2e59f06acc7e09c4
d2b209310c80f8fef451c8863a291f07
f74ac6ab2069dc0dff0cd3f9d9eafcc1
35ecf46be600e29debc6fd83133f03f3
de82fbff0402d925357002b7eba8e950
309fc8a01df1f57a375318abfa9ff54d
11c8e0111221dac8e9712d2f2f0ed732
0148f468171a0369d8c1d6b2e3160634
1002daa9f7090426cdf2d358ce4f323e
2caace95fa4dd63ee810ed890d01e528
0bb2d200e722fc19d33527b6380e0c7a
f3f6e747df75ceb5f220cd1a02c6cea2
26d637222b4eceaae6d5d90bf4702226
cad4c9141cce2966214c2b3cd941ccb2
2075017bd500f421229bd8121b42c6e0
d0e8e6c00e3bc7dccdedfa21ccb917a0
02baf933352dde7011ef386ad65e0b91
cfe3dbedcb65f4a51c053010f921233a
fd50e29b1b06df57f69bf93323b2c75c
2d92393bea3d0773e72bf4cb1d1ce97e
1cec04a62af0cd422bd0e9b7252c0f79
0c39daf4003a2ec7cb2af7990473c8c4
d4d8e56ff4481759269a355937c4c75c
0e3e25a0d3c1f10e30d7f989f422dfd1
c8fadb48279935f3ea9f1eb228052831
d75ee8a437982d71eb4d0be50d7526e6
26a5382a0c56d900d696dc1407841780
c712eb03251ffd241d6421741565c7fc
3012cb9311dae8632054c6bb2ec234f0
2091077bfd000ce1dea0d05715abd669
0982d2a830793a63ddde3095c767d9b1
15ed37230b9cca012bdf0c4e204ef71d
2b8bddfc1741e32f2f110a08dc0618c7
d587cff7cecd368ae806092ddca93292
164bfc1317e10870064deb6107ca185d
f02d27e6c5d01f82e328dd21166214d2
0d100cb5efe7ee63ffddecac01330c62
d983daa7d8221ee4f52cebad320b3062
c7d1f811f71929d8dd4cccdcd8522a2c
0fce24d41153cb44cfc7ff782a831cb8
d5f0d5592c7e06f735cefa97e7bed32f
1f4dd9e637faff0cfa3f04e5fe8f0c1a
c603dd370bba111bceb80f50cfb3cf43
f0b4d95b197a094c0673391fdec130d8
298eddb319ee305c240b0b6f03ca01f1
120c164e0e2ee574f31be5f8c669f5ab
2144294721ca1fe43a580a18255fc9de
325bf7dd04b7ecbe14711190da292535
f4ce0f09fb3de81bc6ab2d160bb500c9
fd87cbd7e5101ea40821082216c33635
d8e32a6f02421e45e6fb02c0d78cdb01
f980d207df04367400e92b7c1c46e6a2
29bd1199fa6721362893c79bc7400414
e1492892eaece18cc97d020107b1d308
19243686d66dcf3d31902aa9038b0bbc
faf7dd2932341078fe111dc10446ccd6
1a1fc698e38a141d1a46fb1c1d76d705
facb328f16f4e8ad0fe10782fc50e590
29a1cc10e32e1320fd91e8fef10a0c5e
f91ee31232a60eee2152344b22f3223e
271231501a86ecdfc971f8520fb9d28e
e9cbe11e389fe7badab7ecbf376de899
2712e1b0080bf1d008ea0e551902d5c5
1b19e9252ff4e00038a4f1b138302915
05e2d2e9320e1b85dcb1ecdada09eaa0
f411e21ecbda1172ee2fd08dfb741abf
c80837fff19af3f1335007d936b0187a
f959dcb52208eeb80d3edc8cc7502ee9
1587f9f6f80fd5b028b4f959c84f1b72
1eacc682ed1d3489f54a3199dd1e29ce
2223f239e1191b1416b4e03ed5e61e1a
1e70c8c62a14d65ac58833400ee7220e
23e9da06cdd9c6fb1d952326f0c1f022
e74c3550f651f372fd033a36fb8dc671
fca51884f8870073cc0de1b8cdc1d218
fd0e2568e671fb340b2e2506deebf69e
007b39ecdda81aaf370c2962152e13ca
ecedf10ad8bef435f68f1d001f5a005c
e9b5361f009205d5f64ede6026371055
de98de8df5dcd6631a43dce7daf4fba0
d93e20922de90865e1282510139c1efa
02b4dd9df8dc0d9239701cd5d6a5c8cf
139df944eff6db70e4c5ea24d2bdd513
f4dd30aef4332bdde49726d2c61e2523
f1bb0af0ff40df34f5ecd2aa28aed426
fd753696ff451b3e2075193d37c2078f
0b7e303f25c21ef0d604ecda2284117f
30eb0eebccf2de37007dca4a2a96eb24
f873e4f8e4dff4012af80b8dd9b50332
f583c828199cfb2ed3b000fc336ceb09
1d25286bd3b2cab6ddf1260c15fc01a4
32c614a8d673f653dece02b918a3ff14
26de2d681b80e690ec8e1c4ddf06c88b
fc70cf8fd896e540ed8218ec1ba31b5e
20492317eadcd1341090fb2ef099da49
1966e31911050d8a2c473484eca304ea
0a05ed07c8c83398223531a6355fd8fc
098ce107151d04ff00c922721be5e621
e00029f3c8bb27aff81f21ea1109c57f
0a5e1b2de4b7e9c9c9d2cd42cd080888
32821e52de51dd1834eaced221672a95
1b30fb02045aead3fb782bb30e0bf4bb
0ee6174dd38b155fd8012e39c79b1fb4
dfeb18ee143014fffc85eddcd854df3b
1c40e495fd0609be1dd32c86d4a4f838
c643fdbc11200d96164ce56f1d142caf
d790dc2b17ec2deada94cb210860cb1b
2e5b3983f449352dc906197aca56cb58
f054ef07183906363914ff32cb0c10e1
1431d4ca1cab2d1df3c0d3b6eb830340
2b3ad676fd6516bf32fdedd305002cc6
db262b57c9ce23cfd31a1fbd1d91fcaa
3667e215ef7f24d1ebbc2657dfc4dc39
15feed74e04c19deee10c6a5cfc11111
ecd4ef08d5030914fdc0f5c0d44b1215
063edc2afbe91c63354622a42339d85d
21dd235d378fcc6ef6ea31d5eb450437
0a38f4e7cc0acc1a3a41d3d83666f380
0259398d18f62df5eae201f0cfd7fed4
07ca0dde362d15e1e2f8063ad21ad9c2
ec13399b05933083fe44262d1d662f9a
d9de19c11129d0a619a8221812950cdc
18d8e43c38c308c5fecd1558fe632f93
3016efc5cb4d1940149df6602d51ed18
f1bafe82ce34290f0c1a380bfa410202
fc772943d642d7ce2f19e01edf80e10e
fabde72bd52af549373e17bccaa2d6c4
d86ef9af2c7dfe78e1b023d90be1e8df
cab6fd3b036514ba2c7805601ce9eb0f
1ee712dce36ae046e73e13ff037ccd4a
0398e8350424d7edda5bf77fd7bc1fd1
08871fe9f132f544ee36390c335aeaab
33edd10ff1abf4fcf9aec9ce3183d3c3
393dd41f30a8eca917bbda27240232c2
172eecb11810396537ca0a8fd61e2ad1
de36e5ceff441ff808401d95c615fef0
035713b0fcc901430afffd7c121f049b
cfb9ebab38f7ed56ccab06d53533deca
20cc16c10faef51a10471fadc79f1087
29d62f43186d0dffff49e934d40ad615
0e3e17322648d67ce9b0c6b9ceb1356a
d4a10a9622e62ffbce560195e8a4d3d8
14b9196dfba110fadc332804df270dab
0500dffd3a71e4e8cb6cdaea26b4f7c1
34ad14820a032289358d22f30a65e21f
129dcc3af4d5de52d22ec9220cc10f69
22cd35cdf5b32b87f2472ec30525331f
0c91274c119b016dfd890e6f0bfb219e
db41cf6dfc30ce23ebbb19361b200eae
e0531437d7bb34a42c9ce8c403b60d56
015221f4fab2e7db0a192493c72f1475
e2deef1513bc0e18ed46e8f72bd53a18
d2640384d21a22971915c6d4238d166f
0cea232405d2eba3c6d5e41b21c1ed4c
20b0fe46211f1dbad3a700fedea91aa1
efe430641f50d02c32ca34c8c83101e5
f49c30861d6721baf18d1317d984e822
04df2f7b20a41c0f2c3e081d0d490e2f
29eee7c5d1de234406051dfedc52e5a6
f54c03e3e3183a8be412c6ee03cecca3
094411db31bdd5480926e7d2346c2b06
10d537aa1d9432d9da7fd6190c1d019a
e1d9e29f330cced1306fd7d0cf8f1b0a
0495fb4bf6e4fa9a1b94cc04fd5ee47a
03f8258f007b3848e74707b3c57f2f1b
3980d7c6cc96ca3ec9aa0502d8db08ca
f3cc2404c64ae7d022cee249e1c2e693
14d00d280b370c5c26f03122f3bae312
04640917f2b63929fb62039cf2e8cac6
de5e177c24992c70002acca213bed547
19a2336ec6f0cf58089febd8e882d736
eba81928e24d1c49ebfa1e2a3204ee85
eeaf145e3943399b23c61a6f0bb4dc4e
e856f3f4ec222a721a15d17ad07a29f5
ecd4db1dd2b920252b7f0a62274b20cb
17b4ec16ee6e149819731bcdeb10318c
1d0d352ee5f805692931ed9d1108e95b
d872dbbde960205218a6e8192900271d
d090d9d6ce79fea1f64e2ba6d20cefb6
1edb13c81c3af04720aff489cf6a2014
dbaccda5e21515a139700de506d1daa9
0d9af2c3ff390015fa6c1b14df31ea72
05ed19ab2695f968feb81859f09d0324
34bd35e7db6bcdab022eed1fefaa0069
0d652888c721062cf1bf03f51ed1ff20
d4610d94309306d2287efc2be1e106db
fe82d3fdf122c6032ca61268cce626ec
ce16e085d46e1e53106c348bed26333b
13d9d70b1661fe5ccd45d8d40e331dc6
dfffe72032db1ae9ca19dc5f128226e6
1c1703ed222528ab0b402fc01c7cd6b4
f2f20649fd1e1b652db138d0fbb530ec
074dfa46cf77322a12c3f4a70f0e39db
f864f13a208a27e3f7c9389bcfe336d6
d42a1515d1cfe99034c8fd2902c5edc4
2a6e1c74dc27e4d7e4d8f7e4da9b0aab
0d4af6ebde4e362f29b434fbc7971bf3
05d20f3be3eb2bbb34c50d41167e10bb
11cccc43d263e35b17390391f2f22c5c
fbcf2978f6e71864f1ca203c26290a0b
edbd14bfc6a31637f6f8cb830227c87c
ff66f181103510ede79fcc74f7890621
2cb0ce7a1abec8672c702efee63be97e
3a4bca8e1c623459135d0844fe5b1a55
0a652ccbd8061a7e14a4d541f3bf10c4
f00b0f32f4ee096e114b32a31d87fd00
3066ec190ec4dc11e0c50df01ff22430
380de67ec5cb2c70fcca0a2c01c3c8da
f6ff0132c667c62b15290e5917c236a3
ca6326d6394533f4d7fe384acad2d7a5
2660e1cfce78f512248c0702f46ac6f8
efafd9ea1943e016278f2f11e7e9f2eb
d81afab7261e131a0f19295828f3db65
f61f171f2277ca7037410428cfb82a65
14fb27b9f405378f1e211f061fcb0a9c
13bfe6a1d950caf712db20851b02efe9
f5a9e40de39de74ee3e80e26df013a35
c819d82e01ec2df91f6cfbc71ff501c4
ef63dc080985d20f26c4393a2477cb77
39d5dd9ff8a11e3e0b2215b4fd8336e5
f6a80b41308f2e121b8fdab5e9881c5a
2ac7ee2a2715301416ece5da2f47cf2e
344cf4fce811e712d081278833862954
18952797d043d897f708cb74d8e0ef16
0f48ff91ed40d15bc83ccaee1ca62724
d7e0eec707f8c5bc053d0604205c1804
1f5efee2e3de069e128ad0f3f1f2ca4f
087c33512d8001c1d972c817dbb6e400
364acf543955c7c2e3250789e518d1b1
c836069fd49b12c135e5f6dc05cf227a
08292b042b4ae29921c53a3fd849cbe6
e81c109fe9420835dd28f7fef4191d59
2ded142c0e082ea62e26c8002292f1bc
1d19f8a030bbfbbed2ebf11ccf8ff36e
cfe1df70ec39fc6738de2a6aec0ae7e4
d2ff0680f48be567db150d3af480dfe5
351b37f91780f1c2fae81ca52176f872
d2f6c6b8dda01ef234daf7d811890182
14e9f774fd26024fd80dd6252b29206c
1ce62ede0b89fef9f62df64eed300d2c
1057d88707c9df6bea2a2f3c2911142d
2a3330463634297ad539e8bc1f36c9b1
d657f45ccd64eea537402a7eff33e118
edd4ff32cdf5d11ff821da3430f3c985
cf21fe9616be0fa4e7140361d75829ac
dbeeed7fe0d6edd9cb8328f7d031fb1e
dfe5f7e41693fa43227834ac34d01b06
d593354d09ea09c6f1a2229420fb1c12
ea88291a027bdf16f680d6d135503839
1d71ca18f728ee3f23dcf94efe5c00a6
d5cae38ade56ebea2c65ec480c32dbf6
2590cedf081cff3dd7b00b831e7a14e3
1c6b253d0ec5e4d2d1ddf366c6ec1833
dfb61c850c3f0435d0a4f017072a26b6
e0b7e97ceae7f1061123232634b9fb3c
edb50666eb0f01cce097fa8befc23132
d80e0add0932db0be25233ad10da35bf
e1740742c6affb71f576ce9a34742545
fa7433f5f1ab09e4d2c4c8ec1425f6f6
06541fabd4fbcbd1c60df7d8089c28cc
c8a21962fa5afe76e895df7a08fbdcb6
f2631dfbc6b71c182ac8d2ee04782462
1af215300d4eec4eea072bb52f070a69
2acc294512dcf20af3adcadfe4a9cb68
169e350bcb3acdb826d4fb032210f74e
d303fa930aae2a2b1b5a3689f2af1d33
1cb6ee8a0fccffff2d332f3fd616c91c
ea401289d2a6014b238b24c7f50f2838
cd6fcd07f850c99d2ce71fadf7cfcef6
21c7debdfe421b71d02bc59cf1adf2f1
265bd72dcadeedbd3524f3b0da64cf4b
15d2faeef057dd5bd96336bb1422e029
1f4bdb5ed9712a13f32dd5efda1f1d6f
f4be3093c6d8c5f11f14d2e6f6791e3a
12abdc3f33700d1d2499353635f5fee3
effed144c6e9fba61da8c8ba161ff269
214e38f037d3d7a1f32f2a61e26cd970
f98d1e4aea212114134b18e8df36d300
282b3247e31828dafee3ec780bb63242
ff16ddc42c7038661cbb3486e0e33564
0f33e06b1bea388ffd9f05c0dcaadf52
e315e1080e7efdbbf176ed3cf858f0a9
29dc294a116e2267d5be1ec336781af7
f858faf4dd24d036277924c8f181fc05
00990fb6fd77fd70e7f0facb24a11a70
e66bdb55f9532b0dfa4125c2157824ad
006d289329afedc614f919610b020033
f6a119f6c68dda1c10a137a52b61ec65
d029c9a4c7aec82dc6363240215617df
1a8efc88029bf3ba3458d224fb91f730
233cfe7e2e5f3610382815e3ee4b0c34
fc81fb2becce39712f1610abd3c6da35
14b7f2950866203d19ed133ee0bfd6f8
381ee971ef1c1edf0ada15fe25f2fa74
0c65d4ea1f783415ce2ffed9e231db34
fd5026ba25ede856f16dcb28fe5fce49
279ce138d1d037511c67f0a0d7bcd9c8
14b6054ed0e0d8911e7cdf2fd2571207
f48a154a1d59f81cd25937f4ddd31b0a
c67039540f8f2275dacc180fe550eaea
e3ec38c80546e0d4ffde26e4dd012fb3
1d1bf4862d45f0b108fddaadc5a63132
cd9ddbd1d364fa2a1bbf1bf1f3f4df6b
d8fdf1b4ec3aef99e4df07c9e930d2cd
0d440d75e7fef939037ecc35ff910f59
e60027c23a3313a503fbecffe5be264d
c8090cd9e7e81cc7e265e5760e8afbed
f75d32c20ccb368036452cf32d7c1c5b
f225d436e604351ae194e45c0a76f5c3
3644d292d0e3207fe625cce5e9b3efb6
00efe33ac6b7ec4bcfcfce7cd06cdf1c
1473d9d8390be4aa1bb811b0def2d1fe
ff4f3969d36d15f6e683fc01fc1432a3
2b7013f8cdeb28a71b46f36be850093a
0bdce3cacb431a80de0f322c2ab1d79f
ec34f705e2b323ccc7afe6fece4822b1
d4c327390998cd08ef262c70f23d20d7
d378f692eed82d062c13f86cc80321fe
dd0ccc5827e31961f1c91061f85510e1
26f719f22b92230bd48ac6e52af6e93b
f5350a1801240f56ea1c0aee0d18ef92
033de41c1837ca29d31f016ac896142c
d5efffafcb5ffe0b02eeeaf2e70bfc57
1409c8e2d92238e5ee21e261e65af70d
efc4c93d0e012a921bac291ac8873458
d9bc0424d141ec26dc88df2e17cb22c8
00c8d39df4e128aa0fd7feeb35a032f1
cba1f8a6d84f18a112bb0253265fda83
37f8ccff06b326d91f49cad7e2850c5e
004be29aea54e2481923cc1a34aa11c8
1ad3155fcf5d1677390d0ff7cdf932d4
e77df7ccec65fb8be7ec37eefc8a2e32
14a8c82aca7b2290e4d712f5e711dc61
ff4f1eb1d990fac1e5eb2c66d9d2e474
f52ed352166533af336d09f4203cdfbf
2661e088009311d52dd11b78f66a01ae
f1a1059832bf1b84318633281a60ccec
f46a0c9f2966f94c13061e52f6522fc1
d8de0eec0267004decb7053dc6111fe0
f03ad8eefb90d5642834e42fe2bd23ca
f62510ddda88ea06ea2a1775cc7b1c48
f09c1201130de6650d410059ed202d65
f58e19342ae9e30403afcd36f08b3726
367b1d760c6c255d270f1bb73987ddc2
293e12ae377c1caefcbb242bca1fcfa5
026b0a841aba3327cab9d9a6dc0f13fd
1320f176ce341e182253f41af15f0050
0e24348ce694360cf861f4031b4cd1ac
36b9e0c2c8d405f1c99fe7d3f30be5e8
d5d7e514e85b369cd6edff2dd7e21203
0463fade175d3a1de95431261d1fd06d
24cafed518cee84e2455ce572cf6dec1
2b521caa0de325b80410f483084d28b0
0cfb04862041dfa8db5bd593348b2377
cd8acdb8fb560b3337a8de5c220ce777
d2103a3ec9a03751e8ca331ae17e1aba
2abd0ac3f10af0b7d5cee83539c12e49
f211e7470311da121ab836e40f7b00d5
2846cfddd8a80dcfecd01036058d32c2
f65d1f0d0ab72d4b375937f31958e6f2
e2c82604f84619aaff9834e41d6a1fa9
cae31e441d9ec739cb54ca9b14a6f52f
edd60e730874fe16ded8274afa830678
36a4ee7909a6d171258724cce14b2a3a
1f52361ef6db2c53d538deb9103bfc83
cb6414db0099ee6e1a730c9b0e2ee6cb
cfa01ef8f1e23842efc118c4d30308a1
0bfef324cdfff7443a5bcd6c0f26c6f7
e0851b6dd992e756c6642fe4ca9aeb7a
f94a0e8acf0b209bcab3eba5ff57e588
d9a0385503711d0f11a7283ed767e44a
1e94e183d51ee2f90d3b23e716a822af
cf9bfa8939c02f0218e4f85e39a21994
036931c133d3e7db1262e7250d13d1a6
1bc62293d418f27ade20fa9bf66af18c
09dac593258826b2ed30ff4e32d320a3
21caea9e31dd106a1d99f5b513bcfd87
2432f9ee32ec11680a7cce6c12a1e968
0269f3580ebc0d1510e4e593068de2d0
02d0377c0092047aed9d1d55d315d001
dac9ff91d91f045ff5f30478c79bd7ab
2c64f349fd4f20a33604d0c6019a31fa
12b12714f48d0634de101c29cb3ed15f
f37b2a81395f1dacd643e5afd7802598
ccaacab8ed58f9383a6e2f4ede4e0baf
35bdf34714c62b60fd8e2f02ebd8d502
141e0345125ad3e6edd01e1ee86fec3c
d01a296a2e76eccdc672399bf096e812
09bf0419d2a0fee7385d2304d6a41dc6
f579e227156f1cac377e24e0ef49ce2a
39b6d5f901a0f31637030195d3e0dca6
d6f738f8d03b37182e8416950e3439aa
2790d6983335f847c6d5ce19fb7433bf
f43fc9f53041d782d08202711a672746
ff5b06a62a5d189cd884066d01b3ed4d
e81633be1580d679f2c8ceb5fbd7f9d2
fbf4c90725fefd8c1afa2f4135091f77
01e5fa562ac00918ea48c69a0e4c0ada
08a2159039aaf0b916f5d2becd33066c
33c0d4e7f577c9ff2ca4f78dda9f37be
cbcf1db0e12227812cf4f531f84e393b
05812b5623a6f344e910d9a30b392170
00cdc8badffe2f47268c05e124be0740
ca44c86afdc8e435cef00bd412fefef8
c82d2d05016626353a7913dfd5ad0243
1c3dc710111c1223c8c4e978e5d2e5aa
e406e0bdfdd5f8eddd06c7dad48bdfee
f15318c8efc7d26703bf017aef9cf543
dc7dd28dc59cd730cf38d07820e91c71
f78bebc8004dfb82f7bccf59d23238d7
1d7ff6d836a81b992068ec7c1d21d4b0
d7231030e020cc1a1e42d368c9b71338
0050f9241390d0070facfa09340805a6
dda207d6243aece621d4374e3169108d
1b0c331015a8c638c713e7a807d8dddd
2d57d6c60218120ffce215cb38c6cdb5
e496353ed9fe0b68fea32c5af0082ada
f50ec605108be4b901d211472f3c2509
11c812e501a5078fcf91d5f3db3908fc
308bf932cce92b2e11462aaedc1dcc01
18d7f19e122f23beca2bfea1f47d04e0
2a49c7af329005c4e68ad6e6e1c7e881
f530289d2aef1af7d16ff41f330fcfa0
29ff0e57e5d2ef492c25f558e7751140
c741272729ef14ea020c0e45ddefd0b9
c9d836c013052a44e154df9f0309385f
ea75caccd00fe89cd11104a6d69c0be7
3527ef7b1a94ff492974d134f49ad684
e9573233f1c7c570e3a7db0606ae1e87
fc5f284eea5fe7a4058b352a1a8607df
d68fefceec32e05fe419ebea30c831c1
c99fe541f2b3fd6dd22ed1dbd773c78a
cde2f6e203a4c697cd8fc76fe586dc7a
e204e7fe00b3e9e10ce3377fd9821db4
c6e6055df20b2773d94a0f4bdd562a9b
38830497c5d226b8ce56eea6cf6fdc2b
29d605f5fab9ca83037a08aa2a740fe2
e5031ba3e8cacf6dd894c74bd7dce547
ec35cf7c1915d16d15ac2297c5c3c7aa
03e8e28e1789e6133a32e0ea2be63748
ca9503ac0b8918dfe131f30b173b269a
ebcc09be20a010b3ff732c811f2a2245
12fb17f5fa973115eb1010911e8019b0
ffc80e1ceab51cc32a420376f554f9ae
d8d00efae392cf3cd41cd8232bc63a6b
19b11677fd28ca09f1e6288cce2adb29
0c01e1ab2c9815a91506e1c400defbe8
0980e93333b813a1d9221fe00378335f
cdc02e09116bec35e991355acf9ed6b6
cdf637de30c83561c5fac986fc932d54
1da7ddb303e8f5363821e7f206a4ec79
fb53067107a00d1435ce137adc79da1c
e93afc8a045ffab20408201ae2242938
2c271908077ffd401863e3811edce7bf
dc7a3013f9a02eaf071137eee22e36fc
1ca20023e8ead620ec052322e04bf057
de911018f18fdb9b2023ce30df0fd611
3256f630d654c9e8ed6a16d2d1363123
210e37bbf52f39ece1f529693575e8b4
f523c86419a90827fff9dd763195ee8a
da5624fdf6ead4f9c7982c14da2b017e
18eeff7915a3eb3bd3c0e48c2bf6f9b5
11a8f0a614de25b0e509101c0c5ecc7b
044ff076f8cde1342e5df03b2c34de69
1cad0beb0045e316fb1929c9fa35165a
2d031145188325950de02fac20a4ecca
f0a408350f2ae9d329eb0aab0e93353b
d5ebdf2e012e20dd398c210b2439d287
ee9cf64fcc9bce8bfa73090d04bd2c59
2656dcaa0050089bd5090d82d73405b0
1d9a14efddc92216e5a0f5f627eadf61
ee4bf0611903df9802cfcf1105fafbd1
1ca70d8af562ef32f311252be672f9e6
d99b19aa2878332ed6dadc0b0e302cba
db62dd6bd46af930c8d7db88e2acc703
ff0e0cbfce2314122ead2a33de4ddd56
31632f1cf8b1d96e33ce02301cf7fcb0
39bb078e13342f4f0978f4c10b462c2b
cf8ace9f1db2fb19ef18eb65e299de0b
2fac0eb2d2a8d423ff402e2ddb61e090
35c205ef018709fbdf8c1f230ada20fa
cdff2542e03a01acc9adf4dad88eddb8
0b4c31fc13b32460cdbc113505dd336d
0c880e593a5efc7729570d1a08bac56c
12c3cc59d9622d6eecde048722240a94
ca853226f38f2c23cc172683cd36f9c8
c70de7a01398ea96df0fd7542d8efddd
1a7efdac315a03ca1c40dbf0016012e0
cc75d79bf420e7e9c9b603add2fb34c6
05f21061ed2e2f782455ebcad2b3d3bd
253b03342aaf2096362eca0606d6cd38
22c1e0491fc2ebda187529b8d9bcd1c2
18b7f8fdf191d7e4133fe4b2fefacfd0
146608e221f1e87621dd27393a70d1bb
cf23e069c57d1c98f963caa5362d344c
ff0c03abee3c236721faec88f0cf3821
2c95ecd6da910e9bd17acf741f91de58
3853f5f71f9dc7ba36f3cf7a3205e9a7
e67ee04804ebfbd3e9b3fe571b77f7e4
19a5d098ce911ae9e986346cd4442474
0e2ed3ddddd21468e88a1564e36938bb
e97c1483c5e132c011bb298f07da12dc
26deef78106206c21fc5c874de16ce82
e02af4c92e0b14f5fc56e7ba021628ac
e588dc92c62aebb8ff560e22e8ca0942
33f832c0ccfce044de86ddb91349e827
d86b1925cb82341f3497c7cff6000995
06f1fcca125428abdd583a360596cac6
2ad2c871d18e2a311aca1f2bcd4b28f6
fd20f3610143d397e6e2143ed8c2cf44
05b8f22223342a84e4a90cb13750f7dc
fe25cf6c2789134a182acf232488db20
d258e80adb63f417d432f75d0f90ee40
ef0ff24931e3ead0f86cdf3fd976f151
03f7fb42fadef084f2fee6a100731809
0d52de15c6d0e89430bd2a8830fa1c4c
c714f346e7d3fee3ff9cc70adcc8d449
397af645cc5fca0d2919ce050e36295b
f5e830d9f516e67cf0d82de93252ed76
004d2d42e86010fc2bc5f9b8edf01b11
ee36f9252596dbd9e0aefeba0a0d06d1
e6aff3fad0660fe5c821082316e5300d
1444d0fae533f3e3fd54fc9ac659e24f
d889d3401f2ce1beeafc0fdecca72cac
02e0f210e8c3f649cb47e3c3f4bce731
e853fa2e3605d6a0da2ce63608cadeea
3080dd80d313ee68f17116d702351415
dc15f3f43166cbcd29fc0545ec152faa
e11fde823268fb8c27e918f20824357f
0f992ede2c5bffbd36a32b5c286a0b71
2a8c2f662594089eee7d003b37802676
206d1dd70f98fd15e150105c0151fff7
13301c1cf5c5da15e6f23714e839f24a
cae7174e21f8313acbc2f781356ae173
d240fe8ad1d5e0d7193a122e1020fee3
0f8815e5fe8cddcddaba1f9f00762180
db6118a42dc02daac9af26c302b2cc24
fa95e172e40d367aceecdacb2ae8f64d
f666feeb14e6e8bbfba5e7a9148dccca
fa5a0788009b0452388c3a4525a4f588
283bdbfa01a523322b74d8c5caae200f
23a41655da773546ced92fc2e8832887
0d61180cd593f2cbdb7be0b933553520
33712a63f8ccd86dcf85e58614f0d248
0fad02ee1018eab91258274fd4991436
ec86fd9fca11005c17cf030cf259286b
1da7e96e13471292ee07108af648e330
09c41d20cbe20b9816d2ca66f575dec4
006ac7ea2bac29470eabcb7c1c82124f
e5c9f6581bc4cf77303f2538febdea28
1b6d1681e80be0870d24e31df20610d5
343827422ce8e973caf0dc5ad2de19e8
0284d71bccb014c5f01f35b2256dd4fc
0743e981f9010f2334541ef00162228d
c8f7ca0bff790a8ce0dc01d4fb36d50f
c9eaf4ef0bef2758e4cc2b8f1f91f88c
04ce2a662e4ed57ce120d5e7c9cbda32
d4ddf8b1fb831b8f14a7dc33132ace96
12e204ce149d24b7f55ced53fbce1ecc
3652f29f157031f9f41dcaf01ae9ddd3
d5062dd3eb29fc8a368d0252083ecf16
3a70cd3dcbb2e60dc9212cf9fe21248e
e2b6c89c3748f45be0f22ee116f7384f
efdd05c01275126b20bd182a017b1eab
c6bdd50f1a15cb53f8c9101232ab33ed
e4a126e5d78dc9a3284c282b04c01646
eb4e091cc5ae21461d6ed20e00d7ca55
34cd2f32279e08efcaccdd09324e3872
21d6cadeec7ef34ac69e077ae89d18bf
029807ab23e8f434fda0f15de382e596
e5c10c2e2b2ee74adcca0d3e2b2318e5
2377064ed9aecfefddf51e63fd15c8c6
e55d371e37c51a42d5f8d13fd80a171d
fcdc05b8cd4524c7de8eec003934d4c3
f446c78f3a56e30bf77004740f100032
c5f72a391f35164de7acc7220996cb63
33c137b1feeff4540d45e034f1f80936
2c54e47cfe9a098e1fb3f324d4d1ebef
17bc1a8ef4cff4001d99034cdcfacfab
e661cd200f2c2f9734e21bc81b2d21cb
29031d62ec1428e4037ed606efd72756
ff413202204cd16ecd5c12eecd861ec6
e85f14731bcacaca2cefc8dad7c92443
2bc2e789d6a035eae8f03367229830d7
382cf39d0b0ccfac2947c9fcfc28d677
37ce3403ebcce39901843062e8fa19ff
e809d8bd10ea28bb22ebc8aa050e1121
02c91d6b387c2039eb8e1703eb16ef95
d715e1e0fa17fee900300ae2015e1b1f
f144d90efdeae9b8cec4d0df37082f25
ccbfd712c5fb299acf5fcd7436ab0222
005100512d4d350222e4cf78e1c6e16c
dab2f69d029d1fbe0b61d20f10fef16a
e6ca324a35f4341be50e254b3a63fd04
379f32d2071aed171864db471497ff60
e0242cff0d972c4d36510b1a090c03e5
caa1d2260484f87408241925274e089d
dad1fa5e2e0119ce0e5b15d7fe56f180
10c11f61d572f269dd54eda1f5ae1863
c649cbffcbb9db30e5fb28a0ec32cb26
cd44fd3837430b87e65d248f2e2e1862
0562fc6bdd21e4413551cf96326afdd1
284c0da7ea2c18120438fd9413e7e27d
02b9eeb63327db32f95df432d08fd393
2808f0d3ee65d2df33ace8293455eef9
328b2087c597d011d49f3443eec4d736
0eda36e3efdbdf94f337d6dadad111e2
e3b20580e9310b9b0665ebe6f13e0620
d1b4fb34f68832801b2efda0d3701221
ff2ad1aefc6a22bef9d939cd051928a1
db0b2d50ca17f80a0df6e9a1d558ed10
1261e83001161b792e7d08170ed4e948
e0e02eeccbccffc31f0b1df1fc9e0fa0
d63af6181457fe5cca49034102d5ca0d
1b27082eebb7f71cc935cbe52497f954
3416284d28d8eae5d415176d240ee613
30e208c8ced2fd621521165ee1e9d949
39b5105336f5ddfb3047f252d2700307
e5cad2b50ecaf978f24322ac2ce902e7
1270cfbdfd4f05901fb0fbefcb6f097a
354fc6e5d2b91b2dd7df24ae149c3162
c7601239d124e22e328d05040deded80
ef9a1f77fee4dc1ce357e3ae22c51df3
0309005f2dd435aa2941ef19323ce77b
fc770c71ec10d840d93ee234d185d206
1a3bf00f1d1c02731355d1ee0f0f378b
10e1e367e6cede3730360d76fc8ddfb5
13d8da76dd72e0cdce7e0ca6e1f6eb49
0f2b141e06dbebad209fda6a03aff27b
e0b3cacfecd8ebb8d14b181605d52c09
05e30eb30ff235112fd5f1f3f71710bc
21c5e89c0d5f1ec7e7ab32c835e70cfe
e0800540380cf5970a0914791052ca62
0b0fd576e77b2cbc26c90a48de41d989
ef1b2eb5d8b61f52e31dfadf08dbf3ab
ee36d4122d920fbc38b7d4e600ce3883
f2d4fae13a7103d71e5dec670992cfff
2df7de5dd4bbcca936dbdf8729daeae5
0f8110a5f1632f872653dada1ec8d94b
1a42d939e90df01920383391ef84e1ef
2399330e32aa2c591851334ee0b61004
34421ab539e5ec5700830a54f9a0f977
07171351cb733770d3ce19ff2a7b36b0
f909030614abcb71cbcc0795fa3b0c80
1724101cd99130431006d8182c7812ec
0235ce51cab5fb500e240d4cd942de85
ef99077ee529ebef1bee296bee19eb49
0f10fb0afae6d7a909b030f11b5d38eb
0e9efee62db8df7df62fc66bf2952888
0c30e5d1e6041e8ad500fbe437ac023c
0bd2269a0b82090b38302ecaff0e2be4
fe1cdab9f0b7228a240535d72d1ee0db
dcc8e291eadae4b02df0133f0c123059
1c6d2788ebf8d5b50cd02aa522d90e53
ca653423dcc7d5d7f954fa30dff80f7c
d113d686d768e56c29badcd9d0e01421
d5c91a0805d5d1521d5ff4ce1ecb1be6
26dadc44dd42d36beb1eded12665e5ce
13a60454f6f7d6dfcb2be780f840c7ef
e0590dddfb100c7b1a4112cd0c7e2500
de6bc5a5c584ccfc1d9e350c0c5dd42f
d13dc9b9d2ed1f9ae4e2e6842a8229cd
dd57f2081f05c8ef347334dd2c2a2e17
2a983225d0d82b44f2f6d97c293bd701
280dd8f508710a3330d41898e63e090a
edab2a03e16bffd51041e94ae95cee6d
d280e5c321480cf6e57de4c80e1bcb7a
cf02dad52500ddf938a309f41ee2346c
f9b0e9b9fe52d71534f9232ed98ee8ad
0efd26f6e2021afb38d9e375e46c2761
0ff0335af1ddf7a9edf1dccd1001020b
0b5a16afd6a30d13f3daf6b2d4e21129
2406f75000e11efd08e00ae4cab81a5c
142e0d32157aead92b05232623e502f1
e5ac30452a1af61ff89ccd06d544d565
0a04028dea4cf23c1a86d02bfda2d6bc
326d33670e3ef3b4fad5daa2ea421178
f7a9f86fdda5e707e7a728702912efb8
e932f96e3a56041135e52c7336b6fbfb
1c43ff70384930e3eee02ee4245ccee7
d1c8ddfa20d829e6e1ac1154ee382a8d
39badd1b1638ef7f09ab07fb135c18ee
d1fef1813a3e39afc61ac7c3f95bfcd8
39afe580cb0001d2f321dff5d148125c
d7fcf8dae146363f250413531e4b2064
1059fcf5dd12e78432893081e19cf497
0444e148d7141050fbbde185f06ed808
dc5be3aa2b29ffbee2e2eedaf7e1ec8f
179b26ddcf751064de050e69fb2c38dd
e8a63463dc5d2a0bfd78e3cdf11008e6
cd6a12e0122d37d5d23d1d16d8de1700
e2d422b8072121a2094d14b11c351948
c94fe1e134ddfe2ec7001c10e970fe49
122227542bc0f07ce656f267139f2de0
0d471f8be8e015f9e03f06331271dfff
2e35d189f3900e8cddb2f83ae8fad1a5
38fb28292b69e34031630d2c11342c29
d80026a53389f7e1e9fa1e221f0c02e6
13790b00df4cf68029133040f99537c6
1922e1d126720b78f6ac1d3d0cd6f331
2fffdc0339e21412cfac156c0fb82f5b
291ee95c29491386c6b2d12dce4605f5
c7b0e85b332718aa2db7f54c0f8fc8a3
2759e5bde09b06330b3d0ec7dc72f307
07c9cb63351edeeb2eb63918dbf8da51
347c16aaeec4f834220c2328e669d3c9
fc63076bc7aa096acfcde83f0bb2c9c4
f0580733debed01feb0d114f2e5a3a53
da32f10dd0473954dbe435562bb03092
c591cc33395ce97a00d4ddf32fad1145
eab114af17871bb8040df181d2bcfbc2
d40c2994f6a5e963053ee5541bb7d789
e7e5f6861416d4b53188d9ef2fc9f55f
e9a6e3e0ed941f4421e1110814ed35fd
1eebfb16da7820eeeaa4df6330b312de
d9be048dca73e48ce336f8d22072f330
ee47f41af40934741625de06e0f436c2
f03132f51862e2dadc07fc43054be3fe
e1bde290395fc9bb0bb3ceb4344300bb
fb9d2d6a08340ce3c771ff442a06e07b
3750fced295e1008f6c0d31fedb2ef98
f60439d91cd312112ffcc63109160f51
cc302159df18152e2f08310f2e21fbb7
202d1166207b0fe9ed0bcdf2dadd0709
f536d885102fed9cfa23c8d920c1f7bc
1d8028a007c333a325a6c9dd03fa1d34
e4a7f1032f8eddbc0e3b2e44ff3ae43a
279b2e301f1fdfb32cecfda8e1c30e2f
dbdfd8a222f1c772e9badc45eef6d77b
dfe4270f04aa0cbe34000b50e70225bc
15cbfca810e809c0cb58f1fd02f610ef
1260ef520834f4fbfc7e00ffdad1da50
ff51e270dee1d9df14b7c577d6ddfd13
0930d779cb6204a804bee78321412f21
0956d31b20cfcdf3021f271b025a1e9a
da8de11fcb3ffba8269007edc973cee8
dc3beca3ded8e0192dd1f25ffe730411
32cb39b7ff281f3b231ffc69254b19c3
32e60320020ddbee2d2dd81cf72dfc60
13e9f58bda1ed650ffb612f9341cd03c
d79725e9242ed005e40f16ab0c7f2c9b
2ffc312d22a7ebab18b6f6bd38e0c6e0
ddc907e837f2263321e617031b5102ca
d17feccb11d63137fafdf0840c3215af
02f139aef23df008f219307833e9e784
03cd0c8e04a02d5e1f33f380d45fda98
e33f298309340362e054dc29c7e8d559
13df175c26220427d54113ac2821d771
0626d489157b0940f86117f42865ce65
df842a4719ff35f01a84d197f0f7fb58
de2210bf0284dce9eda8fa8a33f8c5e5
1f210d7536980bcf2176fffcec8120a4
f9f0d8c1ed85f6a33661079c377301e7
e5cb2fbfcf1ffa30fcf139d0d3990e4e
d5fe033ff5b0ca9e15d4cc3607b6fb37
e21dee3afafe02270fc9f8b91a580c62
1258d3fdfb713115d121ef4911fcd48d
e0e11f6dd0c9ea85efbbef45ebca2f72
24261854fc1cf9b5c9c324cd0d2e1142
e8b2ea9ad2a237e00319cf8bf5ffd595
0a59069429ca396ccd44225af7fb0261
cd44ff6bc916274c32f526d206b90e06
109f170bceb8de5526bce7a7eb650768
3094c6700ef706ebcc1ee221ff9a1093
ca2206bedaccfe84f49e310ffcdc1e44
f6bbcb992a86d171ce71ea7d2d4afc7d
e9da21f5e133e17dc974237736cfe898
cec8ffeb140d10130f2539c30916ffe7
fc252262df3f288dde3f35dc2bff36e6
e65310f4d2900bbd04761955ff7dce4b
10ffe28cd813e81ddfd4f63c09ef1013
fff92fe123990f982a98df070b890896
1352fa65cdfdc5d0324a009fd4f9c96a
e07eceb92cf61aa93823fbe22d13eb7e
e271f9fa2b4cd189fc2bd7dff39aefbf
d6f0e8eac5951894f7eef44e1a03ede9
d28e09c5cfb6359d1e1d1c471f8907cd
fcc2299c0cb6306ce33514eee1ea256d
0d01fbf9c7d71fde216836c2dee414d2
0ced026af2272d5cfa23e0cdc94dec0f
e057e747e6ba0ee0f31f21b2015ff1e7
ea52eca7e53f1cea0d462d6438ce38f8
e1eb108529ea036cef4f15cbc736d63b
c7671cc6fa9cd19ccac7ce892ac4fee2
d8b7cb8e0a26fbee0f6f11b626d305a1
cdb01950377cfbd7cc00ebcbd5bf0c18
f1a3e779ce4627e71a7311d6d2af0c2e
0cee39aae7c8d444ea36e82904693930
1dd0317be2cd2df3f7e7e177246fe8a3
d91fff70c6f81c0bdc1af076220afafa
0a60f467347126061e9ae6badb6ed7c3
031be5340909e549d37214c3103bf658
140c25b5087c27d40c7fe2811b3bddc8
f21de679d2c238f607afcf8aee1f1ff1
c59be84dea032d2e04af1de3e126dcb9
15d3f6a40eaf372cfe2d322a012cc89a
0e1afc59f479da4df30cfbbc0e530304
2427e9f3dfb2ea4836eac61fc819d3c5
f8d2c82309b9ec99024d1f492bfdd0b8
ee8cfc27d7e2f2ffd9f40ca8344ec7c1
e0bb066519eaf4c5cabf27d80414f92e
018adf2131f9d6951b3a210a07b434be
0fb8f813e470043be674180b09b3d774
ee95cbffd1cdd4aaf18cde27d6a9348d
e7830327f29502b1db5ce193d10f29eb
0306f909058af210f183cc6a2bde262b
d9f72bfee2de17cae7bcf0aadcdff995
306ed7d81bdcef47df08dd9dec621f03
d7830183ea2e1e7101560fe3076f1b76
15eb31be16b8f4510ad9e053f6c4ee75
0912118fc641f2e82b53f8bfdfa1ef5f
e2d624823a1bf8980fcf0642d1b0ff26
d2ac195014d6376a0f90fc90fa8de6ab
f43209e6c68e314bd47827ad158302be
219c2b5bd61efabbf51c3836ce9531aa
d6f6027438870e4bf719f101f19ecd1e
07f3f26ed44f184413b3d6a300cf2e7b
126cd71ddab1ff590659d6621739f76b
07b0cd58d76f0518fa0bede9304ec80b
2bce24fd0ae2e82ee97ce966d3ee3586
1a8401850ef234f3ee9de01f2727f1f8
261b0b8ef4dfd1aa09782e46344c2889
e34cd1c4c5a61f5c1ef1fcfe0063df5b
134a0e4a322ffe4124cf2ef40fead941
36852953fb50322c33361b8d1a2b2ad6
05cbf21227b2d56fc8d3fca4110c132e
eef61f5004d80d090419de121ec90cb2
f2aced4bd1b20bcc337e124c2f9be972
e200e2463583c8eff25e38bf1609d4c4
cc63efc11ae800160fe532fe07040534
ebe32116cddfdb9d07a72adc2fdbc8a4
1cf238f4ea14345637b402c5e769c72c
d427f4b3fd93d76f183200640d3cd9ef
39d2ccc6f8af17c2217df70ff2643245
2d2310bdeb06e04b15bdf4dee95ee2ca
20443926ff18c6c43254cd5700992894
c5c8d6593754e70a0673fa57093add79
eca1e2d033ab0a390d7d1e9bcab5cb42
2ac010e3dd26cacfd4a9e0933a731aba
0b91ca2c17ac047a18ad0f7ce248faf0
368238a1fa0814750a3fdc8d0116e500
0d70f82b24ba2abc2ba3118bd855d7c4
2cdbd8df006c2984e8163499c65a158e
fa4b1d3ec79d32833142ce39c695d1ea
ec090a4ad37d2e5537fa08bc2b7720b8
c8f2cb4f145c187edcc4e2852097043c
e8861dcad12b03b83a3908b6d1001e24
32e21f27fdec1cb0eede2b61f36921cb
f8021610e9ed34dbc7a823e8227d31d9
e157c6ee10c33942e701d663d2b135c4
ff82df05199ad6121ce539800dcbd2fb
378f187e22a506e93a7401e50bf5d68d
239bf1e9238818bb1d7ced0f31b7d65a
cb313940e672c8d5f348ec0e1fab2ccd
34510551e645235c183bccf4fe7c01eb
fc91d96f1884e41c10970529f0e9f7f1
1025de45df21cedaf6c7fc84e44acc2c
fba533e6df2d12bf2d4ed475ec8a1022
e21de1c72dd4e9dcf77ff0dffc47115f
f0de2508d3802984d684ec0fe2dce343
dbb8e802dc0ff6632fcf02bf0cf1cccb
1b84d3d2e834fdd4e786d8b5d8bec651
d82628a72a4dd657d1cfd8d4e460c820
24b2302dff4bfe25d23efdc2e9bbdb10
d99d24e00ab9d66e0c48151ed516d663
eff00234265f3061ee5000472d0fe40a
1598fdaece9cd0f5fa76de63db95052c
1c251d45273ae432d36317942e120b10
e6f91a9f19d4cfe0dbb0e1db0e5cd5ba
36d1ca5fea1f0d6be86433a21975fd93
36e309e1e9d029ec1bb0dc85fa13f17e
d34a3a73f5c22478d4133a76e54eddd3
c8f7de12e6951e8ee389dcd0331fc7f5
18f8e1cbd3342287da7cdab3f5c91231
1b822660e551e81aea48358fc5b5f81a
d83018ca0ca0359b0620fdad0e34d065
dbeedc04c8cacbeadb97c66b2010c881
3909e4b71d31c8092334233dda48ea1a
d5e725b6355ce28b1c7311bdfbbfc865
236311c139672680e98af39ce354360c
e9191252f267ef690302f1f2d8d72b44
ea3beace24a6e7b90a54e38909991fb2
ec89e2df21d3d57ef08f118c218f0c6e
38090cfdf76d1dfb1fbd06f1c8091c58
fb4e249add1ad29bfc23c9eff918d88e
fbde20c002fcf44d39f9125b2dce0c4f
2ba218b3e2131a1f220a2acfea26c9ec
deec29361cf4ef690672e2ffe34804b6
e768354bfd10eada36aa1d7605a8e338
13c83a85cded184c100de9f7d4e8d086
27f6ca96fc12f9172a2ad56cdf6e1c7f
0beb33a73312147de5042e4b171123de
17ac29912a1ccd3e3842ff0defcd2080
f629fc640df3cac5181d21ecf5c5ca16
e50522f53205cf4c283bd826e82ef2b0
1d3eda6f0e9b2d771ad3e8b0d31b0142
d638d1c418b8373003433730e240d24d
ef98f9f5f90532772b13e151c78a2e3b
c714035cebcf1aa93a3b245823b42392
1f5afa2622f6fb8c351e0203f91f13b3
c686e7d7fe660531cf4fd08ad8482227
e522c912e0dc0cbfcad0d15ed7bae01b
cfe4cc3c2a77e652d73e162d34a5d42f
e312d5b11cd5ecf40dec0f91cec50fcb
287435a71060001814d2f37926cc1215
21d9d830cdde0f6e0fabde3b1c0033da
3387fe313a26d46de5fe262dda320f03
1cd2d3f5e54a3902d18936c4e587d7e8
2607e4e91bea358419f233012eb5107b
ec6626eb0d06e3e82cb836072bf2d010
cf62cd00f1f5efd6ecf72023011a0cd8
f95212c5fdc823dfce9ef76b2710c596
164c28b203b41a92392b121c36281601
dce3cbd32e200a67f9eceb06ce7ff6cc
c82c077e162f1368ece309353353e8ff
2471e505f31afe9d1fe1290ccfed1a20
1ed91ab7e2752ae7d38ee429147703a5
36d0ccaceae3e1b4d48effe12f83c60d
deb4d6c90b30e6a4d4d70eb4e91603e0
fa41c70806fe25bbc877d92a38e1fe63
e63cea85e90ed7aaf3050bd3e37b0cda
1fe725220cb1ed5ddc560af0cc15f59a
11060e3a18d231a5f7d6f40c2ea6d5a9
d733eae5e8821c7e23282c722c5cfe87
018cdb87d4a6db5607c00391d7893432
1795179ff8e903b8c7b6f4b82a962da3
f8d40d78e3090e1ce1902ba20121cab2
03cff5fdcca4f9e2e2edf389307cc62c
23badd1f398b09acf68f25410fa31b97
c9c2fee6dec6195dc9a2f293da292ab9
fd67ec6bfc01c81207cde5402ccecd17
de71d676d0ae26aa004e00c1c8ee2e44
39323a28184fcc6cfd83dd8109130587
2855e909e05909d3da40d631f685d268
1688cda9e516d53a39c3cfd119b00018
e1103767e925df58c6c00d7d19b9200f
19ecdf0b02eee673da943944321dfb29
30e2139f2ff2e0c0c8531e8d25abe4a7
0e38112cdf421f0fe537d7092f1b0a0f
fc61cbe223abfa4e32182f2b0933f6ec
0adbeb68ce02e9e91496f44006670ee1
0e9efb9ed163eadcdd3c0a9105dfe96e
05e7332c1d2629c11bc10a47db9df683
e50d134adb3d0b00d0ddfa67ca1de7a7
21bc04b535e6f75636790cd2f8ef0023
ca28cf08f9c6d9f418c80577c57d38f3
c675ec8bcccbc7b61171f91bfd03104d
1104048beb13348c275139f7183d01dd
286121002b8bf14af645d90bd42dfb32
297afb2c191c1959f4a72c07c90cf8fd
e6f40d010f33c80fc6951d42160920b1
2da7d97605742fdad205cdf717a8e06e
dfc4f8641a8fdb9e06edd7aac5822977
30ad315134f40c83de040811fa80e9be
1034dc4dde6fcf34c5efd8b22fd9f00a
29f7edd810650901cca1082ed412f4a0
174feac8d6cae171173d0f6021691fed
2f27f3dffcfad0ffe31e11e41e2ed0b9
fb1f2f7c2b8b117d2ebfffeb1e11cefc
f669ea63ef491a97f43ae62007f4e807
e355e5e2ffe4fe6b0556dc6f0897369e
d72ffdb5cfd921fcf0b6e388d589e948
2d87d2030c65fc7801b6d2c8d4edd8d0
e32ad0eadf7ccef6db54db59045bda86
3018289d3774d055f27cd258ca6c0c05
12c1eba7d4f4dcbd256f0c5fd7eed8d4
38b5cf25032537053a98cffa359a11db
e29d38ed310435c61745d19f395e15b0
cbccd56f2d19f3ab006704682258e661
f5a5fa1d06e101aa3472cc5cfda6e87f
24ffdfd0f356109e2311ca0336dc11e9
d1bde9e019491297128402f1e3d30249
3a2e0055e05ef9020fa8e766d304ef83
1d8ee678c60acc8eea36313027e6f69f
2df8e141ee000221e708fca1fb2d2941
d623f981d1b8e6d903f72346e2c53741
235aecf4d4e9dcf62a86d28dd36ad596
c989ddc5d01bd570fbb715c4118fe996
e5e3e0540f51f80f105bf04dfaef38e6
31be2e8417bb255b30ee283a39d509f8
f9fef01bce25ca1402052bec298f27f2
c7ecde5c02ebf99427affb2a31ef3037
1e192f01ddb1e461d45423cc22e520bd
05281422e9c931a8f7b7c8aaf4a6ecf6
2e3ae6e8dedee84f0941c9d90761fec8
0d2cee4032740401f6c609ab155f0575
17572ca5eb31f9fa2376f0f21644edcf
ebe1fea5d7e81f0930530e750a010f7b
f4481401028512c31c69d627dd99236f
1d5d08c50c0e2ee01a85ebd913ffd106
dca0dc2e0a7130ca34e5126ff37a35a5
0fe5e079e283f45aedec2e09e1d0209b
35bdfdd1eebdc6e2cfccfa67dcfae424
f0f3d8cdd909fc0628a20ea1317d2835
16eef4d2dc7a1f5a1e7a20aae5e4f542
341a0f92c9f9cd24dcf607592fae261c
0d08d73d2ef310ff352e35610b5c282a
dccd35c0ebbfd4e9d8dc2b662f32cd4c
f3c8252b159430553356da041072f5cc
f917213a08e9f8d317f8e062daf5e31f
cb9c22c52c162e6cecd8fe7ad675d15f
1b41d857f00d0821daeed2ce38ddc84c
26b635f205b82ab9f8f5f970c88f1c06
1de33a49c6c626fbd9b52435f4d72934
1c68cf23e94934d8cf1aeac3d8bacddd
e556ffece8bdf3b52630e9802e85215c
d4fd33d6c84ce642f9dce1be2da1e85d
0514cf28e0f93390cef0fdd40fa8f56f
f324dc5502dc0f0a05ba1816d4e3dc83
d089399de960de9ee308e71035e0eb3d
22210dc3041437fac6f1c874f4b5250c
246bed0fcc4fcd950683cb1cdc9ad45d
270d25be2fe6f01a38c4d830cbf5d3ce
2414316ac7d8e96bdb380cfaffedd1c6
ead91f5624e20cb20bcaf27a05651c71
0c6e066fe2b0e221de6ff227f3effcfd
cb53f922031cf234144d2d3d20d0e9b1
3388315939c3029c1a72194a1af42757
e2dbf937df07dd8f02fed72fd352d356
018715c5f731fa04cd73ea9ac6bde72e
0282ef56287d33a60cb2e1f2e17e327b
df65f9bcfc781b91129b00b618f6ffbd
f8ccf4d3341809b20bdbd9022015fb59
e815e166fcd0f0a92878f2fcdc7dd2cc
3a7ed2200c44e995dc8ed52a12883789
225fda19d35d313210c5fc6e1684f7f1
17d40ecb146a147d33b9e954ea250a0a
cc04efd51fad2a78d9260e6bfe4be2e4
28abc5e736bfd9efd871fcb6086c2d31
3134ce00d76a22a3d3f51654e093dd72
f282c9badc702ea30d6c278d16d5f603
dd07e6981d1e17ed0dcd1744c99cf5db
39a9d2b1f13ce4d9cd0dd4f5e141d932
d900ddb0116306da21bb07b5f9b8307d
dd1e1919f5fdeca5ddc1d8d827ce157f
da1101c9d0f9367407552e49247af9b2
edd5260135932aeded61cbe4de31f3b6
fd1b2356170ff8602a11f79b241b25b4
02b838cbfbee2391135b2477de59d792
23601b0306ee297fef0d2d84de53e5fa
15f3d56230fc29d7e31cc89fc5a52bb5
cc24293c042fd59dcf2d237905b5dde6
0aa6d13ef812e7fae07837def03f09bd
31001229f4dde6a00471f467c6e91b75
e98ade7711692060fe6b0d910fff078a
3774fab21c39cdc6f70df098f18dd00a
0fa13a01f6ba0256f25acc1df837fdca
066ccb5fe67ac91cf01e16f52c33e2d8
3037caed0b42ce87daddd6ab3377c68a
ffc6f3c9304bc568de4011f32823c81c
34b4e1a20a4413441fb9110af7f8e817
30072420fb3c307915f3015637a30d03
c8c9d6810c1ed73216a9cfc801b41701
2cd8ea4233621cbeecdc113d219fff73
f0e7fb2e0d45e9b5db91c8ac3830e58c
f9e3e23e0926cb0a18e3f1d3dd260b7d
15d5cfd218c3399ccb17eb620188d4ce
f0eddcc2c911c6ec3337014deb4001a8
d554d9e00e1d01b00651ed53db94dd3f
2081efa1213fe7260ae0c8c50b51341e
ee5cd0f5116ffd980918d294d226d92f
c91c1d11f63f03fc3775dabee6702a9c
2f4b2c07fab8ea3cf733cbd9d0c02768
0a0dc9bf1a140d48035ce52cdd882155
22321b1ed7d4c6d03198d23e0cf80dfe
12650d11fb1a2fa6ce8d27b11f80d85e
0bff1284d61ed49c24c9fc4dcef0ed4e
d0baf0c325cc126a1701e0cde2e7ff88
3836cca4dbbc0dc60a790fbdcd11ec39
38b906f9cdf50a9dd4e8d0ecc6c822f9
ff511d3de94339d1382ae18b01760c93
048626a3146b1304df27082307b43a32
346ff290fe85e1802a3afbb9e777cc6b
e3dacb8e370ad753fa51d3f20d761dfe
22c137f2c9191b40ff661c1ee05ddf6a
254df00138b5fe630e10d2462963106b
cbd83905058c13e3e5eccd3af07c33c3
134b1a93e5c0d548d05e06640a90db8c
c9c1ccc7f29405ce1a89cdc7f316d7b7
0dce1dcf27930eda2ca41d8b2438cd81
0f77ed2d20ce041fe4f7cc1cd935f461
028218451315d40bea5f0c6e392a1037
05d9d156f0362ce213a6fe492b14d361
e7432c041a8c2e2100bb0e832422f933
28502864d840ec891f682b5fd48320d6
def323551cc7229f0366d77f0839e8be
e644f22c1749326116150e2fd40a26f5
0f05268119fbde26d2562c76001deca7
12b8ebf7f47c1317dc71182ef631225d
0fa53083082a34c526d6362dfadac5f8
3a4ed621ec09f479d435c6eacf5738eb
fbf0df1acbeaf9a20f56f538ea16e788
f209ec5b2262e4833a13e14513fbd1bf
1cdb3988fc5206d601f70804ded408f8
302ef224dacc35fcf6e90aa2ed51d6b5
04150be506bae41208403270deed36bc
180d1464c86d05a139ab1f1607cd2e24
e399ff1803b9efccfbef177f3161ee5b
d7900951f0590fc1cb64f86a1d4be7e2
143ae5b1183e2b1bf72d2ceed35c0f24
cdef24a52ff637290ce83a97dceefe6b
13e02820fe6012bc1062fcad0379dd28
0687dd01cf4df236cc3ad3a6dd07059f
fb7218b71ee721120932eef5274223a6
2a3d202d0fb2fab8fe32d44bfc63e268
db6a28b20cd4faeaefb50e6c32bdd16e
fedf044a0a0c1b171c5cce5ae0842abe
ede4f1531f2439d117f7fefee40207d1
e9351fe6267c0d3ded65341dfd8c3481
2f0e2a832a82f4623984d2740e0a24a5
d59c05fd39f2e101f5be260807c4e8e7
32fec83c1006ddcbc9e0edaf33f532b1
2e5ee702148fede72a56315adcf90943
d4f208c63714fa3e13e5f33de90426c1
c590196314a7c5b2166fec4dd90626bd
e0d118111df7d1623631fb1b0448f7aa
089ee193320736102bc1ea87f1423192
d9c3c58eff992688db62ed12ee49e4bd
2e1bcf0cebede3ffe1471e481b20e910
e31611482489c69920561e98d930f238
163cd1e33685ffd2d9bc1bbd255feb4a
2db03a4ffa29fe95f3501938d05dedd2
f4d63120d86de4f81dfdc7b0d224ce21
ed27ec14ff022e0f30812c533047fa57
20510b0c2cd51631c80ed354d518021c
e2d02f3a0f7a0b2ade2f0ad2c9702aa4
065134ec01312b453574fcc4d2a2dd5e
17ff060e0a4cd07ec7b0e7ec265bd71e
c8031f6dca2f04bdde62e133ffb71ff3
046dea97fc6f114d0c8e3a79fc79f963
d3caed6d19e414edce91d113f505188f
09adc581fba61eb425e0c5c8cc60ff2c
2ac2d34ee576151338872e71ce54145c
0d6f1b04cfb11d2d2a322369c832df53
c8ba1ebac57fd0e2d51b30d5e0e2285d
0a15fddc2fab1b3bff133922c5afeacd
f39ffd2ccc11eefcdd2df9a4cd49fb29
da06008c2ea20381c9a4ca272ccdee60
39022717169bde3a11b9e667e5a22eef
2cc5fccb22efe2ad24ff37d80e1e2f4a
d7031583ff632ff5e506188ada750acb
034ec67507cceb6d2b74336ef204e19a
f98b171d178e286ee9c3203a39223188
02a3e464d788f005fd450ff5220510f3
2e791adad05c07d23694d0f0109a0e80
118310f5f9ec338b1abde72f31e22949
c886d49f0f91f3d837881891f0f23382
0916f12cd3ec397917e02c7537b80842
dafc03290d23f893d012c9800631d364
f4a924c209b1eef4c8a0d35b0c0dcbbe
db962fe2cdac29a21addfcea04b732bb
2459e3b71880cc8e2050e6be1a09dd4d
d68122a5d9d01adaf984e89931a93459
024a1287e5dffb1cd1a4e96b004c3764
e16ce7ac322005aa01ea2a1b00471447
237df38dd113f80dd55b2217e79c3653
3249dbc72c11e212f30cecb3fb5bde47
031cf937261739d8d4fc10450ce70f10
0b4230922010dce0fe53103e3147160e
fc3601c5dfbccc50d8aaf8b2d30636be
0ca3dc0ad296f2faf892e26af9cb16b6
e11506632b6903692831efe0d6081bc5
e6ced81ae7de250339e3d764c7b42c80
d43b019de66bcaf43a4d345fd3c4d873
3127e3d9cccd0220d6d3cace2b16e658
effc0916d20de8bc1b7528c7d3742c41
e0e51e0b04d22f762945ed78ea1afc1b
d06ff21de9f1257dd7f2d36ed449d05e
1530e8e0cc4cd3b21d651ac5d3a8178f
37bbe6892f1af8ad0508d296db0c3207
330cd8dddbd2e222ea24fba01cbed1b9
19ecf8d4161030f9e0bdd6e5dd94d1d3
d70a07e811e6eba5cf2ef01315f3df97
ed40045dedfecea524b4119beec0d6e7
1358281df062d674ce71391b2916f590
eeebeffa1b21e420e4d535f52a4cea58
cc4fdc76c6ebd931082fdef9f1b2fb90
163329ce36f0df390820cba5ce9be223
f8c9d2a32cf512d2f66bf521ed0cff1e
f155fe390d5e1a992e5bf02a1d8027a3
cd5aee0911cbf701d2fe02fa11f92cc2
d9bbccf5f8c32c5ad26e19321ea4cabd
d27b38ad3a6d1863dfca0f221f0819a4
0d06ffb7f6ced3f0c922d23d28bce81e
19612ceb0eb0d0fff9e6d82017b12236
e973cb370999fffdc648eaf426a912cf
0c8b0158df9fd4b70ba8f76aeef41309
38eccb053960dee4f5b3e382c5c4f1b1
d9c3352dfb0ad90e06703969e7ded1bb
260d0659e23cea1218b3ffd7f26d3634
e190c5f2292ae967ea01ded921372e3e
d9a31bdf19e22da110252ac83192e8e6
da301b99087ec5d0da4bdaed3421d58c
e8b2fdb816c918573531df2b0a3c25c5
d3d7c5b7266928250f62ef8ccfaace86
e96f1268149fd5b1e68526a5167406e6
ebbf21c9f0de336f17bcce37005128de
f2d6d75be26915010e3010472ee021cc
0ffd383920e3068f0916f7dd144822dc
38cdefed257527e8077ff80de488d9fc
28983a132c7230d4e5d1fa3ccd14eb12
1d11cb132729f4ac238a2c9ae052f5e2
1a2efc3adf50fcdf285c37e30d42e3a5
39db0024ff5cd1220f2736b7084c394d
f59efd6b1a23f2c205b534d927a716f8
2d2f1de6e7ac104e0437d525eeb2fb1b
e392e90d13d8ead51b8ed31ff4b23232
0ae233e2e86ed9132d823705ded42f40
fa4acfb335052a240689f998ff6230b4
27b0375c08e9303c0d01dc7c31bc247b
ec75d9e5fc12cea7fd630b45f3e61e4a
1ca7cfe503a6368b2e51fd482fe93753
2b76e3d32ae0327527fbcf55c7ef39b1
0b9e2c77324c28321e142f992c48ee8f
cfbfc66119ad23f5340818d0f57fd9bd
fb48ebcddc3a29012e10271d2d4bfd5a
1a9133d3fde1e6b9242f1605de37de25
014dd3d2f59726281de20f16d8af356a
e55e1009ef86e7c51cda0be0c965ef41
38f326ebd7c53a470cfff22ddc84d5d6
e51220180f2f1050378d16bd19f3eef8
0d42db06e3f4c7cd3a1a1ff3cb6cd940
1dfadbf8cf66000e3265d9d4112a0297
edbfe811f952d4832de6ecf4fc6a3954
2e011a3c24ffd0b7371f0df31262104d
db80ef2bd9e20dbc26a8dffaf1ec1c20
ebc3c60f343313acfb32185ce48d2b33
20e40cc6e1f1dfa7c594dab4f98add6f
39fcd47f1c41fea9d4c71f0be56e31b2
d31ad74dd4f308a1cfd2c839fa9031ff
13adca9c190807660057162122b5e232
cc35da73e3e618022fbcf73bf221cbaf
14e3ebc3fca0f61fdcef0dc61579df72
c9eec6ece74cff480d4ff34bf2d9fb8c
f71dd9a8fa69d85bef1e00682889266e
2c83ef5904c1e810eb0dd201f9c4ec73
2f8ef5b32550fdc7e38fcda026f1fb94
2a1def51e89a0c1b315f0afefcc10ec3
096711f8d36b24acdb8ce146153e1cb5
0dcbd2d02de3298b2d932958deedfebe
17d30315d337200b1f2f0729d647e3bc
d872386ceb712db8c7fa2a79c7fb0a97
27df275c2e93ed75c72bf1293516cbc2
e58d39af285509710997ca6df7fa363e
26312df7c60935d51495059ce4410370
14b9cb681340d85eeed80a5a1d78180b
e739281ceed1082cdb58d8c82e1b0f23
37e0fcc1f5c03874393f0a7506e9e61a
30acd9902b29da4ed3f1ca420f773601
06edffa8276725980f7ae22222c92adc
2e9ecf3c1506e2e929a2cb9fe529f42e
e3e2dcece37e0c233422126b0979317f
ff6b14d5c6c3312cd111e556e10edae3
e2b701fef69bfb9232940008fcfcf4c2
2343d43fe0420793efe9c714d84dcf6c
09d727b42ee4de8fe59418b8f05df213
d5aae3101e93d4bb226fd0471263024b
d0efedbeddd0074c170707e1331f091c
26c8f3bac938f6fffc5ffaf019452aa6
f89c2c193842d7b6ed3e159addd6e4f4
2fb319bc2dc4cc45cc09d35ed0d6dc2c
f361f9de0e46e251fd4c099723fdc5c8
f13d0d19f15dcda327b31470c63f0ed0
e63b12b31808f21729b0f4d0301ed6c4
d0b1df06d0c2cb50f06820102141ff4e
e535ca642d8ddcfd0d3f0b04e6db0262
1fb231d1ed3537ded1cb2f4f00f2eee3
da24c6d3e785de8818a3d8fde793fae9
cb18f1b30fbf1cda1e57e9b511bb1080
311fda04e7d633781a9fca50ffd1ebfb
340116cc2345e6d5057ee57f15411a38
1aec1f63e74f28ef2e2cf76e0c0ee91c
d4ac31df36bfd0a4fabad06802b73608
01c4fb351baed53bd278c9ed04b0f7a9
3570f424d6af1418c97ef3ece08d28ac
18d607f3eb0b19f7d6f8de890aef1d7b
e78909f8d033f2aee78ffca62299d1e8
249bfa652990f17f34622ed916611cf1
e83f3a7a260f205cf14e14cc0a5e1e0c
174cd879e84c0e4a360ce637db91d07c
db2d19452bf2eaa50dd8fa93e83307a1
13282a54f2a8ec75088b2934e8a039d3
f3750808255c2d00f8ac170ed091c575
f8af1ec719f839c83009dc8b1b243964
d350fc8506e932a803fa15792abadeb5
c70f25000cb6cedee84507fbfb9f3788
1e9c2aa7f6ef0ec62d47d77afbd4ec08
26511fbdfe5efbaa13c516e30cb6ca7e
eaaa349edcb7fdad3693ce9001741b62
0fe6d8c7ca6ffa671ba402a81caaea23
0cf733b71a9310fd1dbde7e21da7d188
f56fd904255816cc20e602a3c625dfc2
dc50018a1e9f257c225036e820982672
f624ff6c2b61f39418be1dcc17ad31ec
0956f798f015ce4f3429dfd6063b3580
05491ea23470fb6a089026d7f2550aa4
c740f3b0d8050641218ecd181e23fbfe
f00fdc7531130928db3b1bceca42c981
d09419671d7d1217c5ffe81dcb570dd6
0829069c2889cab9fe971b49d5cc32bf
dee6d933c7b938372b8b37e9fa241ba1
eddc0b771151db58e5b9edbc3369c9bd
2d5318c3cd32e37efa90fae9ebce2bb8
c8dccf8cf638e86a2427de8be083f6b9
df52e3c3da16dd60d922d0ff1ef50ae7
ed9eef801e9dc8d41f0019b3cf3bd0bb
ee9d14e4e546193cf7812906fb07edc4
d703ca18f9d6cd8dc79a19f5f4c1ecf6
1a39e8c4cfcecc8dfd74c79ffba7f2d2
3883d02cd0b1e7e03342d45cd62525f9
df520d38027e032fe563d90b24e0cf12
1c1d3477d662c853d5581f162ad2158c
e0a8f9dee6d61e3adb09e56935b72025
1c64353ce13e1a1e0073e599f0760831
026c05e530af0313c9f9084d333df375
070ed0d0eed3e3a605e3d55f2a7ee852
eda3002a2da3dcb1d3ed1259f7c7cd62
276d3854040ccadcc5c705e404b51440
e4f7ee71f48bd8ad2704170ed339dcc6
044cd984074ed06f3681eb5a23d0f140
e4ae093b09fbc9e70b12379e10fe34a0
e1f71d5fd5c1fb6decde103dd592372c
cc1f18e6294beb35cd70c9721fd21915
00f8301e1671cc2dcdbfec93cdca25fc
ca46cf80f03c3a11e435fe380f4bd8a4
10120ed3d21037dd0ce2f2b925bff302
2dd80b66c7add1bfdc7d0bc0d3d8e2c9
257ad8a31c09dd54c5a3c97002dbf595
d295f985ecc4c80503e1d3372e0f25f0
feb912d1f9bb31cb2eb2d4fbde601ae6
df52f46b170b31d4e601006d1069f12c
db27d2faded9d5cdfcc4d8f2de0a0972
c9ebec36cc872f06cdfa2c8bf5a3305f
2066078aeb94333727eadd8d23dcf280
ce950ebacbbc0948e80326bf33fbda37
e5c6c717da2e23952fb72d5c03a72599
1d7bdf123035c81ed6d123e0cd97d3f1
0ce5e51fdf1aee94f89e30513a54ccf5
d42f1c44096a0cc60a01ffb91df7e799
28871572f1cc39fa2d16feded2ee0da5
e5c7f26ee7a3d606ff941b13e2a62c4a
e2a9cbe9d655cf4de52927a3d1051639
07002f3a100f37b11830ef1a0ce6e57f
0bcb05c8c605f2912a2b0226e1aa241d
ee6014c23874249f3202dbb237dbf5f7
34baeee1300a2486235eeb78d316e6df
09b3ce76f80bef47f916dfe432b91f29
c8341de3f727d36ad639e6e02958edf8
fefaca70ffcf239e21bed1c7ca71f9ec
f2f8df17de0fdd882074d396f3b0ffef
caab1cc5dfcb183dd459c776eb581c1c
cfd42c250bf524101a3ad8132e141849
1660193bedeef5eaeea50ff4317d347f
00ba12adf441d628ca7cf061d3f92443
fe553079026afbb01090dce4d3551021
ce02d0beec56c925e4492b75fcad1b0e
faca03111a890b19f0d9d567165c14e7
0e260fd605ed2cf0120d1a932b39d0bb
2971224026af24edcda0340a0ba3fae7
261ce7bfe85c27590fea17ae1abeea4d
24b325712d2aecc622111d47099de710
ec1de2f7e755d5ef27b1f6710cb0107d
ca5e12e2c6232015c7ce2e86f8f2ee8c
cfe32c7513bffa9d174e020aef90eaca
fd5417442853f19fd2a8f89b24331674
014525760fdf0e2ecec71b26d76ad8d1
e0fbfec9ccc61ca6d5a1e83319eacbce
f1f0cfba1f9acf3b29efddd1301434b3
e3e902fd0d13f4f2d1020509fae71312
3629e2a421cc258d0d6cef63171b131d
db12ebb9e2b8fb5d0535d0dc2fd31fb6
2f8d3a8f308715732251fe4c05b813f1
ed6f20af157eccb3e0b0372be3eacd4d
e73d0390e943c7c7d87c1167db86c56d
2cfbda68e1100338fb7ad99edfb4d5dc
ec4ff0132c3ddf61ec420c4610f3c6d5
17341f2233062afcdf7dee5b34d304c8
22dbdeb30119ea6ec97c0648cfc53470
2babf51bcb2139eed9f9d07713d0fdb4
fb2f2f2bf3a7fb281f47d313e1740612
1a1814be06af2950ef1ad629fab7c82d
faf4107df752c848f5eb269eefb9367c
ec79f2c2f3a9080c27850d11f0c20e49
d8a0111b0c47d379f397d2e036ade6aa
189202f2f9ac15c904091c52d1f004e9
efa206fc2bc20d672eacf97b2be4e223
c657f493fbfb1b01d4ef226dea9838ec
2839275aeb1c2fb707cf2161ddd8d36a
e967f0faffe8ffcc2b9116c22908e856
cc8ed9ab218dc6191e601e65d798db3a
2b91ef76eabfdb3e0504dc9a2bc1efdf
d946347de2ea0380fd3c0b99f296d3c4
d357dde316c2e7fbce2ed525e93ece38
f5fc1c49e35e1a62f249e30f1bd6148c
dc2beea8f378fc2cd802ffccfcb8ecb8
d1c5c6d3fbcad945f6662db6e48ee50d
d29fd070ef970e54d6dfcf8f31890824
c7e7cf662fa7016c01fd0e7cc74dec04
1b78ecc4fc923433c8a904abde74245a
fe2f1b5bd4c43913ee102677cc5b2ea8
1343205cda2cf7a8dc3d2382eed02e16
e7d0d2c0e77b253c167acc0fe4ddee1c
2003d2acf2831a7116ab1400e5660e43
25201db50041148e1a66f458f28024b2
ddcd370911f0e297d0040efa334c30dc
2d930090fd45f112e1990808deddfffb
f631e5a131e8e931e85c0fd0387e0d49
04cb2849d0ff1dd9fd7fedd1fabdf0f1
c949c657cf30df5f33af19addd9b2850
2f99d975c96713540190f97a28fe1284
124ac8d32d49db8d3086040df0b8c62f
ea0f3932166104b2023a0f87054f2b31
de4a18bdcf6de0c4de22d3a5d403e725
1bf3f25d27d83924c58e227ac89f2457
fadde79c28a1e5f42b70158a1a6b0b8c
de9dce0c10aa2433323b2bba17e9ebc7
224cec5d1d4d385f21d20c543542f31d
f2cae1b32be6fc48edd4fc932900136d
f1d03069397d0391fc362481f9b7e329
ce58e96c28da2e9bed47344dee661248
2d14fc4cfa6739a3fed5ff55f7b61957
e76fe957c79cfef8d5ad1f23d336f23f
c64ecba731842a2fedb1082efa5934b0
daf4e84df50313e0c9e3dcfcf1d415da
150f21c1cb801a62356ace2efe0fddb5
f754e36bf989e882e685de19f88fed67
fe4c3a07147925ee25ff267efd073312
34fe1247357efa0909ebf800f2bf2e0f
e728fe66ca3bc7002627dc2ed3b0dcdd
d9ebfe9b010e1665f0cec836d17913df
f9fb38f6c8570ef713f4e688fa2ef128
f9ddcd4c01c81ca2e4783507230bf0bc
09ece643cf71cfccfa8cfd59fd402a0c
e299ea46341c028936d4dca1d0f1dd25
387ae2071d7ade7bc657ec3f27bed69c
ebfa246dd99932af170d315e3214e04e
e21e0583ecc1fc801d6cffd0196eddce
fc36ca4b22b4c80b0b3f2895d5962acb
1753232acaabd6b527620cc4d5f5e92f
d4232e61c64024a903d4294df0e0dd6a
1d92cecde0c2181aeb11f61b2a881011
fbd4f22f2477353f07e126360fa1e95a
258ee35402943427f715edabce58ca5c
117f2325fd95d51ef5e327c2fff1ccf9
00fac804f2dafb26c71501d22b1107a6
dd6f2f041957fdd0d36a05ffdfc1e706
e974f8981dd606d431bc3a97cc9d229d
392d3303f3db17a914fdf804103ce7ce
e7cff1780db3f4a439182e9a2db2e3fe
fb052a000404f52dda1f07ff02090f1a
e0a1ec633888d162fcdcc7c6ea04f0e4
3920dedaf3492c52edb7d8c3e70809ac
07bce7edfec9355603f332fcfca204b3
32ec2d0709400dac360cf26a325903fd
1d77274afe7420e425abc8d7d73ff0bb
038a15eb19871796078afe53dc12d061
d054e696e1de16e2018004ed26741b92
da7800212dba2e761acbdd15d9872222
f6251c6c355a061518a7e7a9ed05c679
38ad2c87375811611c13cb9ed88b108d
24e81ad1e5c2fc1df01c146b339218e3
f32707861a2eec1839381986f26fd93c
0ec82b65e8a2feb7e4fe1b2ff9c7f1b2
dbc8095fed1930e5231dcdaf38dbde43
e0170bc2f3d9caafd30d2ef6f9e70c64
df4815ccec0a2391ed45d2521fc72f51
10e4def51dacf48f3498de9e2a181405
fe8601e5ea910dbfe824c5c1d51e39c5
fd2f2bfb1bc10726e807ccc5e90232fe
deb7f00dc75be2b9c7e4f25ed0e7120d
352d050d344dd194d646d1ddd3f81707
39b2d89d2380c6933242de85e7951a63
dc17d0dc05eeda7f32f2c64efd7bd3b8
f5d7dce7e5672316281cf60bd160e920
07bee642fd23c6fcf70f341ffda1de71
11a1020c30a6d3b5e2d9cd332340ed43
fead2d2afe80cfa9e06d367ec6dacc5c
151bdc6de5de08d324b6eca92257e7a8
0d89c7ed105a2f1add7f05e9295001a1
caf0f5d4e23af84c1df213860bb0105d
f1462eb3e21a2643176cd2b0f4a6fd4f
df0427d9e28e0d26db0efd292865f93d
287ed176e3e4f4a61b380559f516f45a
11c7ccedc7cb1437d16be5c6e8e20bfd
cfc51150db4bec8636a22ced2ddec802
dcf8ed021841ff520cc4e9ec0219e2ea
1bdc214cd4b8cbb0ce46e503d66515df
1d082c36071038cee425fffcf7cdcd89
16430c5df111e64f33a8d887f6cd037c
39d105f7cb9b0209174cd86f1d7de27f
1bc2d326daa3eae71cf6d11b304adc62
d1a1323919aec6751afed5a5fe1b328c
ca8ed180de0ad35e138b36d0fa8101ab
203732e4d024271d1fe50f452bbb029e
14282be0f36dedabf10af373160012e7
d4241f41cffe369a18f6e355e60fef44
22ae0f7d10cfeb99069b0bac16140ae5
178023030649f8f5e322184331e230e3
d1f812fad400158629f60ab11108c653
00563978c83e153b2f340669357de3d2
ecce0f4d14c32c2920f6ded0ee49cd97
03781d32070dff4acf35121d100c30aa
fb370e7be167f17fd87830311c862402
d4191cc6ec9c055d1f27d1600c52f19c
2461e1b62aad03cb0a2b203b06590701
3617ec3af1cf10dc2c5be0b2c62dd682
2f6d14201f2ae31aff43d28f3865dc2f
dc49c763ea73ddf527d711aa0fd8e8ad
28bef5ab0a6a2438f2f4f8e0fe62cd3a
3031debb0f7cff6a2d2916f00a3d3a43
2b6431e9f08ff1abe42f0d3de5eededa
1ad13a1e2a01d1da342ed7f7ff00ff06
374002eaf32d325c2cfd18ead85cdf03
0a8602443863e18ae4e52ffad18f392a
005b042df86c21fa2643cd5ff94f2b0d
07e2ffa01e4d15ba061f360d392de9f2
ee1ec67ceec9dc92171e2e6e118e069f
234bd806ebc3ebbd1856e05cfcff1a4c
e81f2a4cde22f2e2d47a3236345831a2
f80b0d55f15be156dc63f82ade8c033e
ec81251af7ef2d42e447d253f07b2204
e8be2e9bc5e4c686e324e1cd2a37f3e9
cbadc7651228fd6131eef9b02c6b26b8
df4de638f0191f3e316105fd37b4c65a
fea91527ea22dfdadef4fb94d5c3d0ec
ed50dda52672f042d69c1aea093a1612
f820e4be07e82102020cf9ebd62216a9
27b33112d8671980ca4215bdf658fef9
1816db23e9fae225f4befdd61d603619
d42cc8a31627eb07f66529d7023c1bc6
17830c6d1d4bdd122ca51a2930df21c1
ff641580f44c01c523c221facf40ff83
e919e8502f5e2d670e580fe5147ef0ee
125e1a2633b0fa65269438e72598ede7
371bfeba0d1ef4bb2f1f0c1f0a7202ad
0b76e8c800322435d99b016d08dd2f8b
f3102164ddda3038354bc74ffd46c7ef
05fc13bb2a73115333f3cf101b62eb3c
dce02d4f0268d53b2d1824ee1d5c0231
d6030526e3b6ec23259e0c91035d05c8
fe300681d73234051790c62efd55f938
322edc2124a22183e47500ade154d862
cc88df470301de1fea37e673f3d91d4f
121bd00725280f5d14e51649c910ca12
10530b96e32e19a1d946f26217db36ca
1559342e0ea336e7fdf70264df15198c
065cf348c670ce81d67a323fec600030
317b05b61ad6cc75df4d03e2d1ce086b
f9a4f52d26b436f0fc5538231de90283
1c1df33924f538a229513a57e8ac389c
1c1b2a8ffa52d458da03da551631df65
0f5c1f50ed5117a7d463cb69d6c2c76f
d4132b5cd9d8344ee1a202cfd08323c6
2c33f6eadac4f73a06f723afd53608a3
11cc0f75cca808d3cd4311053a3e2de6
d67901e031ee31621ad7ede8caa7fc7b
fbfcf2f5d5b3006d1a891d73d5a1dc0e
08a82f00c72fe5b2f094eacf01dcea79
2670125ee70d1ee9fd9e00da2fb11792
f8a52263f0950b1ee3901c381ac52eba
1025c95b39cd1f67e4fe0a33f0e50000
e78ccef7e53ee323dfa02752dbbf18f2
e73324641657ca071e6b390c364c39c6
cdfe087ac8621065c83c0ffcc86bf892
198b253c00f12ba9fc2531fccf29d406
f3c6d4faf824f8261c462629e80902e8
032cfdbbcc80db3cc847043b1ebe2de1
f6ded85dd06ed61b19dbd173cd4beabb
fa242e910bcdc965e92622ebd25d279c
239fffabcbae0a3dd68dda4138a0f144
e98d12dc32cbeda80dcee7c3109fd31c
0573ecc4fffffbea07bbf2c1116a1a86
1f9e2e43158227a7cd83de180481216a
d9b1df69158901ebf3a9e0ae2eba1f18
c99afab5e08ee31ad168145ee6112ca6
03e6d107fd2418152ee2338b1dea26b5
00940bb8f33cd71708ace3c5103af8c3
ee91fd8a101bdfcac8ee3870e1f02e89
274ad091ff51e0382be8251de86f3071
eefee9f61898eabc36c626e02a7e17f8
39f325cef2c30ed6d1092478eaa42878
1c190f5c0a9fff6be1d8f0ea26290df9
ca5c10b0e150073c28f9fc14164a2227
2bc20784deace9dd18be27fe2387e54e
ec2efd3622bc1fb11628e49b12232430
dfd905fbfecdf67621f336883a45191d
e030ee24c9d6357bd25e02a3dcea2551
05c8ca9c24501aa7cce028a2ebbad1f2
cc0dd538fb1ed4ee2007cc08f515fccf
0837f2eb16d50aa8e1830324d897114a
f7803544dbf6f271ceeadca612141a24
2bfbf95fca15042ecc8f2c20dab4fda0
0c6e1c3ee40dcfb425fafef8c8fc0497
fe68ca38dddd1e88dd6006bc0d49e3cf
227de6fa0d44e7f828addf322b78d312
ee0b0d4204c8f039ca1600f1d72fc64f
06c8f439f01e02ebfb923a35dadae00f
fa7c01fb25f537f3f40d25c0e8a437dc
c5a3ce5df3192da821bbcdc9f6aaeec0
2637cbad0b4dd1f9355f2b3434e5f0f2
2ad9f8082845e7252bf1d460e255caba
c948e87cfb590d08f85d0eaafd111312
d1cbdedadda3134133bfca8de51ffd37
3302ec75f508cb74250a3a240443c628
ed3bf11007301d3bf9e3d3aefd7fe307
ffeae6cae9d7d96efdf4297cf90023e2
2471d531df3113841e640b9afd70e6f9
fae911da104e1d1d2107fc1b38f11971
2dd7f1e2cd803743dafd034b185231b3
2e8239bf2be3fb270cfcf87cee8418a1
297c073910251a5df55613dfcee52dfa
2223cde2e97aedb42f9402e4d8c2de33
d710d7ae003b0324d2e900f1311d0541
f898de6f3349efe020a7dce70c80fc22
1f540d09c6b005aaeefad1fb1c020ecb
167bee76ed4c0aa912d70a61fb3627be
127bd84cc5de1f00d4ef06aaca8de012
01f230be2b413931e9d033fbd90435f9
23701fd4f3020232cae8fdffcddc13d8
ccb30a97ece030bde429d7f4c83b17eb
373730411761d9f61da52ffafe17dc16
fa7a08e1040bd9c62385f87817e3ff78
feaed87cf3310511f2fe18e7cfa3d709
3391cd062be4c7e923532227d4d0ced4
29ce1d68f0e301a1ecacd489f935eca3
d9c029dce406dc5515b9fa43d79a1dae
cb09c67fc68f222f00ebef79f462040e
22fbcaf2089f2a7f07bf01271723ff1c
fb863a61146ed0c7fb35ddf5f734e5bc
0893c66b21e7231be238f92dd801fcd0
1e3e306d17d92eced8c8f70c1bc9d1bd
149b02ec07f7db21d5421656e491f050
275dd2f407c7e67afd13e75c27e3fb44
fdeaccd810cff25602bad405f55e34cc
f551f2cb17a80b1f1656066ecfab2356
f92138303a7beb811436f238204fe61a
124b2fd434cad1fe0b390928eadde0b4
d714d6c9f5d7c88de702113b30a5caa0
fd0ff40fe47bf43325c21fcf23d61174
f569e64cd9181c1ffd63cc94f5b41072
3051c950f111e5bec94ae18b071210f7
0418dff1f6471d88042b124425360067
f877e9c123b9207118f3f83bdd541858
38f4d008e7512591157417ba2d0223cb
2fa4f3d7ce6a108e0bf02907fa1438d5
f98803382a61398cd89fefed00c3f31c
23b5e5e92de0d57dfd46221ad9cf2350
c7233a760c23cdf3c9f61351f54a171e
1d9be99e24a90a55ef19335f12c1f916
ea3bda2402b603ddcb5bebca2238e8df
10962ce4fd85d1ea24d4278ce99e0f60
334fc899c8c9dbe1fe332b613235f037
f76ed0bffe0fd13bd4832cba2bf8dab6
e72de8f51efac6cd2b3ee87e07e13062
d9f42ac627c5c80531b82d350ad80574
0fe72ad3f828e99ff7cdd8fa13a9fe0d
09073786380ce784de92d4d30dcb1272
279f07baf7120e3118d1fe540356e85b
217adcd81d532512cf66cd84f97c1b7f
de57f1cf2290edc7c816f6e41de8f775
f7ae35a32c47370009491e0cccb416d3
d07535352ce2c5832a8038600a25322d
06da19f22de0c77714402670c84ee974
eb3a39b0efd7cea11943df6d396d281b
ef62e105f7be25681dd63a00cc7f3593
0da1f50cf5251056f740fadbec56ea70
d663e8f2f6ce0d291f3c3134c91033aa
29be169710e42f4430361f4fe8ab0d96
f0e7da01254c1902fbb7d157d56f10c5
f4900843191920920389c9daff26c6d0
0985eb560aebe31c07c2fe2bfd232903
fe55ed3f18f1fcd809672bcee6bddd3f
34541e621d8e02410348f542d275e0a6
13c3c85b2c230542e0f6c68e1e1e0242
d1c4dbc02c700fc239cefadd36f40da9
fe74184b2422dfccf731ca97ed29f4eb
1f6ed2e4f5befa9ccd17d35133ad2f5d
38b1e177e9db0d402d5f363c1414de9a
12ed2a0bfd3631680becfe67f40a1480
0cb718d7cbaa391cc906fc79d48cf936
1caa1fe00136e230d9ed1859ed13c8b5
faafe0ee1593eb8b30d4ffaccaf71443
e0b0152e083932bcd28acf3d074023d3
226de323ec1eff090b88dfaa18d233e6
de231397db45f9cf1fcb3696e33f01b3
0748320eea420dda02d80c76fae00a64
c87817b01609048f2cd80cc0efc80c48
c7b134b92750302e2c01d33209da2c2e
1930e418e1770fad29e1226cd8fc0abc
e1062e702421c88d0178cb3ad08e0b3a
32171aee07850ec8d3151b56d4520255
0cd6e8d5fe052b17e47bd34ed7f2db0c
f49cefb1030ccf1c3587356b29c9d143
21bf10f615d01c240564283ef5badbcf
ff0fea4d12b436c619d41ba821101a48
efdd0889cae4de2dd2a0e905001aee4c
cafe335cff9f3697fda03565e1ddf560
ee73f890337a18b80559db13fd34c65d
f4122f92ce48e11be19dcfc50e24d167
ed23cb8d001eccdf0143f56cd766ce99
0042f39fdb03339b05d3072f3692112c
0b5dc7cfc5f21891f7cf34f8ef74d944
ca6d18e9f80c24bfca8d2e0d23543739
da3421f9119620310633db2fd7713354
ef87d3041c22cf942a842511d467ec1c
e61e33f3dd9cdb26f417e2c73538e285
f964d86d0fa91ebed7030e5b03c3e5b9
1cf0f8f01efdd85136c1d5a101732aa9
1de503aa1f5511ea1d9014b3f3e9c7f3
e63df0eee811d6f9cd5be4f004df2aec
eb9e092c1a8fdaf8fc7ed826da83f080
faf4fc3e393a39e1e33a2259d8ccc765
e233e889c79b2711f7e4c84936c01893
e2d9e876f14c14270f44c96d17ebc5f9
108c29f9e4add630daedf185e4e7e572
cbf71129cf84d5f8dacb2601ea5ccc07
cca50c9413d932ec01b7d1452b0b08c0
0b562608d761388ff51000eb1fe232a3
f9092f38f5a82ed6d7f32009edaf0af4
c784cfd0ce3837acf3b132d7d0bffca6
14913690d64219d11216e5a8337f1d81
f8f5e213ce782b0e12e0ebfb0c623112
e749e5830608efbfcad5fb5aff3f2ac3
1c5909450ca71e071b15dd7d0c36deed
c9792c25fb04c8c1db711f6fecb93149
e455e300316a16502c4ef2d9fb980795
1b25305dee69ca40278628f4f35bfdfb
180922fcfadf1614121f299208d7fe42
d2742d1017c8dcbd2deceaa7f17dc626
e3abdbbc38a203f0254507eaed36e496
d7301464ea1fc898015b2f47eb3f392f
e268c9060d5520edcc35fff1e00be32c
c7d43319f4013685ea0dc7f21805c7cd
17f032430dc30fe33212e291e0062dcc
2a341108365be9daf0ef270ddf7aca8c
0129f05dc69e1f15f65dd41bf83908e6
e4fe20ea16800584253128b3f0d8e6f5
e34212a315f21e1a13ecf62e2660357f
e282f807c915dffedc77e176dc00139a
1b0c28cac72bef72ed4fcd8fea8a1284
cd501738f7dd057df394036d317bc9a1
1722d34b097201cfdaf9d452109f112d
059b2bc72d381f7633b7e17d0cdc15cf
308f3281d2242491e65914a0e2bb1e3a
34e2db7514b7d748dfda06721d561b51
df5fee4ae888f35f35dbef32e91ae891
ebebe664d3582ed1d0b814020175e842
265afb9323accb59e833d78d1ca7ce92
093a3526127fd58ef1dbfeb4f15f0ffd
1be334502e7a074fd8ce2d4acdedf121
3220deb2e5bfc7aef1cd365f33d9232e
0b95315ccafd1aafca47ebbbda68235c
10b0f9d62bc5f2af2171cc61266c30a1
fa7f241cce8ddf311a90d385f27324f0
cc16ed0ce08fde54eb632818d2fbe399
34b1feee0a34d50938cd2232e63afd34
174ff77232ab121335c435df32fe1a3c
fa4e1404eeb4d844086b2a6bf88ddf69
25d6c8bd0129f4fd2fbff2e2db901684
0bfbd5bdf12fe2b7f8a21838e6b3c772
007922a5fea3fe4fea242ad2d6272d45
e90c24d022fee2a5fccf30a30c202b2c
dae62e272808d125186af70a1352f5e4
d2bdff9f16630b14d02cd4f9ca89d9fc
1baef8103a261f91e53ef586376bef6a
19f22234c91c0b0bd11eff4c04282ead
35fd3541d5653326d8c6da4000b7f3f2
2f42dbde354803aa09ff097a10dd1b18
fc5628890ecd1c79ef7f21010dc4d941
de77e50ad5acffb1e86b062bce29ce9f
34a9162bcd53eb4cea53f281ebbb1998
e7ab140929e3036624c734e51e6f25d6
2ad4e09428baddf2fdc03819005a094f
206ef55521c311dacee31ea7f16bcd2f
31c2e1f7cb19357b0f6e291e273b08c1
32f8c61e12e4e45b1644f7ca26d7d0ea
d61c2d331a861f8933a5f97be3d9f906
f9cb360433a90871011621580499c970
efee17d3c7dc2cdc1e13e4b5fff2df5f
374f2007e38037d2f8c3d79315def7c1
ea53e9b3e27b17c3fafd2516ee78fd3b
c9e1efbde4dd2e25f5c631fd33322274
d057dccafaabc6f324cafd62eca303da
d7fc1e8420bb01c51e93133309311e9e
e43a24fdd39518aadb562c84efc0e94e
0a73f304db9de6fc0b89c5ead4a1df60
3285e9fc02f7ed772aad1618d67923f5
08e5056ed68fd65c254ddd20ff013a45
fa88ee82ee661c8fd11136e02707305e
3184c577d7ef27e820fb37e62ce4de66
188126beee72d4e6ddecfd2cfa91e506
f764c956287625aacfe0cf09df32364c
f4cfd6b50b962c5213d1061728260b7d
d22f1650e28beabee4c81075f223d030
0a3f3071d48908c8c9c90db82e9a3a97
d3010677e2edd910db1c11e7de373223
efc3de57c9ebe9992d22f943c8cc1648
e752dacbec1bf177325ae3bc2fc22372
f4a1d0e31c1af0193986fa36ee3de1b3
e7ede409c975fec3ef33ecf639bb22e6
36d1159df89d20340c3efeed054fe83f
1daa354bf4c2def3e0af1608170ce0a7
dd20d64038e5d5721133e97d0653cc96
eebedec510a214d404ed36082199fd74
1960dba9f10f06920d5114950066ff4d
282ce2671fd32835d8b9f43b2f4c2589
1283182bdcfb19dc0f9deedbc95133f2
1a9319953190e727fcecf008e679d937
edd40d12f755e6f7c694d9cd21b6fe9a
28552c703928e6d0275a136cd5a20063
dfc3fe8efab0161a32dbe14408e624a3
16db03efde6af9b720852c7d143cfc88
14aecd912ea51d13cfa02cb1f652e119
2c20cbbe1f013676322ddb4d19b6f29b
2c3bcbcbea1a2bf9c74b2c9cdb5bebe9
dc6706d3320fdb2b2491d66cd925e2ea
2d91dcb53968c7bf1c62e2eacf47320c
0209e750e745ee84cffe0947d37fddee
0242c7c7f5dc23c6c8a7197e33e909d1
fb75d27ed9ac236afc960d2109fbe006
1f06ca07e832ff25f1561a40ca1f25ae
0026cbfd35911caeead104a221ede063
0aa5cd9edd15f08a0c4e39fed411eb71
e4f7fa1c274130f9d90020fe164f28cd
d721fd55dbce380b2f8c051f0270078a
039f22cee06218dbddeeca872126d097
1accd179094c35d1ee3ad1c60d72cd7e
fe7d0c082c2214ace9c3db2df7dffc71
05df1ac2f02fed5ec821e724fe1e1574
c6e62e22dda934b02414368ccccfe0aa
3a1e244a0e061a62f4ef1433da75d7ab
312335502a60d56038e52199e485e378
f67507973a080d34f13613ce047d1bf7
e3c6f1872af8c994f9551743fa89c8ec
d74812d52b0bea7b048cdcd22eace610
311bd36422930e1fce78f81d03ea032b
dfa91f733303ce9623150996cff136ef
ed0bd1ac1fdd3960e824e703d8e8364a
2aaa155c287ddbf70ddeddd312b1301b
f2cb2bff1cf5310a1f6c10501a5c293a
1d4b1a16c682dd65c8dbfc442f470e4e
358ad810f63f33282852f9a30555dcec
1abae7c0ffab10ba24b62f59cdf5d4de
0561dd6dd0d33601ddd3c6662969e674
c59ed25ad405248cca5435d3eb1a2313
0f34f0d41a40fe7917d8d9dbf84a1803
0ba5f0b209910c641d92f1def5a4f0eb
c9c9d0c6fd93e8f5ec3927571d6c3871
0e6e22bc190d064ffd9204f101c62cc9
ff53186d188fcec413091873d976f983
0ca9db8ddab2061415fa29230f87f728
c5932c52de4b12aafd1dca3323d5257a
d25a2a701bc1189e333122d303be35b1
2c841559e9531630004f2dd3111501d9
12f7160de95ef4c7db3ee3252d1414e8
28f00ca912e439f6c6af1b4af219fe09
20670bec15e2fc89db97fd4cf41fd139
f84133f7d0801dbc2f3323f5fb220059
e48cef373064384ce7fbcd9df045d94b
d2a6f46f1dc735bc0345cbda2ed61a99
c7bd35bedbdc2475f24320c6e1a704bc
29b2e489d187013ccae1ec09f0a632ab
1256132eeff5e0dde78d27e71e1a2141
2accf708feea2aa2091c3a32ef29cc6b
29d4d56e37652441fdcc1c191aa8f3f5
22cef25628e30a74036bff5ce34731b5
dfe0f363ca7c2c5dff7e2c0e03b5df19
e2c327dc068cd07126c8d19514a1d263
db1a181befac016ffd9419e714e62d05
c569e88ce4152a783358267efd5c017b
135b1fb221cb00bd11b635f1109424a1
cc5938f302261d80de270a0a0cb3e677
d0bb29d118f11114ddace7c4ea040aed
d69207e9f3a829792196e9ad0e0111a6
0c581710eba3d535d298dc9a05eaf833
207b2a7ae3cc1c74fc5d21da138716d4
1deb286b0e03df043624d42ee064ddd2
d60c39ce0bf121f31dc00720d789c763
06d218f63700c9b8e2dee9eaf2a5cb1a
def039a90a19dbc430ad38e5182d1c43
2e9dec22152a0066e86b10e9f5091868
f3c60477dbbd2a9cebc4f590ddc9eebe
31282347d512ce6ee900e68ed122d1d7
27ab2c65329b02cb3715318d2a91f975
1ea9cb01240bfc0fdd9b0005dbf62b76
ce79e82e0507da0837edcc1ce41fcaa3
d8c510d4e3b1194cee3838c8d8c80333
152bd57838a7d8af2cf9d2c61866cc10
f144fd45e61b1625ddf508abf8bce818
f3cae935ed361f0b10ebed0e0bbf3a2c
c843d027eb9606fb113411ace4b90bcd
32752e32cc010771d8fe3777d1bc2f1e
f0d123a20fae399c0fd3cf89f8370aef
c957d812cc91e75739aecda6cac9e142
21223749ef62d99a2933083acc390351
cb61fe331772d028c9ce17d10ae4077c
1f1bd77d21cddeccfa60e062c887c578
1fd6fa34d2d1c757c811fcebe42cf093
2e330411139af013d95cd507d8840280
1a9c13e0e4131a5314c1125a1fc0f6bf
cd720be7d4e03540f7d7ce4f2a9b10f0
0bbb07ecf02c06521201d079ef1df304
c5aaeb412d893a24da1cda5631d42aa3
3a61c8ef156ef9ea0ee2ee7eda14d25e
0815d4a80e53132ae6f627a9df980efd
d07916e416102bc40d61d822f0cadd46
ddd7cbef071c2521e9acf6cbc687d1ab
e4bef607c966c7471a99fd940767f371
23a03520ca69f209ff84d63435c223fb
36c1deb4252c1562cacb2ea5dc1fd326
cd270ef70384ed68d7f9ea020291f5a8
00232953ea53133d32720e0c0c300dd4
e0783a250639156ed448304b06a7f3e4
0a950ab0f180100d27ad138e0ab5fdcf
e084dae3d0d302cf2ba5eca5206cdeeb
173e39f2e83bf17ccf0bea20fb7e0ec7
35753a360909e8f2de3c26cff55b0b66
eb39e264f4fdca010a2fd8b1f54e3152
0f6806e7dc1a2e6efb0adf93141d0a63
d231068318b2ddbff05537ce28aed38b
169233baebd534f5cb77ca8b2a282287
db62eedbf8050fe41a6bccec00efc6ba
33801991e571e0d7dc2fcd20e72cd62a
35abd23fd8c9f6f1f4242c33eabde3ff
dc36fba717a7d28632d12134c6aeece9
0c5d039ee3ebe40a1711283dcf8cce56
2746134ec7c2e1ef0df4dd3ed9ac2bc8
feec3025183134f3cc6bfabb2841e3f4
1366fe822f4107e1274a0d2b1d082441
1b9dee5cdfa2ea95e7ebdc84c7ced6f4
e25fcd5c2be319b2cca01103e6f32f0b
c5d5d451068ffa352cc8faa8d27c18b7
d850f7a01f09ec0be0d1e574e0c8e715
2f0805ae25f3f2e3e613d9c4272be82c
f070e3a1da58de7ff0a5cdbdda5b0180
dd40fe51d1be1150315c20241965075d
eaaf032cfd4afedc2ca5023c3176268b
30371c9e26cb0ab8f92f288104daeef7
1bb1f9d7d0d3136c08b5fcd0005b14b9
027630983a82e5ec1223dfedfb19cebf
fb461d9eef52f56f1e3b215310331282
1e3101b2f775338730b517690af42ce3
e23df435359dc934fb14f0400590c696
23f7eb5624bcc71cff27f1c2f7b8d1e8
e9450c3d06821c92fad5caf6cfedfe50
1d66088235c41c41dd33c970d4062ba7
fc80e40b2d83d580ec030b76224ff1e5
01aa12eafbca34d8dc16dae421d62713
1c1e21570aaeec8c2b02012fc696e813
cf4deb53cde02140d71736d72225e305
296e1a67182a1b5cfbc22e25ed1b1b91
283cf419d276c7b82ae60915f22fd0df
f6ae0d75314a21ad1b61dd12332bc85e
dbcc17f5167a10c5316ad3ded867f417
10433569d931e930c733d772d7deee35
1532002d1dc2e658f09ae438152e220f
f415e614dff6191f13be0b920ebce8c5
22f3e917fded0d50209c0c8536ed224a
fec4c7b7e2f3fa44cc59c9b6e6bb1821
389e0034f7b60af40515046632810d5f
35fd0413e13c3970d25b1d57228bd045
0e3a37d924abe7ea0c20207cf582e1eb
24defdcf05e916d5fb3813e5f1f6251c
d994ce162aedd730234cd7c3f864c9ac
0dc5d9110e902dadf86ffe44fb0a02c9
0e4beb81d0f8d9a6d0aafd02e1a2f783
d83ce88c1b9631fdce03c67ff7183333
392f2a20d5bfccf8012827531476144c
328921d0cc0c217c32eac8eddff12995
febc0cc1c5da2573dcf6c5fb0892f946
d4b2d74100b4ff6acfdc254900b2d2b4
0123f11c006f2d672ec12a2215a1222c
db80162e09ce027522c2d5db02222ac7
0facd8b501d10d80c79ef0d7245bcd4b
d6ed03df32f205d8ea0f1f1b149e0708
0aa4d67f14601854e719d21a1783eb4c
29d5dc72d538f886ea07d204f72de78c
29a9fe660938f4f3f1de0392fc5be3fb
cbd9f2132b44c8530ac2f971ed08f367
fb76d27acb7eda12d599cb1ce5731b83
20eb11a9d93a1f16fcb2eda53450f31b
facd07ff2f1be9941b19fd903111da00
2f681166d83623b7f223ca0a204fde3e
db6acf4ef4722a9ef558c6b32012f222
ee92d3e6fb3a119fe49fc700e80d14f5
22e7f02bf1ced955154aea5ec7af1cb4
e0e139fdcf0e0da438ea07c310c1c989
32b105491eb0d8f8e96e0c97d5632577
f0c2242fcaf9faf63a342778125dd4b9
0a4dd40d17ab37d00f0a0f0c12e70fb9
e5c3e0aa229d03fd2c800070e58e387d
dfb8ed6d2d411bccf405d3b82e93cd93
e986eddc129d1f34e0993540f0831426
04682128feba11540cd316fe2383300b
10752ef41551d24e251403b723611265
d29af789c71333bf0622e2db33321abe
faa8df3a3809dd092675e362f3f40508
1ab5144ffb24f6d81d7233edc7001649
f0b2d54bfdc7c5882eefe6f2da391cd0
ead2e15fd225e521f9cd13e305730640
33cfd360eaad30ea07a6f6f407d30059
e2d0ff1fe3572b66005931921e8cea70
df8bcb52159e14d3d13311d7c921f9a9
fa6bea8af3e5e64a26d317c4eb76f262
2908d05a03b7326cff081c5f222fcc96
c602e4f1cc73f3c3282edf3feff03961
25a0e3791ea320e72b77362d0c30e165
168c1a0ed717e0d83464e4443181e01a
eaace809e09f26cdfcf5ebc1ed28ca80
001a1929d840d4c8cb251ba2124a2a7a
38272f9e149c2155cbc10a78d2b5d71d
2a33074cc7b82a38c5f1e4b53559d354
31430d05128fc60d3433dc2efb10d493
0a7af5a9df6dfea5086d30c309d8ce3f
25ecf0cad685eea631ebfdc2d9c81e04
de9433d4fee40dd22e48ec88d892dbc3
1ab21311373d2439073ace9cfa5f0f54
149ed569caf80ee2000dd6a6146dc67f
fd6dcc61d3631b85ddbfd9c9397f29d1
cc69e342242dedd21603dc30fc4ac82a
cec528d5d4cd211dd509311e140822fe
33cfd4971c7fd521d7a9ccceff92e536
0185348fd849f824d11e25f72aaf3537
f65f17941186efded36004f739eb1232
e1ca2a282b7ae811f69bcf42236c1446
314b0043f10f296e01c6d47bf9e92683
e0b531560326dbb0011d1d8507473653
f0461e333573da30fb21d80fd54bdd10
2305d7151ae91218285d1de707221d01
c9d2f472dd48d49202662176cc25d230
cb6f3737da34e851d3a9192ce9cce1ab
01f611d9187a365adaaedfee0b3bf32a
d6e6e311d2accea6f06ff90f13cf137b
fefdc8c2193e2497f25f2dfbe931fa1a
1970228dd925eaa52547d734e087f559
f890dfe91d3d2b3226f8d8b8347f284b
cb03f82bf48c0885feecdee2fe690fcd
098b166009d0c79a30a80c80c84ae0d5
fcf72e6ed9d6256f108ecf5b2fc4ce3d
0785c68432210cc10d78cf3d2a60db28
1f572a8ddd8b2609eb0ddcb235cdeb6c
1da0d309dec426e0dca2dc1e12f4dc95
c5c9f763371ced99c8ae14f320aade15
08a70793dd1ae5c21807eb6a2d3c0831
db0030b4ed43df5b1201d62bdbdce461
f9b62329fd12e613d28020a325a3c888
1e9238a630aafc140bb3d38527b8cd17
28b42fc1fb3bf587d3740d8bee5f2c1a
279cdbdc1d66f96c35f00b3015ddfec0
c78dc9cb36680e58cc9f39b200e92823
2d7e2511d9b3ca69cc4004ee28d5e682
11ddd0aceff5e132c68d0cbfdfaf0be7
25af14d0e8b02b2f1f4134c7ebadd1f5
3775c77605fff4b2c79ce1d335c5381a
22740b1ed18d1e8b36c0384ce98ee34e
358f25aef0443970dd3ce141d9c9f52b
0c21170614c4327cd96dd86ff7dc0ede
3744d9f9fbabe791e33c1ef7297b0d01
ddfae6ded808d61bc86d141935ce164d
f4aa02fa1227cd1bfc12e6b403e7207a
36c83a65df1ded9ee126e42c221fdaf4
e7f5c711e84d220f1ed91e70f8cd1d05
d60232f8ee86ff8000f00b83f63d148b
d081f2471540fdd430c233f613deccd1
1f63cc791aafe88c1f05d2ae2a67e44b
1f630719ef04f6120fc3f6e4d350019a
1c0bfabfe3b2078dcde700321bb83863
db45e4cb10360fa2cd38ca24c9021544
ef2cea76ed4ad9982925cd7733032817
1bdb07780741e71dd48ed0181728367a
10622a6fe13ae719e33a2203cc62d6b5
1e7f306e1361e353ee1ffe7ee84b24fc
e71fd694317a1c6cd69c111e382e1e7e
f1bd176bf92c2414388c0a73e6eff07b
1245fbaa30ab2e76d3b01907301beb94
fae8095322a9e8a6d1b02ed533292bcc
276bcadddfaaf27e1b8e1bfb1354043e
cebdf073080cd8ef037ee71e3618dcac
d0991911d115d5b9e69614502cf5189d
1c3ace2310132bf8ef9bcdc1fc87257e
06b236762a64fcb6d043cddccf801759
e9ebe0731261d14be6f80207d81bdc4c
e4da06de2037dd7ddf89f588e66fcd70
e64ccc02f66436c41fdad6f1f6ebcac1
090b30b80db704830142fcc3ed691bc5
e15e221e2f13125adac92fe7e87d0040
f71cfbc3d05a0669043ff932e2ae04c1
c83011010d4925e6e392d99de9850b8a
1b6bcf5e1e29e356e66fedb819a73901
021e000ce0fe29abfa15ed74f4ff2fad
d8eec99bd218cf6324f6d108326a24a2
d5e521bfdf8504e2fceb0ca3289b13ed
d355e4b3d71e019ff6fdff1dfb5bfe4f
2eeee888cc861721c5ea1681da4102f2
f8c5fbdd2e6921162f25d3e4e27619b8
d9533191263e1ad3371c1e18c5b716fa
2bf019def1680374cc430995d450d954
e86914a1fbac320f18801c5825cd278d
13fdc658fa6fd09ffce4cef60eb1e004
eba027f60d8736e0f910d1bcdcda024b
d9d429283479c9d02a2b0d462628365f
1d2c0d14dc8f0fe8eb78d1231ee116bf
1d26c9a8f7272e141a0ef0fa2d6d2407
e7c1ff982df9f961f6ef374d2be4c9e6
0e0124c00ae810e6dc8826c0d826d79f
f513f5d4f6c8ccca1829100a35280030
d57f00cdcb6839a90fca107a0cbf292e
378cdfdc1c29ea1c056013cbe703fb09
e1622b1a337ff68a3502097415402fdb
f909f393389c22dacc580c5e14fff814
18742dde161fea22dd7f1f6e28c40056
f729cf5229a104cc06b337a8271cc796
12061710da97257ed74f004fe8aae85d
18d0cd7e1b48fdc8df571d06fd02e48c
1db3d5e4da43e005daf736520905128b
eeadc6c3295b2bace63a2d1438ce23b4
cb84d767e0422393116f1de926dcf8ca
0c390a02331c2b97264400deda48126c
c98d28dfcb8a29442020e6a6f806e4e6
ec27ffd8363f0e15192d2972e34f1983
1dfdfdbdf497e8a5f3f4eb6720230086
011ad182f5401c3df5c70d86fb5aecc1
d181f8abd92307382c250794dbc4fa12
cc26d48c30d8eb8f177f1c91fd4e1c64
ca99edeff1bfda37d3abefa7c6a7cd67
d5c3e18d1954e541fda22831e1de0696
db7dc89fd3fc214dced70d5ef1ee0ed3
1087e3581af4c616250130e1cbbdd22d
39dcd01c16c22a7fe2762f9617feef0c
31e21346fb59fc922b382bdb31400c3d
399f03cfca94c82b091ecb8ee5500c16
31f306e10d891a1738d6d61d0c22ca1e
2b58ed5ff1d309d30f4a2f32c9ad1c1d
c60427691c952e88ceca28edfbd8001b
cc64d97517be31c9e796d12bcbd70bac
1ed5fe20e8f116f1fe7ef960c66ded58
f90f06eadcb5020df6e3ebf9d3b21400
f6a22192f6a0e6bd20b0dc48e16d12ad
c8eeda830d9a1db71d64d4bed10ff6ad
00292e31c83339c0220e09b40b9feeaf
15af1b0a3275feeff607c7882cc51d87
f133f04ff240c73611d3cd80f5e7ccde
1434cd9c2b5502ff3298d90d162fea78
2e222998f5c4f15a111ece2216460cb2
3769dcf0f92b381210bfc6bde045090f
0ae2294bf5cdfa0cca29cee0161b36b6
f29739ace41221ae09b10ab00e6bcd70
1f72276132241854dfd9d5633475f44f
e151f7cfe870d7a504ab271af8d5c70a
db2d32f105dae12701133051f04dd94a
1308c876248025f0d0603893316c36dc
ced2d617d0d6eef5063d2e002d7ee344
15b4354c2204fe3d1028333cd73a1217
0a67cd1f339c192720d8158e1fdecead
cdc9d92cf8d4f839074826bf1caad8ff
27960cefc8ecf3791688ebc0f2e9fc14
f33febea011e12a4e8d3fa68d9392790
ead6df340ea2d849260d38b430ce2b94
39dadc872ff630efd5a23a1d0b58eb68
c8a50030da651b5b14032287e0d519b9
0b60f4e6f833331ed939fd50115cf0cc
f7edf090cbdb05dcfe86de5cf1081327
0a6cd7b1c87efac3222b39a9e43a0fc7
fd6b0e6b05da0fb5274e258722d505b5
26cde16c2fc401370b870b7930b82b89
d0971bc701b0245bd1f423060e1a0773
0c29ea5be7e6fc882e07f4f6e8c8cf6e
f745f8c4ff50149a1d37254226a522e6
2b61dde51abad1913891ef9d01c12216
f50dd1f0fe8a0d07013fc7b7059a0ed8
d3b4c975f1e4324b14cfc959d724ca03
f6922e5bcb1b1bf9ffe32ccc13923828
eaca339b151dc827ea4e2bdac7361fc8
ccdd2f17103313541b6ce58f3186f4b7
f1031643fd58dd1007cdfadd0f5bd9d8
dac9d659e20a16bcee17e89ac6a0d644
231d1b22ec4fc5ec0bd5d9bec5d103aa
ff530c82d93936e714f9ef300c2de45d
0ae7d824cf9d1d380ad9e0c5df63cbd6
33070ba4f6d514d4d936e424309931d4
d7e2eae3e31537faf289cec636a105fc
e50d003a200fceaee95c09bb05751e75
fe63d73e13530fcefdcefcd3cb360082
0ef7070429e20d1d15a52d51cf73f19a
ee9f208f045217260a7ecef9ce8f0783
f08b2561ccb5e6c814ace163c867f071
129f2b1edb31cc15d327cedcca4ad659
10ddc7822372168e00cff6b9cf04e090
f9371d51254dcec11804f99b2996f26c
182f0befd8a8d041dfc8d5e5240a36b4
d9f00e5a29dadb582dbb2888e53c31e9
00000213df391b542a872fda163c2644
04ca1cf5c5da14b0ccbdc996f9f90341
e63f0cccd2841e79f7910bbe19660edc
25eee74424b9e7d02afe2ef31d53c6bd
289a204cc9310d98184e220dfe03cc43
1f2903e11fb930742a6fc922e5b11352
ced826663055022219bce92e35bc0212
f1fb2c360452108bc75033ecd7880e78
d11ed8a70ae3db3033a5dfb823901590
faeb213922450544353e26520b6e087f
f2d9362201883a3c24ae34aad6a3097a
c99b0d39cfa7207201fbf89eeb56fb6f
ef58fb7be4caecee20b13646e8d713c2
fc6b0e4ef17cf0e124a10ff6e87c1cc8
c792d5f1ebc01862ecc12b811a052fe0
f37409e62543f17c06782dba1280eae7
e7bed2b9ffb503bc12550be0fb71fc77
0d620acf230feac00c30c6a6374fc61e
330e0c080a71da78012def9312103172
15aee79dfdb6347cd8b3d68c2765ede1
36923190138c3569f681de8d38891115
dda7f9f70609f787f1ea1e2633b4d120
c9a6d9ec179b072809cef81dfa94d3bf
ed83f7022cb5fd22100acf2aedf41ef2
ef58278d1eb0cb191717cbe9189e3138
f7f020b109caed9cdbae1c281eb3f895
2903dc330c4deed8c7fb2666381efead
c56e30dff755e2e3d86c18ffed81ece8
d05cf87b08c929e103b027b7ff3701fa
db6ce134e2b7ffb1149ccd7d2edfc6ce
d8d30e96d793fec1f525d026f9efef00
0b99ee7c08ec28faee1cde0527c6f1d0
07e319df37d3ecbff9d52bcfd3a00165
c56ae906ffabce830b39f89ad0cd0b6c
199a3373cd89d038d04fe338df42e973
c97cdbd1dc9c034ac993cb3b23be01f9
f3ffd47c14f2cc4a3a51107bedf70e0a
cfb2244a19d1dc1c1fdbcfae02adf8b7
e71bfa4a0797e238eb020fdb0d941d9e
c6bdfbbf0bfad9aee341e46feb872d4b
007bdd1d2cd3216fe338c91026a93057
03c9f7dffd56230509880dcf27e8f9b3
38901b040add208c1c092bb8f6d80180
0e6f3026fe98385bff79209915272771
ee4b3263c80f16c60587d835c5daf6a1
06b7f84fcb37ff43e985ca9a392b02d6
e826cc3f0bd7f5310ae519d6c621ded7
2ad32563335ad825ff4f14321b152a91
0dcedd87361e37df3685f9f808cc1f11
f96e1a732e94e04ef87d2e8c386d2868
12792e250175edb5c5a5f5531a4edb5e
eac521abdfd7ff97e6d7da42394e105a
dbb2e6dcc796f99538b91c44c5b830e1
0cfde5350dfc351e3455cf2cfdad37d2
d344e2f7e588ccba344f18bad25338a2
e1f5df16027fd711289f137ee7b8262c
e4c1d4ec1b55d94220e1155e2e3ec9d5
e6cac9c9fac5d79a14180f66ffdb1b94
0611e72adfa5f3a6d0c7da0633c0f317
f2e035a8382d11a037c4f39f25fa0d75
f2482c78fa03225ef5fe1f15dc50d93e
3575fef9239b1fc1df84dab2276e32c0
dff02c65de27207cdb68eb4fd7e11439
153a16d6033d237e1a2901d205400be2
2d55f9ac163d23f10ae6f886fee8c9b2
e14fdffc18452d6bc9b103e82afcdc50
0861e1f9f68ad8db056b212af89414e3
f2f3236e36262f5cd29210eac5680ce2
235123eff13d30d50f05d545f0741d7f
1994c847d4af0e221be5ecb40c471997
cf56cc2fe16c1bec0db4f5d806c0f3cb
113ccb66dd06e1a219470d43d5290d9e
fae1dd03cd77c8fee3ecd385d082ed73
d392f2ef33a9cf75122211caeab5e023
0c5814db16b2ee1ecda0cc440104d954
09b72948da4318bef112db31e493f86e
ecf9f092e8e624e5365be4f7cdd10f0c
ee5ef4dd398bcf05cdf1ce7e0a2934bd
d4af1d83cf9c2674da6be5a7134ddf99
f578c8bbf839304614a8c713e0dc30fb
e079fc430f492106316a24d5f0f11674
fc2833cc1b00241717131f8b126ee9f5
078fefb6d4cddc83ee6ee615120c013a
2036c893ebb4c8ae1e453599f1c1e3d3
3291ddedcf42e0f63927246034310e03
1dd837aa3479e305db81116cdef1f596
f264e03fec3a14592671d778dc0107c7
cf8cd04de6241fbbe6d10ce3273e3166
f5eef21e1c7ae99f1fbdd462fb28f496
0f7df68b2e62d24b04b1199cfeb51c72
102be53ae4e7f660df241310336e1da4
d51ce00ffaafdbd1c56dccdbe202167c
274b1f54d69930372fa81b63c68731ea
38f327b702a7efacdf5ad741ec4b294c
00111b32df51336af612cac5e9cef938
ccc103650ecc179433172466de463679
236ec7aad6e6f6b8139ce68f010ad810
d2c631481634278cf8c32bd32c8212cd
30861c4de26638d3d107379fd8c51735
3501e5d814fb1b9911c1351920e30f7c
0fb33547dac82737364c2e171d451475
fb64d354e014166e3052284ad7efcd71
2bab31092e06daa220ce28cdd8f7c85c
04affeb907fc2200124d23b82a54c59b
dc970268f14c2e27f1f5189afbd8177d
2a6709d6137b15d1cd5be311c886d4bf
2c6f1eff22ea0b011be4286a0d3ad9c2
201ecd52157ffd641edac6cdeb7039a7
0f2ae6b4dc210510f43fe44518eae415
d81935f1c6c23633f4d0363be07adcfc
fedd2aabe8272d3e3a022ca6ef70e32f
f48dc7521fc5195c3a0bfe232705d779
e05935bf1c2cd76cc76a255ad16ff5b2
ce60368fcae3120ed69fea04388fc5ef
24c7d711da8bf5f6fb482a8ade67e01c
ccf7e6c81449fa6506722e730898ff95
eeb22ccd130de3b9cc850c88c70cfef4
f678f82be74dd16502671686ec10dd03
ddb4e07922961d9be39de741e763dd9f
2cffd054200132aff732d21affc8e0c0
f62a2ab60a702a41f4aa0652e6a51633
e17ac8e8ca35ed9528941276e1310148
2e2420f039a713c8cbb21118dad0cf0f
2db3347007aed4252b63cc7e1657d405
134d02db0f24d0cef41123e4cfd9e26b
e31f03b4cd6f21401ade33c9d527e589
fb28ff34e97839db0d5c28b02075defc
0c2ce3fcce52d654ef51dc10e779f7cf
c5a9e7b0cd16fd73111effb0cc5d2451
075b2bd3fec20863e63312d8cb14325b
0148cd7b2f9626922bd3d0691a6cfdaf
03c1190a229f0caa1247ca921eb8c722
dc6106c403520ab0cb65d37dcf4bd812
2221d1d737970fb70bfb13d2f9cf2fe8
ffff119139a0f0a9055ad2c9f9fae628
0ab5c71830232372eff1c87ef38a054a
01af002806a102c0c961cb3317ff12ac
2fc022fefb991760e20dfd82efdfec3d
3621390bea64358cc794daea12f622b0
dc7d1dd1cbcae7ebd73b06041253cb73
0321ef190616ccf03652d0da12c5feee
110cea2238961c73e678357aece8cccd
32963014096ac85c1ebe219efea816f1
16fe2e6adc2e22a3d8d6de48cea41743
cf4e0dd823b5c83be431f8572dffc75a
d3d127e8121bc737e4ec2e7ecf4e26f4
e407f56c2cd40663142e36181f19eb83
cbcaf5d5e6cb3a34f5a3f2120fdae900
12d1ea2ee10e15e1df8c0a1f0cfb3023
2daa1afd2c9a2fe0e6b513132eb4d40b
1d57cb05cbe2e700ebf6c8e3dbb2f107
375c2a4f116e3280c70a2eda2103f58b
25ab1446c6f7ec9ad96adf2311adf44d
f1263a4a13432a68ebc4d96b2c3d37d5
205cf6aad0d5daf715be1b64e3342628
e73bcde40200d15d13263a14d400f700
2218093a2b7924be10e2f668c9940421
1606d42f1c323302d684ee4234263477
06f7cf5d0871de6fdb07f86106b0174a
0f2af162f106ea33ccb1fcd6e4f632e7
27940d8b1654030123a0c8aed3b8027a
34e4e4abfa42c82cebb92b313398065f
0d40cf13c872fbb911540488e6b00c6a
032a12e53793e4fa05c728ebf413eaef
e1d1de091151e3cf17c1c6a53488c9c2
f2c72aeacb1833941f4c13fedb17c9af
c97dda15c8f9d6add3b409a81023dc6f
3077e63df20eceaa140b2252d77d21c1
1757f2aa286fe31e0184c9b5fa34e1d0
0ee132a4381a20d9e57bdeff2424c835
0bc7cf810716ea73cb02156120e2d68a
00622b63d5b904dec91431e0f5cbc6d0
f66216ed39ad2d51e6aa0011f0910741
f95934a620940bb2d45e07b0ddbcd9af
ce6d13a4336aeddc13aa25e8d3e2d67c
1c11e1b915791157f120e1d918131e06
1e5429b2ffc0ef752b240e9520eec88e
c9c4037b328b0f61ef45cad82f1efe3f
1d00fb03d8e6cac527edcf711d2a14c1
076fd90ff1ecf625298adc5c374a294a
2c3229bbd17eea6dc7ebd454c896d53a
37bd006bd249cbf6cbd3c6cff0fd3345
0855e393fe36da70190fe48534c2fe60
d09939892965dae21158c8b1e4d4ccb6
da5c3682c7ae0629349dcd84df20f66a
fd48e1bf2de730d6ff0adc1802a7e393
35d3e386c5e6d707d06bfb7c13460353
37b731eff99916d20c45d7f520790c51
f260f9d81404d99bdb41f6b506e5f216
101615852625cd1905ede8e0fa41ce74
cf23e280c9cfe41ecd8ae7f51271d6cc
2822d9080ca9fcfdeaea03d9fb9be783
1ea7f57afad3d488dee4ff3e22f9c928
0db80f32dda5e9db210b3a3ae7c705b2
eaa0181b1add2eaaf8e6fe52c62838f7
1df7d87f34fc39ca37e6dabcd7fd22c2
2a03fb4a362df1f1f55b16bb08eec807
f36edd03cc50f2e7facb2a9dd30a22e9
c8eacf462f71e9b2f9fdf5e60f52e9a5
cf9327bd3235c8a42b09356bd3211b4e
1317ee9adf8d251cd6f9dc6ad8d5e23a
f6e7dda436dbfe9f137e1b7d39433107
c8a63244d6c128ca05f02bb2fa4018f0
2e600a29d885f91b2b28eff0c8aa048a
cbe1d1d23682d62cf01118b32211f750
043ad3902acd09fcd5580501dba0105f
fa6e1538f9eefa05ef0c2f64e4abe290
1ae9ece1d3a9cb8001f10c1ef338dd9b
0f69c72df089d815da1cd346230b125f
ccbd1002106de0a426380a29ed23c9cd
ca93de37f2e311d4d9e5ead41825c783
d44616fe34fbedc605041167caee28f2
35dc1ccdd4ee3a3ef8530a8538c907f0
266510dade1cdb9f2a84faa8cfbae599
0d81f89e347d11381bd524110e06e4f6
c756d0d806f0126ef700e9432e66164a
eb83d91fd2bf1923ca6de1a12349c710
e4632c9bdf57e8cee03d0ed3d0840c1c
09a510b722a6cb75ca41181004e521fa
e967e4a5dd80ce98fd81e30928e4f180
26ded36be23ad3051dcff64bec74f598
e66824de13e21ea60454d2e1079e0bf3
d25bca84d633327cdb4b18f714970e60
feae0c092439059b3370d5242a79194b
ff6cda96298ce9e6dce82293f0611ea6
22a2fec9e2bad370f4a7cbc52eff1560
2ae2ee95fe751795e95bf5cfd94f1301
0c11e0870754e7e3da0b1391cb511710
0e4becf522502937e92c20b1d18d1872
0a590382f8f30a02d311d954f5e6d054
ee9e0e3c16cbf6e3f0192a9ed1270ce9
189d32b1eb19fa9124e303122dd6eca3
04721c6c37d92bcec61b2ccf36caf5fa
c5dfdbd0d518dc89f958ca9ce0b4e4ac
d652e30d33cbdffbe9e1ebaee6b7fa80
d5dafa5825ab015728e9eaf4c91ef904
2ffde1b41ae4d8a913760602ef4cf9a0
d771d07e19c6d62ce4e526e7194a3075
35af26cbd40ec83002960825134e0d12
31da08a3e6b90a22eba6d6c7f6b3ecea
fc20e0cecbc8cf5f2166d599f1dd1337
1c02eb0a385a1f6ceb0f1fb2f09c1f07
cc77f43acfdde38f1e33eccb31b63454
c6f0064af9dd01afda4921ef34c51180
cddcf2b41935361015c7eabcd54ffdf5
cf05e3c5307834261b31fe6ac90e1ea6
cb1ffbe329d7f12ae4551fe614a9ff16
1df1e6b3fef2f431e31ff798e8422c1b
01c039d82d441f142f78fa20d3a6fc72
d224e20818a90b38d41c2701da8cda43
e8250cb52d1fed46d6fbd78906ffd2ad
d8961d9de691cead33a6cfbcdd791ab7
2ee9da8c3594236d1074e310e8e8c7e7
1405f7c330f5f977e82920503676fd1b
119111a724812b73e6b6e89dd2a72415
2803d7fee7d821f7dfc5ff1b208d071c
d203ecae26840805edac112fe38b2ecc
2315cd7ad3302800fc77130cef03c876
213700581b4f0efee415256af4a3e7ca
eb1cc5b8d50b117733732ee02503cf4b
fc3d03c2e587ddd32efad086383413d2
e83ae3b4e5c9e0c60072ec3422620aa6
2c44d02c298cd18ed0e12c6cdf99cce4
f091fff61da0fa4a2c8e26252e6cdcc8
2069d662f97ce0fe1964c8661454fe46
ec85eb1632d7f2792053db2ee5e930e1
d43bd7b82975ee6929a5dd73058af4ce
e241041c17e71fdacea0db1bcdc8cc24
cfde2f56e25cc81331172df50fd33237
214bc951fcc622e430452058ed91c913
cd461be30d701700c5e806f801093903
2231fb82086af8251769e6a9c84ee894
1426e8162865d2ca3414032a0268e93c
cbd018ecfb35203720181011cd250166
30bdd01bcb561916cd17390b1e900289
1f5dd026d36ff6b0338a2da2fcbadca3
2773d585e7c2381736670ff2ead628ec
eb4a2f0304ce1d81e876323b09c22025
32bc27eacf0a1016c8b903b3d324cf1a
dbc2e26cca64f5eeed19f0b329a1079c
e619049b0186ec283a3820b7fd1828c3
f468fb490437ff95257c145103dcf75e
df991a3ec7a7f247250c231bcc8fcd70
e71c27b80fc4e8740418eaa20163fbd2
e55ed06ed0a9e0fc2055d38bd2ca38db
28b72e0e30e7237ddcc1066aee820834
d018eea4cce91077fbf2e00c1456e21a
f711f97b05b4e097e5f31ba8f763d331
f215d08bf7742e87d28e0492dc68cfa5
e67bea7af80c1e2339e9d2b410f53356
d8e2c9affcb9fab3092d2d84d0b4f96d
1551ca10e6fb13081291fa410d04df71
0f4a11f7ec3d1a8921fb0a3fd4e8e71a
0d34f994fb7ee40833950ad02f4f236e
d1d7d97a305f1169d27bf511d89be4aa
0d8f22b9dbc021701333e1e134f41fba
f3cffa19dd76ef2ff58a3191193c10aa
ec752611e547315a0d0e142d28c90dcd
f2cfc7e4d39f3985fb03d167c8320490
041bd2e52a0e0113f966253c09433a66
ecdc02802a71d2d2e2f0c62813dc270e
20eec5a3326fe41d363acd42f07c2737
e6c3d8332bd63a2427de108335d6249e
0c410e330c9af6670760c82518f2fcb2
e66ac76318c41e2dff801dd91fff2508
d452d615f55ecbcbdb56f6c2204331e7
e0a72c91e1e4c696d01a1bbf22183636
2b613239e220d4911a091afdfe1c27d3
f23717ea00b621c1d38728ffe76104f0
3322df29dce0eff0f97ae99631e1f27c
ee6c2d25318818a3fd45d957d3af088b
e6bf29b6e695e524e80befc018d42bd3
38f8fdea1c050450dab9d56031a7fa41
e0a8dffce911c57621860a97d4790635
dcd2eb3cfe1e01c1c922159c1a8c1f8b
c71b1f57d5e5da13f1822998cf9cef18
d5d110f2f7aef22b3180203ad8451cf1
33df34ca1322d023c9d6c8681fac3282
2f4f09501faaf17ad5751d75e267f6b1
cd06d72e291a243dca931f17cef1e37e
fb74ff6223820cf3ff07cd17d1a30644
3953f890fe8a0eeccf330579cc34c877
1c18ff2613bccc78367532fad6bd1f14
283633e234202ddd2e95c8c1cc2332d7
f769257801191ba6cc28d50ee42bf5e9
1bd2cdcc31aafcd6f280d5010ba13168
cb3fdce92164d1e4e4c439f3254b09f2
f661f119167319df247713c7c8d201d5
31efe9e22184deea0c6dd469371cf39c
2d1906afcb7d34f10d6eda78332d37b0
36762706d8711f621020cf452fc23a8c
e19a1a521e34d649dad50f6213fd001b
125a39f1c72acf5201a5e223efb4cd4f
e80ec8a406c7194ff91be91735563810
ecb7d509100f02bbfa0127851aa3e8ce
1a28d559f148dc9ed01d29d5040ec7dc
f5e1e891e51cf9ffd78e200af6e7081f
21befacccc0af745f87e287e3506fa34
1d85238ce69bcbf014ee3839df4ee208
ecebd933cfd7040f236634970276f420
d9290db814b738dbd4fef2d8cc75c58a
f681f888cdd3da75f9d4f5431c27d085
19b1d12c06ab10c7e3f31996e8c3edda
e3550825314734701188089004bdde30
f29cf793cc9bf3e7152dcaf1da3812cc
1c6a29d2cf2ad3a92911ccd0fda3019c
e121357df90631bb379cf43e06203362
fb9e00270027d650f780d9b9f4f2000b
c65edb612ec9eb681781e7ef0adad0d8
3391cc842cd12c06d6751c1005792564
0ad9eef9fad0e77b1a3afad331e5f541
daa2d495eccbe34b33ad31bb35db299a
327fec07cd00ec4a04a6e9603865d5d4
f24d1d6fe5bfe38202cd131b23330622
218b2993f398d463262e2792e313176f
e519f5d4fbc5249013810eaf1b292e6d
1f9de9802789f2ecdf46d057f17b0d2a
fd483508278c1e31d8aefa4bf6712bbc
0699ec5ed728d6db1eeefa391b92d025
100c33aa0851010006c5eb6c096623d3
089dca632f1436bfffecf2491ece0a05
f3000dbb39b21857e3dc12991d7e36ae
04bdfee0f39b23a2e409e386e15ee8dc
c6a22c06284c1a810fca16d4e2dc1a5d
116c074dcaa02a54df4938460dcdd0de
1365eec4f5d5f0612f660c040c9e0fea
e447189807e82909e86f147dd1903875
2f80d608c5f535feda3f2c5b0879fd4d
e9f1db2f0b10329bf46cd8ded382fb82
3766d6520970cc95e6d4fbd8eea3eb50
cc45de251134e09a13c11e21fccd3004
d7fc387e36c405a60d40f45d23d92daf
e086cebb2ba9eb3005d52449e5ce1986
df87e2251a55d87c290d322cd31710a3
f4080577ee05eb94e4880d13ce7eec27
329df7ee3904f15f0883d860cc79f036
f377c5ccf649ffe4327edb56e090cfdd
29e32c7817011ab919d11703107c1ff0
25bbfa11e32413ff3165177dc8470b0a
2f4ad492e838ee87dd441a75fafbfd55
3256397af83036870320dd7c33050964
26a4cf3f022bcc44facb243deaa622e9
0af31d02d1aa22cb39093154ee70e966
0cfac877c84ad0c032b309e10b3b006e
e9f538da0c66d8af1830c7f8e185217a
234a15871d84e8b4049103acfc95e029
38aa21e61650e4050356329df048e769
ca08270a16bdf11513bc15ce019ecd9c
2b8cda6710bd1731d989055f01910173
d6f1d310eb11303c195c1a970039e774
282afeb0d9dc038437e6fa1000e814f8
dafdf305d301c719dec3399032ee129a
2c7ae2b3ef5117292d26f12e29970603
e4cbf819e8fbd2e50223e8cf33ea2347
ec0c1cc0f671c68b10bf247e3555fd56
e6c8ce24c9e0ca8b3a381cf3eea0fb71
08122e643579e1a3d4f32fe5d0d2fad7
dc0ae3821bfa0b42f7bef7b9d174e542
f43ffe48dc5f329e1ed7f6591f9c1d9c
ffd6d6b0d24be523045bf21affe608ec
d057c75b085dfa3de063de84d7c40f4d
0072eb53d84dca2f0a2ac8f4c57920c2
381dc61102f81766d34ee6a4364bd732
04d32a2f1d85e7e9dffc29a220f8e013
f0a10e8509e8176dcada344f19c00aa4
205f27d52c1614fbd6fbc9ca0e321012
e768e1980de82a89f52419c12c64cae2
f766cf1839cd33f0cb34e0f30dddea3c
f5a3e1f01f6a1024ff6a2ed70d4edb4a
d605d373f845295bda1a0cc919efdc71
350bdae3e8971130f17cee5107091c3d
c690144433832e6ecdea26c3e4c11d5d
e02e0ae4eb4317dd03061e49cb32221d
1b813a851b21ceb600503611f475d412
c674302a0934f2d2edb836950c96f8b4
ebd1fcb7f78e1a5ed1f5e12de97f1fcf
d4591fdcf75211acdd0a264fd0f10b35
326d0a8e389b0a67d357c8afdb4dd1e7
e2d9db10279e16e0316c01f8f71f00c5
245131b43255f5c5377fe3932228c98b
351e26691d1826a71a68cbae011d0500
2a6315a5dbb5e05905fe2a75cfe8d375
0b34cc5421f12df3d61020601066e556
eef5f59b0c0f2ad3352e3087320ada0a
238b06e836f02d640fd4df612cf4d14d
3a390e17eb243981271d12e4cc5228f3
c7c82ee22e46f4870360e756ee430d8d
cd0e1a5605d739430193e8ec0369db60
f9231a3fd2a1019a00650182d65916fe
f29b0670f09a1ee5ff63ef59ec24fe6e
f2000a1ed44713cecfc9d223cbaf208c
042cfa88d26eefe7eccb056cd82c237c
d48a26990c8222d8cd0b303ceaadd2b4
ec1bf615f983cd81e2e4d333d42c2ca5
0824fd9fe0b5fc4038d6e32728c72f49
fcd6d8baec910526df40d79c1059de59
09f3f0d8fc47e478f4e9ec5a27a3d20b
368aed27d234de2fe4ac379ce77dd529
d80418b7f0d3c765fd0ce0033593fd4b
e4fd2a86247ed6a21875d5c8e62d0315
e23a2a78fc64e8852c0407bfd1f0c75a
ea80f5db0d06284b0ebe1bb0079cf0a2
e6d3f4400f0b383622d0fb530c2b1d3e
2b09e2bcdd4de97df77a11db0686f9ef
e91a03e2d79b0aa4c5f93922cafd195f
e41bf70d31a413f3e013fcae1917fbe1
de6ee08915312f831a7afb94f0060d9c
0d5d1e7f06f3db6af7b5cf050a6614a6
eb151a28f9ae1c5bd4ab346cd5f8fba2
f3ce2108fc4e2ac1c6c9196cc6971a30
e06ecc21f5b6225e3777e15c1671fce1
38431c08250b139a0febf8bbc9a81f8d
d97a299615d902dc1a4ff612f0a52fd6
ecaadf37ffd70d7103c5fd3b342b0048
f7351e2b25f404a033c4ff54e144f7bb
36d8db261617f33314880a9112bc0f6d
cff9202ef1891735186f0dde29e22d23
0e812f1fd14ce19a271a15f7ddcdcc93
f90c31bcfd303809c74a1acf2edbffde
c5e1eac5f885cada1fdb1c5aefd5eca7
c9ff369030dc0826ec7b31d2ed9c3406
e1000b6ee8f8341f2073177b1bb21698
36813568f9b5e3640940dfd6f290e970
0fe23a67371ff079f6611ead10022a50
d76803c1267f24b103e0d1a92bdb04d3
fbb5d085ed0add06f459ef1bffa7d5a9
03c0fa91eb9e0897cf9f3229e94725e8
e3e217ebe337f7b716d738d1c6f7c631
2066ee81334c39f6359fc5822e2f2ff7
d68b293315c512740489242dddfa0597
083acf98c9b8c989f384faf63515f2a7
e624f99e00bed9711b77f48a183934e2
3a1bf47ecad0fc54d903109508facd91
e13b1a04d3d70d29268bdf5d0f290e5d
dfe212e21d5ef9833577270608d9fc07
cdb710ea096829bb2321c7d637042751
ee06ebfafae42be4f30005a02679de98
f555e843223a008f32aff7be291a3786
e07915250f3e035ddc84098930dc1f37
f5bbee001b7a20f939b6101cd69df035
15a536f5011cf63dc7d6dbee33702714
3488db51da420fdd127d0030e04c3642
e3a61075d05efe981e17f36520c7f708
e096208d17bf206b3773f35a1d36f410
da35124fd823cabbf480397a0efa1411
361929852f20296d11fe243dc6b101f5
24bacbd936d0e2d9f651f47cf229f2de
f5e80e810e2ff7a70d93dba1df2b1458
d52ff06bf8f1d68c0a1a23eff4d0cd6d
3a5d3306e9bf195fcb42315d24a9f20d
f67907b2134ef64cd60f172bc91217bf
0426e1b6d874caa80fd20691c6a50e3a
204c1c611efb275de7f3dac835d8f565
2298f350026003eccbfbfc9de25d01ba
0e9e022ef442186c1aa21a7910c63091
2c72e3f3e82f3942f110fac8ec65ff4c
0f9930fb3031e12217eb21c9e26f32fa
169bffebd296312c2397eca119961e5c
250500270dfef332c802c84af1041336
f763da2107cb2d4ec864e1b133d10c2e
e9232374f1a1ea4bf9a62921f99f239c
05460aeac6fb1f8f1a86dad41b101823
0808da751369e99dd02226202af80dc8
dcb3eb51cca520bf01582ccf15d11384
c887c86315dfdbaff54a256b108213a5
cbccd8b9d129d8b8fd4511dfe16ce386
09decbafcba20b2d31f92cf9185bef2e
12613197221b1e56dc6ad584062fcd33
38d20ac7149ffc5421b7f7d3e77a1787
06813a7ec988e4e026bf047fc8120004
fc1632bd33e5fefffe7e1d3f06e704e1
cdadffc6ec26f86cc5dee0e6e28e2299
ec42086a1d482e3ddf2418882f9bd039
e26a163839c5107d21a4010928e7ed24
fe5a046838e1c7fb375ce192202105b4
041ecf6fc7a1d00b3a711b86d0f82c7e
f21cf4ac0a5404fcd859e26c09900756
fdeb0420fbcc23c3ed8ee8dfdcc8c96b
0f09128c1bf7c7cb251508e8db0acef8
088124a3c9533234f2d9fe7f3453370b
dca2fb9b0297317e2d6e1999e413f3a7
ee0b0d64f809330ce1030471ef8a2a3c
f0a1fd6923861d9d3678018e0d65dc7c
d8612a4fdeba3a820f49f11cff56ef97
1455cc9fd47e0bd5ce5bd09a223fce3d
2dd5cbe92c5bdf90fdacd8acdf3c1c95
f679e85319422bb4c5e6ef7c1f1fc701
27aef6be36b1341be846fe95313c014f
2ab20c0dd95c022fc8f0d28808d2e0dc
d88032f024092daed3d6ff282b3fe14d
eb9030d6f7c1dc310b43f062023f34e6
362021bb12cd05401f150b96220e2a83
f380cacdedfcdd70c5d1d602cd782d84
300decfce0eb16d71d8e130bee4f0c3b
0cd3f449dfe335a1114bc75dcca6fa43
f60bf62b15e7e662c5f5c7ecc88f3378
e811f7ade6501e1eebba2767de1c0ce4
37201e0fd13ee90d2bad1385fe5de4b0
19be1e03291406fefba3ec0508123636
177bd2e60d43f3602542d09416f5d659
217027781197c783cb4433ab2d67ca92
d6fbf96513aafab3047d0ace08b9d7bc
229c0dff1d97d69fd6dc165131d1383b
25c5edfb20df2e29e7efdea2fceb02e4
37ca1b1031d1cbb00185f20907e20455
c9ff36e6fa7bc6cee97224d10d1e1edb
ef5a315a15f6db5ec8910b25edf1f919
1d4239922598cc7ff196d1d835472e0f
c6cfe3091e802e4cfd52e8afcf47160d
0d08f474f67fe4e92849eda4065b2c68
dfc3384639c60b4a138bfb77d29c24de
1063dd58ee0be5dbc9e917e609f22e54
ec1e297a334023ab264fc905f495ddf2
129d231d29dbe29e2ef7254a0a7cfefd
018e1caf3594faf50e030a001930026c
f86a19893a56ed1bf699f64ff592d5e0
2ea6ff6938e538e428852174cb83274d
fd6dcafbf468fd7f178b220b1bc90048
004bd9ee25d4c90c1383e5390c3111fe
351419b8f6ea150c1579cc14cd94e8e9
38bb0fa6e8a00c85ec022d612cee19ad
1ad6dbfe34090722d916f169f92fc85c
09a2cb0a110d1e000e54082dd5323844
120033b70b7d05cbd5e6e8bef9320404
cc8cf98107b7dce8f2f4f9a5ddae3852
1ebc007de0dc33890a92c9f3ef833449
d75d13fa279aef2416a3236e1c6cc9df
01a91b07cedd08123084e2f802c538ad
f217144712ff126508c2e7b8eb12ccef
d24415aee949259c2f88fc37d4422774
1f55e66420ccd22ec6f9e42ee4b3142a
0196f22c332408a2cda5d9601e92c7df
050917ec28c0e1260f852796edecc798
1e6a09b51099047a29c4cdccff7fce13
c5e73708d8882a62dacd1b432a79e43c
e1a5fd61faaafe080c69e794d659246b
ebcfe68deb95d8c4f4ccc872dfb8032a
d04f03410028e49131f3d390195cc97a
d546f9882bff22cc2cd9d5fe367d0821
e52b2340081aeef71c09cddeececff5e
2cb5cc9f318b33f33790f381f9d20dd4
3052327ac91cfdf7e49a081bd49d259d
d7ab32feefbcd87100d7f629162a169d
2e980cd52639de86d38ed08ce806c6e7
2c792de0102ef62ff068f1870558deb0
1bab0260d57010801a0118cd0560d73f
23cf2fd8259717e0178f04d9e3b1ce5d
2cf3123e1f6c2ed5de180c6de0cce5d4
e82efde6cfdf21aa05ace601d83af005
0df9f22ce9132eb824d8f9f6104cc93d
e8271707111acf1430c1e30cca3afa7f
f5403629e5d6e3a7dc77e0e716a4ff44
2089d30c1b522ad8f44cfb14038414b0
0acff0491000222634e023ae1a1ceba5
de05f11619d1231de95cfe01e4343001
03af0554fd360b960f4a12cbc58e391c
dd51370023970885ef96d6bb1ffcf83d
160621422fc5d3f635ba1d56359af1ed
d12ac644f5af1aa92a6bceed2f8bea82
088c2b451a34eb70e9e6fe4ffff10135
127af5690f6af675df1803b826850f2d
ecc9f055e3242171261934b4086816d1
17ebd776eba4fea320671775f56c12e9
24f5e733082ef7fdf1a8f610dbaf035c
1ef8d7d72546ce7e14d01e5212480df2
0c5f154e27efe7a8ce6ad26215191c35
23180d8e371f0bb82b5039f02b1e3a7f
e7b0ec0028c72cef0ff3f93af1f31513
2b390315d87fca3ff5c9ef392300cf50
00b82948231704900070cab7f6050167
2bedc9cb30b92555d006c850127aedda
eda6f0182b21e3cb1b34d3900197f738
318bf7550e9fccb4d63508d3e081199a
ccfcee8a37521a093992f522fa26d44a
f476d96014772844ef8ff2d5d2af31d7
032acebbfac4d934f779ce0f230d1e5e
1d55fb8fd4ebd050174cdc3bfe1b30c8
d6cfc7b02df9dd961db7ce3de51621d0
11f5e7f61a36dad3010808c9c5ced5bb
1fdf27c42b8634b50e851ba804261bf5
e4dddb2a12e5e2fedaf40bdce5a7cab6
31e9d1bd04dee619d18410f0d3632a4a
e4092380240803b81e3fdd951a23e81b
0865f4a3d742efb036741bb516bec6cc
0c94de4938c20a9ad0f1de582d36c604
e01139ecd3d62eb7f5ab1a18e1172449
e172232bc5f6ec2a11ee1942d0f4fa83
3837d04cfc5cc6ba1ebf088e1aec1a48
1dc7e504dc1708cf0a21255f20e5cbf7
2184d4532bf41fc72d0a2825cc1c0b6f
f93f2875e655f75b0a86cb3dcadbde15
3012230225a9e8ec0d110af8014bca07
d19ffd28e309ceb501c80be01cee10da
26d8fe06cf91ec0b2db7078a235dc84b
0f5be3bc1e3eff3eda4812fae3a4f7c7
f7e6c6ff27e92a8e22fcf0f4184b1e49
2c71e35a27b1c663c584208024a1f59f
37db095436772f12e08a1d39d72ec94c
c8cafe1cddb20dbede14ee27f3732d14
cbecd906ee9c2733cdde21e42dfd21d7
d11d0e632c50c6ddd8b6db142296fb50
1f97fd43c6e8fd5927a2fa7335a1cfd5
02ef08edffd9e53d2b88f266d1203459
169f0bc400d1e24e2330ef6aeb99e2dd
e24834a9cd7c203b1d7fec32c85a2afa
fa0136c9e02deafb040b130d2608064f
e8f9c9fc33ab0bbb0636e84bcb71cfbc
247c0777eb75065123c6132ffd2e2ebc
fe5a3944d7c8e053d5f2e7d9d412cccc
29d329b0cbd7d43601862e2d3375182a
061a0328ce531cac0ab72c6cf01ae76d
c78cd4fec6f6ce8d055cc56822342c42
23ca37a2d570f920290ec97702dd1d26
ceff05cdf11d0fdb22343359dc63fecb
30b935212e1214f613fd04580d5df536
e0b3ef77265122d902430bd02160c7de
e627133fdd7633110ef22c13ee9234d3
c623fd15de1713ba200a08f127bc15e2
19d0d4fe121a2597232ff2aef98903b1
2def32e22b5fc5db2ca50144daf602ad
ec150e88c961333ad312f900da2405e3
03c5ed70df5c2a85c5ca1c493697dc83
f539de8636430cb7e99ce24a366be99e
34bf0c46015c1df0f0da0317042b1283
dbd9f06a27343731ee50cd69e1dae770
0e7bd6ae0e06fb79e1321264ee6932ac
e55df66b2048052be897c5a1d3a5e049
3324c96702d431c209f4daa8f98ce521
e80d1bd91f041fe5fca2ca97f19f2927
360cd63811440abfe683d2940e26f2f3
fc542865dc990fdf2135353a1986cbe3
e5c212a4e6b3c6d233561015fd2dd38f
1a24cf732a93137000cae1bf096bef60
f017da691b94dcf9fe7035352784de8e
e9cd012509f9f3ddfd511b8bf07e2ba0
0e3912832c4815e0cb3c21a71a58e87f
fb07cf3ddf1428c0113fcba224b9f542
e41d1d7a350419affec9f525d196e233
317fce9cd9a6177ad6cad8af16abff89
deb1269a0703e5c7cbac2f640b9b2f9c
d0b6f1b6e55cf312f83f3098ebd432e7
f02fe4912ea5eff5ce590298197832e4
c615358928d2138cc73b26fa2de4dba6
238ecfb70cbbf04af36ada5616d92895
d607d2231f6a12af274bee7ce5880a96
19381886d172010c2ca2dc342434d343
379d1dbc391118a72a24ca92f96724bf
e94018ec392f19991e24d97214652e20
dc63fe0e09f3d2fdd736c82e3108e49d
273f1eb9f0f5cce5236a0150278337a0
fb17295c10ab391bd9c2225ef85ee167
0f990c4c0c86278636e4d28d1a7700ec
33b20f593a25d31ee1b8d49aff183964
3330fba12da8ef64ff70eefdf7ade4bd
d99d261c04f4da03ed5c123efe7bcd1c
158c2cd5ddf31cb032c4e9fd3779f170
0cba2b55ddefd72cea00e437dcebdad9
df992fd728f2e82f3a19e4ecd907ff7d
da553123efa9f6c4366a0f1fcfcbdfa3
11d1d5a62861f87e2dd32a0c2a2b2255
f3341ef2c6652fae2cb23a83f1d3fc34
106b206fc7a4ec49fbc52be13357d2e1
c979c96ff05110681976e8e1d56509cf
3330f4a631d0eb6b1cbc0f882e10fcc9
26f71324c9500638165a0b7600cacc6a
3560d81eed99d4ec087afab2ec851feb
38a0cc271196de08cf7929ce17863426
f673cca832acdeaacbb3c60beb87ce13
d35bd80f26bb075fd3f7cfde306cef67
d04df78b2020d69e168be803cf66382c
258e1c92fe73fe11f0a427d52ff6e8a9
c80f2c99eadae2b6dd5501f22b451708
0daafd37130e12e7fa682c6701ee10f6
30823590c87c23d1db3beb810ce60a3f
234307893a79d902c8d6f0890bb7182b
28f3ef6b1bfc0a752095e868caa0242a
2988045ecb72cd3e1da7dda4deb607f1
07812ca01ff43a5f219c0185e9ed1d7e
2810e3a4ed012ea51c892632cdd5ca17
108ed3d330f7118727b920a52f39fec5
0efad5f90949161ee2a1d12a0e80d49d
170fc7ffff6c369e385705de2aa0f588
2604c9bd322ef7e518511a1d335b04aa
273511cacc3615c118ea36751d5eecc4
32abdcbf1f7dd219f7f8e05aea7724cf
148fd2a5051ce53220db088e0c1f342b
f861d679ee1205c72f8ad1a1e81de9fe
0282c7640763e0761f3ef2acd4efd83f
3a7108981faacc79d42d3584f9802568
121cf0c507461463ca3605811ef4f8e1
de0fd4880ae3e61706b029b1f0e5d450
edd6d6e62c06fd2cc642ecc534a9f7e0
16a80cc7220fe0ee32f2e7eae1f4d781
fb611fec2c9238f7c675d8b5c773fc07
3298fcfa36dcdd2c00891d300d7efab4
2336d8f5d7df1a7dc5c913871b02e73c
f847ce36347212831cabfe6ae5e4d52c
1753ccb8c71de54ffed8f1a7051ae156
0cf60aebfd0ed473fbfcd20126941a9f
e938d3ab328c36e6fb6ffebbe136f943
df6fd3e4ec7df4f5eca62bb7ffff38c7
0cb1e1a90f7404b5eebeea703878e502
cc88e553f4aa074617a03a27249c0ece
ec1328a1cc06d6d6e0dd1df3cf6c0782
cfb808073132ef4cea673301f3fafbd9
fe05114103a606cc354100fd05301938
07e9c6deef2edbee38450440f410d9fb
f8752b17f5f327fe2b5ff5b138c7cbdf
2bbb0e80339e380d2e26f329222f00b8
0d6dc650092df17a08c3dd6522b81de1
2f442040c794cdc9e8b3f271e8decc90
00efe735f92b24091dbef20fec0d1dec
00c2e7ec0902cd84ed29ce8815bf357f
c57ff10d2686ec7c21e909dddf98ccae
31aaf32c0b33de8113ed204f3a5b017b
fe1dfe3e02fd2d1de99fdd1917bfe4a2
149b2f4223d5eedfcf0f2ed9d20911c9
ec3de3eb240bf7ebd4cc220ce3f9fe74
cafdced10ae7f5c01e5ed01108bed746
03e104eb00abf392dcf42bc2fb2b314e
d35afca5f7c0150acf711532c776e601
ce9f2de52e9f0708dd0aed4c19aa00b0
ea51dcc3edbfee071ed7e28a0cd4dc81
2a81fea60308f8ab24eb038ddb36292d
01d8f0eed1a7378b1a0be72d397edeae
ee1d2200eaa3047af172fa7de187f0af
e51820a214c50aba11a5fe97cd1105e3
e563d1f30ea7266d03ece2733259dbd8
ee0ae65610f2ee202dab2af32989f3d9
eefe0ceb1061fdbbd276f6faefaafbe1
dbc92cc0d5c9f319dc81e22cd9cee75a
06e62fccceeff43dfd63f86fdc7e38df
18582d9ffcfa21da0c90eb23ebeff731
cad4df481722cb21fa431bf630d92e09
2fe6da42d5980df3fea5c6220a502c14
1cb031fbe788d8460956180e37e8fc5c
e21433d4e241fd3138eddba2e7451e00
2f54d1a3e1d72cf410f7d246e16307f2
2f4c328e127ee1c3e1303972192c1bf8
da5af467de321c73fad535202030d334
28df180127d2215702bbeeef012bd21d
2fc9d71415db10d7ed81d619e8a5d974
d69719ff31a5dccfd03f2cbf365416d3
03e9e46dc721e656d1923420fcb61f53
dcc8f303dac430de245f2e222fae07ec
ca5d08f92964f39de5daeacc21fe1aa2
1434112b1780248b27ef2d941447fbb1
0007f21bd1dd03e236f71867e30c375f
e81ffabfe8f5cde8f51026e736c0d70d
2a78ecd2dfe7ffcd0bdedd02ecb1e1d7
098f1bf8141beefb242ceb8e087bc923
e762ca562dd30d6f21b718cdeaa3e0b5
cb6f19e928d5efdee8881dfade881c87
1c99ea03ffd4246505ccc9171788ed34
c5730988c67e14000130302a09e4183f
260dd6aafdacf36027422474021f0ca1
18533082f8b22d52235c0e930bb9fec9
d538eaac1f16e2aa3a56e2a800e91870
1171249121b5f4e000fff14cf8e9d258
0705eb582861e8c4d0edf552e211d882
f8011f93d0aff7d41a73ca42cba02e2b
e0d0eac33641fdff3266c601fab7f39d
f7cd313c3382d49ddf3fc8a738a9037d
e08ecad5d495e21f07fa37f5f63d340c
31e737791bf2fc4503d3d281d5be2e7d
2deecbfafc39e1b225f6029d0e383678
1519df9ae0e4160217efe66b2ff1ff3e
1ca8c9ce2edf2dbcd9cdcd2fc9252451
d55ecb7c3162cc613031f29a3a1920a3
00301a79e6fb0b6b0c9cd2621a1ec597
d4f7c6d5dd7a2d8439bccd3a005f293d
1e59eb5f12b435f6f354d9dae3481ca4
33fcd4b8ef7ccb81db33f3b023efeabb
eab333bb2035c75136240c16d72fca02
e8f62d1e1e900ae60f42ca2c13e42630
0db41f5bcdb7fa4206232c4cf7760491
f7d6d374eeb2ce3adc391f10f2d3f699
319bd0f02f5b044c10d72963d525d975
ebc1dbffeb3cf683cedc0b2eef12de39
d3171d57c684f416e3a600f72dc11a38
c5bde15632b716dd29b600132ce2ff6e
26dfc950e60aea8ed165fbe4e6d3178e
1368d75330cc116617f917981e84382c
fc3de24013bd0b65d7e12b4733721463
123be6981aa12aaf03c8e47ef8942e52
d2b336d7e4821541eeabe5be1eccf5ba
2d89176de8420d931229dca8f4993374
c99bfff501f2035107ba2a6d03a9e2f6
16b6f4caee0b0fce2fa53376e847e048
26fdf3eb0c5a20d12fa9ed94d277d8a5
05cd06ebf56a26ae1c992ee9d02ed544
25ec1fe9fe82236d2c3233eb27490f52
fdfece10d8d50f18eb5e291cebfde6af
e067e9752e0e03c41348c73c1653d38b
f5dd1238fff2caf4c6f6c9581b86d6e2
f501237f0cfe2277fcd3e1a9c6f6dc8c
0a6734d2174e0972d10123211cbbc684
33c9cb7035292982150ff4a6f019c7cb
c710f0dfe379ec45df9a13f3dd032e4e
ffbe22f52bbb074d2091e23816f2cc35
2b7eff59edfa1b4e2a03cc72e8252f36
e4b3ed000364c78efb602c0d18d8c816
2224e3e40a0dcb97ddcb3a2fe8ff0668
2e9327dc2a4e077d0e4808eee42030f8
1776d608d43a369f04ccfc92f1fd3a3b
d5ebf0870b89014a227ffde4fc75dccd
da7d12df0a88c6162b070510d4b9ffc5
11a20b90d08a3732ff2aee24d0931e63
2f261a6cc6c72970e2883832dfc7cb6e
d5e2f682c8f82cc9f67c06bff911e774
fe0fe098252a0f5efba90e0b383edd7d
cdae12f402f7eabdfea8e3431482392e
d71fc8770fd4314ac962350f0ad8f9a1
d0ef243b1c38367bff93e67bc65dfba4
ec65d77eefef0e4c05a1caead267e09f
1cda1e413139e7242599c8c92339e1ff
1f64f92ef89a167624a3e861029ccc58
2331c9dd27b5da53ea7cfebc0282eb70
373221651bffdc9234fee69c213c176f
1d38e17c0873f246fe7df7c4047c0f91
fa4befe7d89422da22c611dbdf02f038
0befdbb0ff22d6601113dfbdef80306f
db5cef5c1a99e9d31014349be1b935d6
3850dd3625f5e9cfcb3b13230c4ae5a2
e10ae1611c4200cecfbd13b4347f32c2
05c6ec463829de92c69dcbd9fc83f8a8
0caaee91f0e7ee3334ebe4dd0b200b5c
069c08162850f12e1242f728f83716f9
f787e571db7411a41b18fa31d73ef327
1643f2e03656f9f0e453f1b0c76ef8ea
394dc89c1da8e115fdedeee02343ccfa
d65fe6ee1a91c8c7eac61800ffc1cf7a
34caf6cc17f9d91dd04be210fbb4daa8
cd94d01ffbfa2cd637d22613f70f2d7a
e925d45722d9f35ad843159fcc5624d7
f992fc5d275d29cdc8552f27e2f01b7b
1d85dad3f2bd2cb40debd1cc1f7527d6
cd3fe4d601a3e8d1c99a27382c65f99f
21b20ad12b1410363373ce0717361ec3
1f5fd41d099320903665217f1cb3e7ff
32501ef612cf0ee52b8cde53e22ad691
dec9fd54f04d2f9c011ade941a5d171f
1b1e0201f4ce115ae9c7f69e38db1064
dde3f7a3e379d6582ba5f61200021276
0a92fe3af549fbd51a7ce4c1eca6fdbe
d1e1f98be1a3eb15de0b21b80006e3bb
e5f2fd5c1039f9982c902e2c295dea11
049817d700d7d1550f450b9bf764dad6
0081c9fce7e0f9b30438cd492ea7dfaa
1de4c77d0de1e8880fbb2b3ffc81f769
33c411f6c77b1e34f62c1b902daffa62
e5def94e0ba9fa992aa2cb70e25a077e
f3ef02381ed21cd40daafc6fed02df2f
fa7ddbb3ff6e306907f8fca0f07714cd
316d3487f283fc01083d30a0cb0811c3
e446d29ffd301961347618d7d00c0bdc
36e2f9662529f37c2b6dc6f306a10816
f9f8f6dde413ff6e0d30059f12c102da
2331d565ed5cd601e0a1cc691cb8f3b7
e8bdcbbad87ffe97fe0deddad25d39d9
29c9062edb450fe1d95216adf3070e60
024cd32a271935b1384a32c7c5cdc6df
2634334c3304f3e707012f282a900688
cb4cecc33394389305b30fc41dfbf766
11d0168c262dd611353e2f48176af3c8
04abf0c9d5940492e709342a3760ed92
fbd723b224e425753a1911141d9aee5d
f667e571e4b3db16faf61c3f340bf6e3
1d2e11c4c66bef2bec77070038131d63
e54823eaf1b9e2601b3dfc600206fc25
d1cee514da76f5bfcb30019a0e5bfbe3
f783fc40f0b6faa5f5aafeb9fb9cf62c
1779e9a02f66cc2bd6043799e6260448
322bc8542f37142b2d81f6241433f8eb
d7a42e9115cfe9a3fe9e11410d31f4ef
034a0dd5ee7d33601ad61e920712d574
e4e3223ed7dd287606b2e680ce91fb8d
17c312750c4ddf87cdc6f534322cfda3
2857db71d3d5e3c4edb8e0a2fc2ad5bb
cb21e433d84e003a0431dc243a7bd823
d12605831b4ed27de932d735dda414b5
0fa4367ff880276dfe1c354ec6cec82c
e0b2e0852445c865d18ce847f7281b3a
2e17d41a1e10c8350fb5c738c64cec25
0f581e7e243d2fa6eeac02eedf9beba3
2aa202a2fcc2316c0fb2fa26c6fdf3e5
21d424adf784f67a073c0c082cf9f726
fa53018ed3fbdc64ea1b0d7b0a18f118
df37e88b1d820e4629bc26e01cd212d2
e0b725281b29e2d3ff54d3322ce517f4
2c42fd80cebc06accb431356ddc7e453
369ee81bda00e4ecf64ac9ad27a6e164
cc7c0ed2075cc9b3ebb2f6f0dd29f77c
2320fb8c377d2332fab7f3b9ce66ed2f
2170cb93e2ded8782a9002b7d0b42918
de323125f6d7f5e3f50b02053247d7fb
f6d7e35e2eec1b1ed4c733fee0f51f35
0dc61236de9512fde15fd3690e51cd86
1c7e039edb65fdefd7ba3a691ac60bc7
c60d120b162520700e3aef43f1f13097
107f379726d3dfbf0e5e0b4323d5d9ed
e1c4f6d6fcebcd630b3b27c3276a1f64
f56e0769368917dc2548dc7d1640e8d0
e914e7ffc5aa370b06bed46b345e190f
c9db168b14421ab527e40ed7ec192599
31e32ea5d40dfe492f15d37123d3ee57
2800fc19cec7fca9d3281eacd8ccddeb
db2d2c8eccbd217c0286daefd37a38fd
cf40ea98e84f2251ca9ddc50e7950d03
21d83796d0312eb82c2bd32acdfcfcbf
ccbfc977d173d1f406b117522c55e9d0
f48bcea5fb9a3570f98fd559ea39e012
e52a0dedd391108c18552eec263cf89b
1eced6eaf39df5f1d10b226611ee31ec
fd0f120b35e102c9df5a04e126953005
cf8506191352084401d2c82628bcec52
fbe514fdccfc20fe2285253ce43a0f13
2ccdcb681601f598f28b07b301391ed8
dd7b38ff1c27018e2392e61e1864027c
d62ce4fce2091b48dc5c1b78179a2c5e
027e11c72da7e34333380ea80d9c375f
df492913f9841fa1ff8bf7682473261c
0dae2818cca22b5edc28f1f7308a01cc
d2a7fd412d0d26df0aa70905e672fc89
d533349928f5f3d42fca29e6fb76cfba
29dc28ba119dcf05c894011af7c40c2b
cd5be2c30c4103571ce4e392ed90dc80
d7420e47e625d557f6cacf3ce57311c0
36f9ed4e24c33610281ef6c1313f1efb
2b0bfcc0d97636dc0df6398e1dfe164c
0e4539e5e6bc33cbd0fbe45be63eca00
da0efd30d399f17900f8d7f32adf2811
f21feb5d125ee76b30902abef2f3d0de
28fae58c13f22d20371e28fc2fd6e8ff
1c93caa50169dda914b9fadaf471f140
30bed3722fc5ff4bfea6d61703f9d014
e905d7c1cedff0bce8c8066b334c111e
1c720de10bc4f5ef3022dc19e57eca49
df86284defdf0fd50d2cff8f1c85f717
fe4eedf0034e35ccfb9c1ff52227304e
dcc216ea1aecddd9cd9fe7ff2d69e1da
dc73e22212390102e2f41181ce3c26f9
2726e438ec361251128adca9046ee3f1
e5ac05ffec4d2e8addee2b3e1e9838d9
0e71ed122865379626c6d3a5121f1a8b
2079cc76ea68fc4cf01de7dce4361f4d
2628c960f67cd72332a8091cd8b10c29
f20be2d73283ca54c6c8e7c8dfc4c5d1
d914db1afdddea58e04fe74a10ec21cd
c9d2f14cfa05fc7f06a5d24c2ad8f228
de6f2128e2842543ff9a1120dc12da7c
377e0f261fe3345519fa1468ccb008a9
0d313040cec418001e69d711ff880028
1a6cd4962306137d0a641ee43660311d
2e76dcbb0574de10eac6df4cf2341b97
24e42ecf32222ea4e0e636fa01383580
fc2bf663e24df619c713fab30ad1db87
1903364bde98c811de201a4a07241397
d616233817c8eb873392251fd07ac999
da86056e2e42f33035e50bc5381fce66
f0822c1f206212cd3a07edf21e57e154
1bdccf6027fb1293e39b005bce9a0774
1dfd04b91397248bcb69089e057aee2c
0c5eca4dd994f08ef788dae0d34de1fb
dcff2b8c3a5dcc4633de2ccd25c02acc
154f352525a128f803e0f4de12d71ceb
2d9f3048133de3ec0543fbb106f4c5fe
035e29af196c23072e8b140cc690e965
22eaceed0f662480c913e3b8f86ff0a6
ec743054f33ecb000e490f0ddf242d75
f0c833cbc7a5304bf6622dfd02662f86
d79bd69af2092407d4a3f751347d05e9
34b9210bffadf941fc88203b2bb200d9
cb66d59f0946d13f15f405790aa6f408
049bf1ec01c1d89c113ec864285b35cb
14152fa7f5b2ed64d82beb9210ecc79b
c5deeb590365e6badd30d2c83a2b259f
343a014dcb8a342df67c147bcb910e7f
06c8ca6ce47bca1f3a72397ecb300e79
21951ba613aa322e153af036cf0f343c
061e35183068f0870a8bfca8cfe8c692
e7c0f2a9dbdd062dde67014b052c19ef
024d10be2f0beff4cce9e21a3809e6dc
2c2e241115bee5a42edceacdf9afca71
e0a8ca1c301cdb6ccb750eae0b6e01f1
d6f1e313f72fea88052835a2e8731a42
0d5e2ad2f5c3ddf5ef062e67c6ebc6d5
2e6cfc72fd5b0c40dd7c0e8c030b2fab
22acd7490a8e2f6e3a57378917962ba8
db060b8cce8dc914d5eb07f035a5ebf2
ffae18282561260ffc8ae507099e1422
e4eae55e14fefd6e016ad20b387820a3
d5d2d5fdd481e6a2ca70c9291b1dcc72
2285da2f21f9e17cd572feb1c80e05f0
ced41d79cf51eb012dacfc89f3f4d35e
39b6d316eebf1a9fcbd4dc9039c6caf5
d84af4f5153d1ca92d8932a202dc1bd7
d1b3fa2c3817e4ec332c202cedbd151e
2658ea3fe746e0952ef1cc661ca8e7f0
cb95ef83ef6dfaa2080b249c32dbd1bb
3269d8142e84128434f60351d91bfd1c
09b2c5d5db27fc4edc5ee78ad1533108
eb8ef75627f5d19211e6ee9be45c3866
f324314731e9e0a5ec301efdd838d731
2350f32ce8b8d3b80bddd36f3334d0b8
079a0b3106bc244ee63bf9a52f492556
12380f86326cfe04d04f17371b52f5e3
1c53db241d8bf0a61fb8169c038bfde5
1e9e20bf0ae0d932ffc600573194ce2b
22cb0591e4a3dea53a3e36172971e111
f9c1edf01ef802771557d587caf61333
2034ca95ee1c28d9d0c33a85da05f499
ffe3227e2cddd80f09f90814d4e3373d
2bfce16dd9b7e9390e0bebb0d79dc9ea
d133fe0bccf309b12348342dc7e8f4b4
1bbf0ebb2271eb6e066c1b2df7c90522
d35120b2226ace44323fffd4fa1f307e
f445d0ea2acec7cf1937da36d102c9f0
1d050faec898f07ce25f0f5221d12614
ec68cf8a2184ed8103a81b21e0bd110d
1989df0705a2ce1df305fb86f14b29d5
e3b2cacacc79f90edc41f6a3e41837e3
d094065e1512fa4bde04350b25cbfc19
2532c685fdb2142de4c518dbf452ed44
cd6d02e12a47ff82e1121f4316801be0
36f8c8d2cc5a3787e13cf734faf4d7fa
1e16066c26d5f4840071d3a2e5ebc979
37a9c693d8a7fa7eee17d31f091d25be
3a0026c1e0741345ef9414680fc30558
014a16e4dbf236fce33e22f7e53506b6
067bc606f2c8f0031e4f2431e4e6cb89
2ad9e0e2083d35b6f86506d5c8821b17
d3b40ae90feaea54e33925162782333a
2742e9a2d253d7d40bf1075207fdc5db
36192326e8d7fc650aaf2ce517b0d12c
ff4d0934c7cdc8dceb5fec40cb07d489
c9a1ce890f52e36d24830deeec23185b
da821c1f36ed04f21a7105b5d149d1aa
27d924660a2c31e5e757d765fb90dd82
d54bde330259ec89eefc08b21a99d853
239ccf17232537a3cbc52983d22adb9d
f876e9f5de41c78b3934d837f382eb63
0971cefdde0acc0f39b32131d28d338d
2992ef88121feec709c8fcb2dee7c76b
f39bff0de667cbb3eafbe2a4d6b1e5d0
ef0a3450258435460cdaf78806273561
e8efd5970ea3c5e2d2731fc700190530
0fd131a8edf2003bf029cbfb3643d236
f8431c22cfa2fa5c1b1fea0b0061cfe6
26a7f07ed652e8e0029b2900dd863353
d3a7dd4fcd00c728f2e4eee1e670e249
3211f09121e5f32cf21e0cc30d4bcfd5
d27009d5cc8b07361026e3082d68eac8
37bcf38f2fecfa9606fe1df0da74154c
170e2675d5f5db2ed9082c9217631166
027812ce13dbd5ba386d1e4a08b6e0c0
cc4e1f6d283b2abbcf64e8f3f6bfe523
002ce93adf1edf54f3bfd072d280d612
e495caebcdf3dc2ef65104c2cf9a283b
e82030ea24adf2e1fcfa1e49d6f1ebb6
f9923639e76d3767cd601fb7fc2ae9fb
d8860820e47102c20915f3a811bd0aaf
e3ffc70c35e81d48d5aa05ffc7a61f03
2a5fcd01c7d3134cf839f4e819b315e1
1618d94f23d72018eaecee4523ff0425
038c27e538e33269fc8a24bcff22f266
e955f6132a8ee320f44f00cf31550228
1fbe20d7199ff924dbf8f0e8df06d833
0f3c3975e3ccc589fd2ee51304e5c592
32fef8f1ff75ee6723b3076a16bed156
cb29d5a536dcdda2e77a1224ef99dcba
03abd18334d732f7d42436ba3a55155a
e7dad74c2332d03c38001a501f48de50
03730d8c103816141ad5da20cece2c2a
23eb310f36fbf233ec54d3d3ccbbe068
0cac1ac60c15d139dcbf3978002e32cf
087ecdc2e408f2c9f2261ae419cd237a
27e3f251d94f11d2e4fdd529355f1b1f
34c91d0fd530c5a2edef03dedb410515
ff08f1befae1c889283ff64ce9ed29ce
0dd12d420193e4651abcd1c83a8b10a9
2111fcb0002eeab7d304caa22a0ffd26
372fe6cbf7e20db1d976ea6d0195d247
1f0300343909fe72f75622d2211830f4
074d146ece87c98edd19c886e920f3db
2274268f27f7cb67d78620d13417cbe6
c832f9c8161bfa4c2117c67ed96edcb4
3841c735cfd2d0992c3dfcd7333621c3
33c027cad0d11e09ef542cc92d941b7e
3703fddcd103ccd9d95af5b22a72dd3d
321e18e5353c019eea90f2a8276b2205
efc30e712ff0d1dbe52f2e0c38c7d944
e09119c7fd81e02f0e4a104aee1ec7d5
33f50df9fbe0064ef5bbdb4ce6263180
28e81590e1e71feacd311c0e08142c2f
2dac0420da6b345d0d01c72a17bae263
332f2032e78ed7b22eaf0004c88ce702
3560d693fc6108b9fcb027b81294eca5
ca6cc7132d7027bcf050d7e61a78cf6d
e7e913e1fe14fbdf0413126c1a0cdf67
3229366a28d10788e68008d935e6fdc3
2bb61432c64d206cd34ce28ccf92ea71
e42c248dfb2536af08f1292c300be3af
ca8f32fdf33223edd4511029f5483996
f32ec60cf7b9d6fddc8406cf10bbcf2d
25d9f740272cda2ad11f2133d8010147
1bf8e4d61a18c8c72ff1eeb3f392ddb4
1728016611a3d2a2e71df5980e52d238
d2fd145c2d703065cc56186de2960823
273acd12dd2ada1a0ff10d1cc56c0409
ffec2dd22eeedeee16190a383084e1e8
2d3ed06cf386cf401512c9e1cd7b08d4
2360f1e3f4a3fcc80f19cd1bc6e0c6b3
d1841f4acf4025161505e095f02c0b2f
0690217636da27bbe9a20ed81fc92764
1bee0a55f991ebf6ccf73717d2cb2557
38be215d281e0c4d1e26e046d40b2fa8
37452ea7fb7f0b7833eae0b80b11ca26
cdf81c7ef94cea6d0d4809c908e2181d
ee6ccce9e4322ec0dba5cdc4f6dafc2e
2f84123a07e7fda50fadf1e61ca4064a
c6b41be8c8e81a38f19ae0aad190029b
3857c6471fa423f8d5caf3fc155623ac
ca9ad82e2d65f30efc7709d4e3f827c6
e144e102f9e3d5c2d816f7a3efd4f9ac
eb8a36d92e1416161cd00b6423f3e566
d16d029b1f5c13c329bddd8613860b39
d0b41fe8e39bdd15de5f36cd3027f3fe
ed5de82826dce03414e12feb0f8bf34d
33a1fd2b296611fd0fdfc965e093fb9a
259a2082ddf5cdeee95df0cadc8a2f6f
f9180335048fdd1de8f921ccd3faea8a
2ce521922043ce2e182001f6efc51adc
2ffc186c2dc0f9b5eb381011077fcf53
2b3429ee06561d5bfe3dc9be2aaa35b6
fc26f7521127f34405e9262ee4d1ebce
d8e3d868e0d41e65d69d13ded231d345
2737051132c81b040f991d71ee3d2698
f76dd98b0fbcd3e228a5ca4bd3a1d9cf
1d6aee5dff581526dd833321ebd52747
079fd64f2c99f759fab9da7004e9395e
0f1c281d058ed6ed1d791b39110fed1e
e5abd70ceabe379cf36cec77db34fff2
fd16032dd49eff8f145fce29e38d029b
e8a9d979f18c2a050a742b4ef5181338
eba90557d73aed8cca7deb5411adead3
ccd4d07d0086221cdcea243213cae822
090d03a9c6b41388cf6ed9a6d755fefc
ed03e370d11a0032e15821af14cbd440
cc66dc7408201e5503ad15451b2aeb7e
cc6a26fb08dcc9f132da0cb9e6152f3d
0ac43463046bde9bf08ae46aeed82fa1
f7612646d8bb284e27bc04df035620f8
39f1dec70417004a07422ef21d4830c5
14682e57f4e1ce040e92ec9df8aefe07
013f266902e2efa1fdb60ab4f19108dd
27e4cf711713014f355ee78ceeb7f547
3759cd91fb2d1e74fc1b0dbfd6700bd1
3989cd53e55ae6341997c71bdffd123e
e680cfa21631fc4c145d17f7e8650ed9
27a3d238ff98253e227cdd5d2d90ff6a
1bb92657e413e25615640e461c683a17
fc4c2742ea0cc659fcfde35bcdad14a8
f09b0561fac926ae22e3f8d2278fdd52
2a1f35bd325dff61ede3e6fcd6eaec3a
34fa2a8c2d00255ed8751a1729522533
1565eff1e5810cb316c9ce440e9429d2
fb5b28c5e7a2d37f36aa1e70f5b3cb80
cc7ffa32d18dd8512b83de9d2bd0e2ec
d721ed53f7afd77c178125d9cfb83627
074edd78ed8bf04f05fa001825490401
f77d11772e373a910e05e5fbebd5141c
0ff71359eae90af10af4298e1185e7e1
12f8dceae688d306d1c225bed1740541
1911ff30193bce84d4fbe35d23a0d442
238f175cc8fcebede47fc6e90fe03075
3473e106398afea3dbcd15fbf27c2bfb
f245ea14f21ef9acea9fd7a60422eee0
f96a127dfcfa156629aad4b930a530d8
ffd91776195c279e20fdda5ac958f191
e996dd5539d4029e12170c05e577dd95
39fc038cdca5d5d50067f39cd9041e23
116eeea9cd11122b2d7939d529e4201f
ead3e990376e1768c74e0977081ae057
dd441a5ae78e35f51ddcdd7534540970
d689d87bee3c095a16e6f5571f221191
fd240cbfcaca36b6d64cfeab0ef12f76
0b4ce46d0646369108ef1910c6d8f943
cf6bf0f725cce0c51acf20b0d9b30924
e641d647f0862fede1fbe3130dc4f1cd
1520391e1d6a06cdd5423229eb90049a
f114304107fd0befd164d697ec3efecb
cca6f84c13dde72ed63bd41100adcb6b
de6bf79828c7fe48e8700eb3e529e71d
cf3fde94f89d0555dcb7dbcc128aff49
fc570a823293ec4eea8f1265eee6050b
099929c8cf180af2fee90574dd8fd248
2e61f8fdebaed5192e76f54804ea226a
034c21fdd38e0b2114db23592a9fe267
1073f4f7ee91fb2b033d212ef0f5fa57
31b9e1edf51528032355d23fe8d8d6ab
3781f51c0405df5ae03738e6dc00d4fa
21ab2dc0ca53170a284400a32e4818bb
cefa026ddec52462eb9d28a809a602f4
cf900283fe292d9c39e9cb12d19e2968
269a3a272f92eedecfb3fb1ae27c083f
22453406136935f30d4317b72763fb62
0864091b1bb2d72b1fb2d009e96c2a14
e7f3cc652dc5dae5e40df2cc0bfae8f4
f756354b38b8155f2c36f8b23a271f1d
f0ec2c6410f1e18ace4821dadad6d8f0
13b629b8d2bece792ad7e730dd521b50
cf602388db480965f82c058afe18007e
f10b087ce1d41a790ecb39411f82ea71
f45bdea2e10eca83d224f1841bee1966
f59917caf3d90da3d390cf27e3a800f2
22ee0d71331deb46dfea2d15d14ff52b
01aed71bd7f72db403c3d06feb5a0af2
c6ad23c4350e155132ee16d0dfead145
f58cccc4f122ff0f278fd44f2cb81dac
d68cd437e27ef9c1cd16e3791fdd22ea
c975f5ed20bde9010e8bd82b0a57cf34
060b20512f3d2733c5f1d3f11710232f
dd8c115bcf922efc089220ce290335c5
099f21fc00e71e1938b81edf2c34e646
e9a9058eeb82d819c5dff9d2d98e2bc8
e90a2c60350b2f4cf4061b222bf1c83b
16e72b59290decb5fdd030341060ca04
321ffbe923ca1aad0e42d026df59d010
0ab6232efc022664dea8ed1ddf72c8bd
265ec9831dd7156f11c0c7aa29b118a8
05b0f3782adbd096ead5fb1f2d123102
d2cc00f0149eee34d00dd5d8c61c31b5
dbd6e313c8b71bba17a8f9cd2ce7f53d
1d46ffe52c51f9ac02160b3a2afa15ca
dc0c0190f9f9f5bcc72c291c0556e645
2799305cec37f834340e05f6ff702118
2f62f1d40448050c0aecd6f3cc39359b
ec171a76e91e2ae41b59f9771de4016b
346df3cfcab3e9392ac5f3bed32b1606
2b2df7abf0af18a913a91d71c70d1f79
daffcba4ed66ccd413befcf52c68cdeb
327c3405e60ae097fce9266ec694182d
d35210efdf8cf852c88c1635ff000d73
d36b2871d8310386ff39364b1221fe90
da76cce9ed9103263a632dc3257433f3
d4b503573897e9d51e37d4beeca200ec
cc0b18681f0a1ead23b2069e02770728
2753c9c60bcc39d81f0ef900ccd5382c
1bdedc622250e93417be22c2307ae6a5
ffa01958d793111e349f288ce720ff44
07882c44d512df8602f9ce7fd879eee5
cd77f849d77b0f801508c879c8382a67
fab819a3d5c3f66032d8d855f436ecb7
cc83d0cef1530845c9e9e2951ce8db40
19323493e12c2bf3df1cd59e3a6fe421
15a6cac234eff91521b4028bdde6141b
079ed6eeff85ffc90a1b287027550b79
2693df6a0a642913261d1179da81d560
22c92ccb34822c9dd31f245f163eff4d
f9ce1919d15a0577d892d29ccb69cf94
d52ceda0365ef90536cae4ad215a16e8
d97729481ad92965dbf01f681417d625
0ab31d201785e070de0e376c1054d91a
1b74c6e9333028a7f920e0fd347b0d9f
1873cd59dfe8db4c1648286f039909f2
e436f02308170b1a30610b912a1e0d3f
f880f9edce702e45cab20688158cefd5
05ecf551fb38e9cc0cb6f6890f4f04bd
cd75cb4c335bd8efef5816c02f3222f3
210dd28927d72251fac5340c078ce7ed
361e32e0ecb90d9dce9d33a916efe88b
d6f221fce537ffa9d817f4e4201ff2c0
281035241ba7322d23631c7deb160da5
d6baca07ffbffd3af409fc03fd8d2bd8
007727c918e3db2dea4cd3a4f434e002
0ad1e53f3437fa111561233cca2a2717
ecc219b0200c0492e615152e251bd5bd
31e7c9cdf062e9be0d27e4751fd021e6
3357e8ba0640d01fd845f089192cd23b
ef17ff2d333415ebf010c72d047e33f5
0647004e03702e263579de551233ffed
dfccfdc82f5d0e7e26cc17b00fa5318f
fdd723801890e9aaebb62c24f54a1456
236d1bc9fc71e880118634fcda7ceb62
3820dd8d0a3b263bcb8f2d69d0040806
fc1b1b48051aded0222a376af64cf1f6
3067f0bee8d8ca65e4cfe1a4ea7af653
f34ddb76d96537c1329ecf26fc9b386b
d6471ce337b5cfe3f8db120028b2cfca
14ffef50d5cd16ff1c8918a92eb2d719
e6cbe3cc0116f4b00389cf0b206cf862
c5f5d2a42b2c23d1df082aacf5c6dee9
d130fd35e42e2f44fd1bec9531fbe52c
1e3ce029d3cf1bec2a671c651bc8e697
29e1eaffc5b807a103ceea9623d6f39c
2cfaedf3c5d4e2e70bf4c86cebee33ca
f8a8fb401c3f0c51240610c3d3d1d6ad
d5c1de2d08dd2a60d652f62ff23fd3a8
1d19ec68f8432cdee86b1394c74c2149
e2b8ef3dfd6d29eef3a9f07b319124e3
03a03479e44017bfc90df174067fdb7d
03451457cbda3140ed59312fd89b0c15
13eb2432003f373d01381753df3bcadb
f4342afb0c841e7927ce03371538ca71
d998f3e3ca0f38c0143dedbf0e3acd90
23ac0a78ec920cc906cbf86fedeeeb13
eed634091311ca1ff0bdf9e1309ed2b0
fbd01fbcfd0ccbb923681fe0cc9cfc0d
21aefba3ceb7f76bf94ccde3dc650f29
ff1eef8dd97ef531dc5c20bc2c05d96a
3914ffa701eed8ee360d0a58e16731e3
01f1ce01f9e231ac2048dc541379f46c
2a2b31572dee2efaf6270575204b0bc7
f79038edff09d066f9b4c941cc3518ac
264d129a37f6fb94eca6cf69f5b527ed
cdd4dd1dd51b23eeef2d331af8eefe34
c7870ff9ed7c0a44cc4ff88feea40223
1533f4e1cfc6ca360321fedb1836e3e3
2977f5a3d11307f32c58c677d155d5be
0bec0e4f0eb10741cff7d87d362ed79c
c657f0c0dbe923e0c7b50ec20f2e0957
186632a7f97b37c620b619c813dde0f0
228cfc5ff8780cb311c4e04f0162e92c
ef5be45f19913399321df652d3c9d378
0d470fc4d307d9f2e694cd87e108221d
ebc0f79ae3f1e8eb0005eec1ebcff05a
174ccadb18abd2371cc91efede9f1f08
3598f0b8d5e6e05ef76b145010c33723
f4a30bb4cce1fbd030a429cec8ccf00e
dcf4347b259be5a0d68efdef31d2c578
16f22d36171ae729d68cea783245f518
e14ac8ba3526215313e2ff27d43ee8ac
d2ff1532fd2ff4d10c57f3dc31962a73
121de9aa0037eea7352ded15386b36c2
382a2a59290ae2fccd70d9210601cc08
cac9008d296ef388155b08771a5bdefe
d4a2f632309f072019550976c89f0042
0cd4cd51eefec8e9272a367210a31d6c
e3b338d9cef501c5da4ee32102720e42
19e3fe77f8c5d742e92d305ac68427ef
c9c3d8dfc754f6922601fc531849d908
c817fc72d1f72366152fc6fd2108f596
2726e5a6e511d0300172ccf526c62574
225df330340a38bdfe93fbe2d434dd4f
2aa5efb9efcf13b6f76cd61dc6aa333e
f484f97f2636f811346ddf5a02a4d1bc
e29a051ad399d533ea89d8bfdd9dd71a
fc2cd556eea52077fbeedcb7eb68d9b5
f22cdaecf91427d235c0d7c935e5f9de
3073e2bc2ee23502e4a7f76d1e7d1db8
dbaccdbcfab11199ed3a10261b33cd7c
e99c0efadc2033f6342cd218f6bc1448
d525d28bf95237133a87e84c02e2c6af
0014c913c603d98dfd71116d21a7fe0a
0ebbcb9f0e38da9afcb711c42f51dd9c
e897149eff761509e7cf2067194c2d26
df52181202d6303bcee213df110f05fa
cdfd059e0c812b63ced7e7450f6121be
044d13f70e72fe37d5ebd3a0e3a5e4e9
cffaedf9ed77fde0f6f41101c5780217
e9b70a27f9f0f56615bd33b12eddf742
1d97fa6dff9808b2d50bf637e8e8155d
e7f3e33530e600c3143af17dc7150506
3396dd21373617c42b45f82cd8262ad0
da00fbaf33e3005be0990f87c61ec98c
2509fba8d46ddd2cd6360cfbffaf30d4
2b1e2f46f007cf772a46e501101b2fc6
1333d8301f35c9bac87de3ee2ec02cba
2f13d6e7fe83e18e31d8c9aaeb06f199
32cff5cb06e6d3b929b6d3bcecd0fddd
cac3189cf957ced4f6fe27f1e06c0933
0e61e156e222cd9e26c434670c42384a
e026dd080a6d2287c953df89dfd51630
dae31ea80751245e06851ff9e765dec7
cd1ee3a6ea7e169b26cd158ccd32dd90
244fda58f8b33226f477e842d043e18d
fdcfce83e0293a68fe690a092af81cc7
20cef63fddc9246c3046dd47c927ca18
021be07cf1fbf7fdd023c6e310f41c39
fc6feae62fefd8952d222eb6f53bd713
e084209613b81ffade94d9b42d8aec13
3548259dfc54d4820d46fe09e52701d0
387dfd4fcbdde471f1930071eb89d8f9
0adccb05e72822f2e363e95814dff945
dc00cd712447c631e3cfca39e25fd466
0326fa50e893392537e5f4a50046f266
c7a7d797d667038bcdc6015bd52c10d5
c7b1d1c4311f1215d6efd3a117c2d164
2d1313fd1b711682e495f1bcfc461077
c6b3d775e0ffeb3be41e09cad3b012f6
efc1c91ce1f71c52e2c7c5cce79417ae
2db7cf3c03ca0018ca2120e62e80f0a1
283016d72e0d1c7ae24e1ac7cec4151a
21e2f4e3eb3c21dbf2db168bf5cccd24
037434e432b90e31e259d69ee2e627a6
cf75eec3166c37f7f9bf04ef1a1903e4
e95fe14d24b7e85ff3fd1a15dd272f03
2ad230631b3301d71d18d95bf221e662
d4f612641a113466f2e031080bc5cce6
06def065d700d55327b8d0fcca801349
d5c727d8f05f0f8f0f430c69f67bd982
0e13f3952dd711a8f65fdf4211cc34f3
c7e5febad002cbf20cd0fdc41e323653
e1bd25e2e6600ea6e85f00b721f70af2
c984ef232f9f2c3debe83184e6ddd810
2edf397b2a4210541e50f45a37c80704
ea74f100c879378cea83e1e1c80400ed
eab1389911edf174d1fde1cb206712ee
38edcbae1fbaf282db4b05632f0a271c
c77aff8bfd101662d74bf6fa1d82d512
041c0e361e3d04182ddb15b9e62404a6
1bbcf3acea47e35e07c80e9228cdfa14
32e5df9bd57d0c7cc6cbf1fe376be686
34bfda64083b0860f4e4cd491fddd46b
d1d131e3fc161f7be08b38bcf753185b
dca308d50244f9a8fabd1198dd57e6cb
0d3c0507d95a214df5a71a46fcc5ddc6
d8f4009523bff234d891e106c9781b68
05ce334f1f82042e1af41a3a1012dca3
00ea05bfdf2e34a40251cd3ad57ae67f
0f80e5d639e5d5f12dc91ca6282315da
0bcada84efd33a55fd3cf2e4ed1d16a3
2ef3fd082ee316c5e00300cf2f6c3a84
23590a5ad26fcd90e2013795fe37d81a
cf22dc60ef5fec0dc5d32f37fae3fc3a
2f4b1efb1e1cd02febd0e8072c5b1710
354b1d67334d0475f743f3e9d62bf040
dc64dce7c9b03902e9cdd36b1ece16bd
2f1d2a0902f50c59168cc9cc2046e152
0fb109e23164ded73a632462c9cfd74c
f2c71d06d271dcb004db39ea0924e1e9
02f5dc05328934902d17f13e3564227c
32a71640e8f813bec9e3192af319d57f
0825ed4dcbb2004ed712d061e8d827c5
f8b9ccee1e6e3a66c7cbf5e9dc6eee3c
3829321439ee2a9febc620232a6d13ac
c72322eeda47d2f7ee1dcd7c049e2a51
3925d8a5061eec712cde176f28a4fa71
11aa33363a232d5fd7bf39b60a2306b5
03b3ef2efb5924f6d9182cd2049ef6df
db6c03c2f0f8fab7152d0107fefaf225
e1252454ea93130e2c5acb6737851a88
374fd1dd1583d52026ca1b120a500013
d358d8cf2e1b0d20dd84cfb20e6bec20
2b45f0c7d208e7c11c1d2f6902fe1a32
e2f6d68fcc07ca8deea7ef6c08170d60
d38d26e5166b2cfd3173216e2e4be04a
2a9b0dc2c67fc9d113de18cded161300
da7015192dfad55438add3071a6cdd1a
08e9dbdc0fe008c20140f9fb024d22f9
ca71def51c3dd7eb17b92e32e155f28b
f6d416bd1f79e8bdd0aeeec622deca2c
fc2b29c0e4032511c9d51a5a3a0ffaee
e9ac1cb41775dd08346f2f2bfe873110
fadc12eae4ee14c6dd91fe920e552874
f56136e1f622dc44d4c4c9bdf83d0884
c937e88eceb9d828d0ebc6b1d0efcb42
f582d3e3f9a11674ca0724abd123d65e
ed6bc6cc1ac6efe61d930fe0ec3939ad
050cd68e1157e66e0a4c2b20fb781114
196afb6de178297602ca07452e830bde
e56cd1271ea216c0f20d1e0fe221d7b0
e1b00d4defaa00c4c89d28a902902979
ce13e0c9e42f395fd726f0eff32ef541
d06f167ffcc7c925dd241fac079dd4b6
049625fa070d2d1a0529007f05f3dbd1
c6052faee214fc3cfa3412eccdd2e497
248e250cf5e1172dd69218b50792ce0c
ddd22aa7fe3ad7c3312dc78d01f4c6a2
39e4f27d32f2ccf0cbb80fe9fc911d5e
f8b708ddf002e9f1f3e1f90cca980660
2ce7f1e62a020e951a4f190733c92932
d636e889e18c016700efcd41fdb7d2d5
d320016de193e2b4e2adfb5e037f31a5
39b0f53de3ecf129f316d40f33bcea98
e149199bfc55e1b321cef5c733c6da74
f545dcededc1d795d629f1bde84fe793
e32608c3df36e70900bb23dafc7738ad
e2602398229315d3c56a2f72c9260b35
04c31ea3f2c2f8ab216c1281cccb0941
c797f80aea6d3a6fc925f5b7393aeb31
fec5eae62f2213c930683460f2c8f885
25332144fe77ffdce6860a752cafd019
ccd22c39f35d2e6d21e623a3cb6d0f9d
02f60decf74bd459f15113e9f7e1f07e
1c0818d4380916d2c688efd6f1751148
00790c11fddef4840022c8ccfc4127f2
cd83dc4f23aff49cf2b4d9cfd3f8e747
e82e33ed3815ef7bf376f77c2dd511c0
d9c9d7d82f7a06331140fc5fdca80bd5
cc4de455fbd3f4d0293739ae1dcbd0d2
0edf32bb273f11b90040e4ad31f32b43
0de6f4b9f92ed3ead31bdedb26b8fe3d
c8180736fe0a31b1cd54f9e7cdb1f5af
07d72d0cd7d8cb7c1eb21e2810d3ecb6
d2060e1f21c8f654f6391cf51cfeeb0e
efbfc60f1c0f276bc5b9da1e109acd48
f08a2bba2c7001efe7a2f760cff1c8f4
cd55c606140e3320eb471d7b0b133221
fa3e32d7ffc4e070265127fff9af2131
39d3113bc9a92d4330f23407e9d40be3
0ca4d43224fb143ee84a283addbbe56b
e918f592e70ef5cce085ca48fd5d252d
1f21058ee3271e76f774faa4c726fcb6
2f43fc0ef8d5fffed78b1a3e36a3f1cb
f205d28c0248ed5bd67e126bcbe43004
dfc52026f468c6b6dab9350de472de0b
1f6f2a613a05f4dd2ecdd2100d6fd013
df82eaf0157026dc0dd0f4fdd2fdde23
34c218060005f5813983dc5a1057f93a
2c1427ed3323032a1f052e450e71dc9d
cf54e3e9efccd608ee88184dd27f3322
06a329b0cbf32f02ee7f109bc86fc778
22e1115bfd35da54dc5ac736f402c80e
1addd5a01484f698fb92c5b41993d750
f8ab08f9e48ef014d7eec806186a16cc
e263cd41070cec0de59928962f6e2129
2ea831491f5922dc1347ca39fa810df1
025121d4e39ae0df1097d5cc2e72dafc
2938d34ad1cccbbfe551ed12e275242c
fb40db41e9830ddaf3f4e05bcbc0f017
f10a2420c89603e5d18c286a189af0a6
efab209ff2abc60f1bf9de991768183c
ffab2fb81a5df242e364c927cc271dc5
f1901525cf4d06f41ee3d052e55d2247
d3fa066037ef290ee231c9331c02f036
f2c8cb6b1255d076da8ce14831fdd71e
3220f432ced9f6560edf2d9ad80015e9
cfa1fddb2a190958096f19e9f0ac0a20
1f25e280f4bcddccf56402fef42bca0f
1de3d3c73325ce1935dbfc00e705f759
f8a9304eecbacbc5d686fdc7d2692dbf
1c981d9e0e4af168d85dd45707d5e820
de7cdb08cf75059514b4153d0ffa017d
cd132bf72364de5135b2c5abe887e802
018d2cf1dbe221e8e88721fa147cfd0e
32a11128d6cacd39e5e30c930ae9f79b
db32129b074001aa2cc8fa6e1fa1059a
109131a239502d90eb232a83f12f3164
1a96276c3479da4c181d104b39f4eac4
d2d5cef1017200bac9ddf755f63fe344
f5d2d462e27e2f9e3347e7a72239ff50
1ca2d10ed32edc37fe4f26571058e81b
e040d05330802dd82c17e3530363dc8d
17c227adec29da5e060f053fffd703e6
ed18d2b01ccee1fe275b2c0e0314ed31
309939dde18338b7f370f880d4a1d2f3
cf0d055fe680d0f3dbfd32be13c22027
ca0bdb61e496e9e1141cffa2cb6e2b31
02eb31b3e404f3cc10ddd9d5d28bcbfa
f78feba0cce408790a95c7b32a3f1c19
0c76fc7ce1b0e8b2dd15f002195fe93c
0527ca55f3a9125ef5dfd944d62c044d
ea3a3017e88a376922281876e524e2ee
fd6ed3dfff0321bfd94706380c3cf641
0ffe11b325e5f4a72a86ce73f12fc6d5
ec26f278fa2831c1f7c7c6a61ec91ef5
f079060d2f3dd99af7b1c6e6178621c4
295a24ee149cef4d1a4ae740c669f518
c9eff8eaf993ca310ef81099050afb52
c668333d073d05b0eda3dedd144d214c
d20c0694063031a3eb362a6b294732fb
cec42eed0b07eaed220030b727d6c666
e75fe5efecd1c8a6ef4a03a0e7b71b81
2c8aed9c213df90ddfc0f0b30c3aea57
ceed111f24f605a9d0e324d1c6f2d13b
034fefe7f712fc60cf03d2ae0118df8f
39831aa2268f157316c53684f7fec84b
d3fd30e92d72ebd0de84e5b307c10850
2c440b231529e4d111fd3a26c9cbeac1
123ade170e92f4a1131ec91f1a11d43d
fbf53315283e3088136f20b539b7ddb4
e9de3761fbd72a5d22e4c6fce2daf2b5
0e14036dca9ceed935e9e3842eef182d
3416f544fd2a20433923071ff10f0fe4
e757e64915d116a0d4e0310bc6292c99
2ae0e8181bae1827e0002062f9ca2d7b
db1f1b56cc9a14cff71c0462dff62070
fd67d3da1075d246f617f2cb03e2e864
0f18fe2f1ed0307232d8d220ee92db5b
dff1170ed323c9cdf8edf0610a180a25
cdd00c7ee80d28af396936542d39d132
cd6b370a097df87fead32ec2d28bedd2
f1e8085e3359d5152dfc1bd8f6b11287
35e4eed42614d1a0c5850dd3ce04d063
307c064900c7ee89313d2442d0c1c767
e1c3305ed5ef173d27871e6820d3e7d4
294a27b8e6fa39fde41914360d9fd0f9
01db1c74ca6e1cf3e124f255f33bde0d
dd22d0e31a22d9be0c73351ecebf358c
cb54e6553118e2f7fd8edba4293814d8
f1ae3143060b26b51b0513e1d4cf1db4
09a3fe1b0b2fe7fdc626d4c1101beffb
c5fcef0901d12463231b2d75f91cdef3
ce6013bd0ebefdb0d821e7cf0ae4f676
e9c9df33d28bd076c6442855d3f13972
fcd111e323feca4a2bcc17a13848fbe2
171c2c1008e615bf38fc3167cd142ae6
31b8231afd1b176de7bb0f39d9d63058
38693580117e215b2eeefb8125e2d73d
1257371cf2f1e9f1f13dd7e4d9b3c677
1cb21fcef1050aa8199d090af162ed03
39672d96e374d398d304d21ae26fec73
2c6427961583db55d33134a9ea81058b
ce7929441102f5963337f42a1fa1d5f5
d72c268ef1cdd851eb6123ebfd44f077
d813c5bc00aae496e554dc97e784f5fc
3947286d2ca4f927e439df3f0bb4394e
df73de8737bb27df20132180ff25cc4e
f741fff9dcba1fcad4eaff8d155b0814
ffce05710f94f8abcc59f55fd5f00e6c
fda4228c1c461c52ee1d2ee123da36b4
17420dd91dddc56ded630ef334b3e224
037a15392428d8072a8c2935db61de7b
17e0f09404ffccacdb8301e6cebd3497
17d7f1bf0533f0a625bc03cde002d561
350fef25e1b72f042ae7fcc1e64b2ed6
ef1a14b7ee47e3c11b60d45a1dfaf53f
fc5c0477199bef9fc80feb823a40e6ce
1b42ee82146dda23f536f5612bebf315
068b05d4f891fbe424a3295ef890093f
29e60342c6132e0a10acfd7cd20b2a9b
fdb82a0fdf853185c9281e61190bdad1
ea97fe81e7940b78147fcb051cfd00f5
2c67d677de85ff33fdaf297bed99ccac
f02d1245260810f419760056e2d20aa6
fc71e67dfa072d77f70524c41e1de674
f1141e172a7219fd0a87d8aef8a426d8
0f4fd5f1349518ac1e48c68ae6a0329b
c718d723c95c077afeba27d91d0bed76
0f97e49835122a431e7a2677e3f925be
2a3004032e1838dc181bfac11f6d25d8
3153d9fe2b47da0a330918c1c85b35de
162205a2de673121eebbd83b0a79ecf5
ddc4ea36285fd6e03021f63ce599001b
c9c514ea240fcbe5df1af03e1934318c
014801a8d941d2d3f98007d5defe0221
e709fd68e0462aa9c879cba519730ba2
fa4eded715590ccf209822f52dfb1375
07b50991ec330be1daac08461089dcbf
32502d49d19c1cad0963016cc9c92a45
2ca02f10ede1227810a50261e84ce282
e7762fa2f970c76a14c20de7f61e21e4
ffbf0ffd2b113548267ad2a0f59dcca8
1109e739d1f3ca78cf0815dad7ce0744
fc75f60f182916b92b18fb9f133af9c4
391ae55a2fbb0b78cc540d7f34edc8fd
cdaccc53de43204318b1fb3ffa6018b9
f45afb061a25e6cef67efab8da83ef25
fee9fc82f5191965e5f0db32c7122d8f
f826fc7b08201882d33eedfb09012cd4
0b230a00272befb1fd7bc7422f8d1c67
1854229f07e5d84be9d3d797e8f9c808
d017302d11dd1d962609ef4af236008d
d4e3285eeb1c292900d433c5fba6d8f7
0c29ffc734db004a33a62fcafefb0d81
0724f85e1ec2d663c618fca223210806
f397cd02086d026c2c0538d1f581e4a3
130d0e95d839cee6202414a2202a32f0
29abdbd301d2e180e263ef5a04bef8f1
e8b2cb06e22538c92403fca2fddc128a
0fc6e521e88f01a5230fd58bec6ed98a
2c791461db122d8f05c9f9b4ede3e31e
3713cb10386bd66bf17d38cb2c88e26c
e00817e0d98e12c5f3e3c5e9d77d2833
eaa310342d7fe054e77bdc051b4e050b
206f1607f35f0d93fa420bad32f907ad
ea4dd68e13bb136ad64bd9ac2214f5fe
de621d93c5b3f8cee4a7fccb356bc703
ed90dbc90f67da2a10721384cee83952
3253db7c1bca0293f100ebae08f60868
365120c40a8d1a00d69b24caeca22089
026c39c5e20719440315cc3d0e5bfd8d
cf671161e1af036fd399f6fff2ba248d
e408edf523d71f3a14a32778e46ae1e8
d3022a6ee8e901552dc1ee741ac8dc3f
38b7daccd0731520eeb3e30513cee370
21b0e952c583c687147a245a098e0c34
0b851d5ef9ced6aef629385e399dd7ac
e65a368837d809c70ef91b3dc763f899
2f58f677dba82925fd88c7d10674dab8
2a62ce66357c1389c60509bd37dd0edc
fa0001d231952ade353f0e6a39fc2492
2a6bfccd184adadf3108fbc5dd99f896
c7a7222338ac2cfe31b205d32ba8c7ec
e8723497fbaa0356df1a3192d77ef0dc
1413e73adf0a2021f18fe62e289ee6d2
e621df120cb3e61702ef2dc9136bde28
0686dedde6c12d7fe07b167bd74be825
f0c0cabfc98be0de1999fc131a7a0aad
e357ed5b1bc43a24343ddf17e39e240e
cdde0b0af9f7234825cfff493554e15d
fbc12a5d01f830561b06f345cf22061a
e6073483218406b305a9d391040bc992
15572853360b16e80aead9dbfbaf37f9
075ef87e06393a77fd1aed9524b208e0
f1c21f5bf8c9e491e8900397060d1d3e
1758fb08ddd01a9eff72cdf325391747
c938dd7fd6d127e1eb2e3681d87525ea
c69a2bafd79dfda5ca95df87cbd53149
d60cd9b92e92eef928151297d0970edb
05a3c60ec931d85ede1319790b013820
2bdc02362e050fbdce6df8f3ce0efc82
1174c90edc66e4e2eb08ff14ea6ddb1b
fdf81be3d033e900182eca6de6ec1f58
10e9cd202bbee7bcf5a8cc7d1558c660
2c66dd0b1c142d870e18260711c4e3a1
df912f18d07cc655fe2ddda3f770fd18
2358c887ead1d8a4f6572b9aec1213c0
ea542085131d2c03f0c1fa39dca001bb
20f2d7a4eb0fe46e19161b67efe91c52
ee983422e51339c1fa493940d6de02e6
18a112b4cad2fd5de8570294e21338ac
f87a3661fc6a34d6e752f9b0c7e201dd
204ad7e6e0bf189116e1d7c4e513eb20
01580dce0d4b050dca8ae5b0179b001b
03830efadbf2f2f3f8ccc9e6fafa335c
db0ad8d7d2781b8cd95bf8cb1caadf66
349bfd64e654eb02e9f82117262a35a0
ec450b2ad737d2de3a8dc6490dd5f746
2cddd32a01632284112e1e55cb28114e
1f8de9bef043336e1db602b0ee03e396
2ce92b1b254ed0d0111e150ef07c00d7
38b2e08a1d5ff1f52235e74fde082a19
0d910fb5197533733505212808532770
e936e7ffec06dc88c70c2eba1e071d0c
ec1523e1f269f8dc08c32df30401ddb9
ebfce6b2df64e118333b26eeeaa91695
ffde397d1163118ce26fe66dde8d03bf
09a12afe0cffe28e26bde976cd700003
e89fe66a170518c2e99df8b7f54d2396
cac0ef0eef19c89c10bd2aa702ead567
1941090cd6fa3992f0b21db1d0e10a19
e0bacb98e41c1307e3e03888cda0d3d4
37d7e805dbd0383213fbcffded152ace
21d2cc8bf93f0a732d2febd80d401631
f7bde258f22e2d0ed849ca75f79525b3
ccabd89ef868318a25a736db2419dcd6
0a643929191320e3064b0fe034f2f2b1
20701bd62880f65bd788d97c398a0c34
1fef0aeefd95f3b3379fede4c826f6e2
06652da9f09a2008f4dd0687d925c8fd
2ed0d690013412c72eb1f8b0dfecf1ac
104fee94d42c39ffcd7d109a1f1532dd
f14c1618189f06efe763dbac36cee208
f5aa23770e77fbe7dbb8d1ff09c6113e
db8418fc00373a130f611f22d654182e
0957cad9036ce0eaf2ebf73bf343327e
0689c965fa253841f72722fee1ebe480
08ff07e30ee434d4ec35ea0b396ff581
faa9e3caefb4ce4a241f38c4ee3be990
fbe0d59bef6fd3d9c933e0f20d7e24e5
f29a178623b3d45e0db01b1fc5d226af
25b2fbf00d75e37ce01019e2ee1bdd95
f96a2a19c946010f0720f66cf3daed09
fd5bcf321e99db24cca530b02c3ee959
0433f6a7fd5c01ccd585cd482aa60c92
d19806dc2317d2e30c7be35311b91c3c
23eacbb70ca7e24ed4a9f8e9e8983966
1476233e240819ca0f4b299d24d014d9
e2d7e53206cdf383e8d9f769dbc01636
d59e070bc843050cd801394012342e93
107123bd1ee2de09333c0c4cd643e5e1
e8630b47ee441a02df5a11e1c632f822
f153daded696e77b10cce87ee7a5dedc
fe1fd5f1f78c317ed72111fee020d9a8
d9ab016ee5042243089b2bd5e56f18e2
d44731670e93e485fdb70f1ef0140b08
34510be7e1671167fe32247af3d0ddbf
34cedde82ada032204f020e41c18118f
e6c220fe1e93d2a81891193a3a67258e
fc25c96c27c3fa820a7f15bd0320f369
e9ec2968d76332331717ecdcfecbe7e0
2a5cdeac0d400086f2b1f645cb07dcc9
1de8cd343a82ce5817d0fc29227cded9
34acd314f0ded8d4d5bf13b81d0fee31
04062d9e1a8302c2332d11abf1ac0a76
f2403458d54ce9a508c2eebfe2be3551
02e220aa2487f1c6256f22861f65237c
d2be1eb5ef4700af2024f0f6395a20c2
c751f2cd0139ffa9e062fd0f35f71375
2c931b090f7b09edcb13f43ec8843307
0416ce0b0b74fb8128ffe112d3a12333
0360031c2e47cfb4fc552dfa14f9df79
316320abdbf133b4c5eef430e52cebe5
e6042549057223b6df580ef22eec03f7
39ecfb5c378a2be1f399360cd0b1defd
3a87f227e2a3e29500f52a8dc6bbfdd5
dd24d32cd871dcd4c6452b00caee0b8f
2f41393b0e67e564152ff8ee2c3021e3
06e934f614891b05ed1b21deebc31b64
35fde7bbeee7e024c9de03f6e06734a6
e107f407efcc187fe908fb0de50a2c30
0d97ec68cad70518da1bfbbd1b15df8a
14b81d78e810262101ed34b212de0d80
07dcd4ff00b41995f14407a818d40bbd
c8340436028be318322c381bca9e313b
fb1833a3c68836042ff6d4ec16f40d18
33cffd5a3502fa3df49affc2f50fdbd1
0b09f97ac5d9fb92dd7e2876ce68d4a5
d453ddabeb191ec61ccae0f01127f8fa
f7b0d2220f0a31a727dcea8710b117ec
de5f02cfc98d385d11560c7e2bd81d05
f3003417271136a9fa8acb582737f241
27e32c50cc5430e6274c0a0ffe89343e
f14efa83019be65cff3afa8200f8ec8e
ccabde4d0539f16dd43de3e701f408cd
e091ded624b2f27fed8c262116f937ab
de1ed46517242283ec731fb5cab7fc64
d4e6e653c954142706d2e9c41fec0ae8
f1f2ef7238a2ec20ca09cf082672e633
1b380ba91cad32c3e45d12bd33312a99
2bef0d15fc61c835f7f015c905b71887
0c2de484f831f9aeddd507c1d985f32e
e64c23cc234af34bde472f65153bd671
3288dff2ce3eeaaa0353d665f583f6c3
df2c07033a17e73e0051cee3e89be60f
0c60fd57cd161e38e61c3458d7a2e00a
05e30fe439e902a8f539d01917620de7
fceee92be6ae101d22c91dabdd13fb06
c94a2396e8e211af0d2528ea0d9e10f9
ffe41585f15cdcd41f8d034b041537f9
0f9e360d32fc09462c59c8e225b12c88
d6492ec12f36f44dd3b50b5223beddc0
fcfee875e9cac671c7372bcd2fe51eb0
d5c5c7eff6891534eba411d0d29fd373
f4add49813dd23b3e739d54d341dff64
f4b900e2ccd2fb37d2dd2954daeed615
d07927cf05de2f98ec1511ebf8a40ad6
e4592ce3c74a00271478ebb1deaff042
18d83a14dee332fbcb2431a6e74705b6
3670155723d6d6b6340c2797109e126c
fd31e686f8ca03fa040efb670ef73785
fb443519f111283df792fe972782d6d3
efeb09b138ded4933925388ed315cc1a
f63916f1f9a6d25925a32fb801a63164
21fb360b3645396009151aef380fee5f
1fd10d60143d29b12382199a32691c2f
051feb01e3b6f736dc6416031885c72c
ebb600aa2fc7f765e8e01992c6addf03
20d7d549f232164f1f97c9d334a1283b
31db13fe25aa39381157280602c219ad
e0241f61e07215ae1ea9db562cbb05fd
ef57e96e1dc1dc9234e4048f25e4dcc6
1b360890306deba5186ed262393b1ca1
2b2bf2ddfa7ce9aedff7d521ce152949
d6fe10fdee5824aeef62f30837ae3380
e45a1108392c38ca1fbd36dc2044f312
1925d4e83972dd44ce24f9c0ca873035
c7eae4a0d7500db9faf7cfa10821d61c
0e6b0df0122528e31efac9222dce2e36
2166e5f024cde6e60b7329f60ab72293
d08fd492285a2f041da5f2561c5609ef
fff7d731185d15f9e5f7df080827cb91
107aefd732c9f29acb9e1532ddc304f6
ff1de1f70f8c09d9fc86fe903423fe4f
f20ad5faf776ccb306e80caeef640c05
de6324772044d8d5d0fa11a40dcbf84e
09cf3012e110e053e6a72b7138432cb9
19f2fd01e16df44bc5922fb4de51f8df
fe86066dd3d7ee012f432b663400fc52
f4b51323fde41ae139e90a3bcf7af213
e6a034ffd3c1df360393e3612d27e72b
232bebecf15336512edf21c435e71ee7
dfa831330434f0c5fefcf1080a5225b6
c87bf0acfed1e10504820b551ab4d7a9
2b7b34f912ccde08cee3ff69cf6603ad
2257c7440f2538920dab129804e8e4ea
00f01f512e802913f39b2b10e14b075d
27b6ebf61dd6ccbdd6d6202cf49326a5
300b341defaeef3f044fd97926a018d6
3260e70bdd7ffd901a40f0c5f7f7f22a
207e0b5be110e372c7cf26870578e621
035030d6df7919becd99dfdd2472f75c
2e91e9a8ffc7e6cbdc4338f63112266f
ee4cd04a1b9029a815712067c5f10542
db162427d90cd763f326069cec7ecb88
1109e63c099ace483911c9760d93d1d0
ef48cafbe62f1c513a5a0457ef2d0588
ff733255f974ff9636dbf180cc50ede5
eaf21a25e77f30e225ae1ef9184d3a17
fc4a2abf3782005cd5f6c864df770064
f730ee6e1903277703af1d5a1032dcaf
15ad30311b2112adef7f04eb23fa2a53
ec85eaf617dfd6f6e5ddfb1be82a06b9
c9f8254fed591b762485e4a2f89913a7
0bf0e18dc84f26a22f08ec770271f27a
01faee3f36993a81278f300feb54f8be
3561d1b8f2d9c768de1f0902c85e3391
e884feed2a672ddb36d5f7550341e693
e48c2b812ae2f946eed3ec7e20d8cf1e
25f900f5cd6a2b4b3940e3d8088733fa
ca79d346f4c9d87a1f530757ecae32a9
18941e86d09fe87df875f74ffa8cdc54
0bc11c88d99febb23560c8bcf50e38d0
e447f55dcf9b05d5342afc81fb7ce0bb
2ba4153be5351c6e35a21972dc9ae9e8
377ad136c69b318fd27c37273a143113
04d1298f331f03371f8103dc27832693
c64d2eb626f501e1c57ae8db0c37f05f
da96ff2b2817fcbcff16369d2e2fd771
ff5af6e8d92d1cf530692ea1fcf7d401
d72e3832e0bef35f34cd05171527c83d
1776ebc0e66d1fafcc3f035fe614f541
31be18b917acf4fac7ce2a933852f45f
27350ac0ebfff2140a1c37541fd60852
24f7f74fe164ff14e6270ea108c4fa32
fff32caeec0dcb6ad72efec72c17f32f
08b3d0fb1016e48222e9072ed32bddba
37cbf42323b1321008ef0bec101234cb
cd5d17e3e193fbfbd6be230ffb9aefb7
35bccf8c111b07c0d04fe7e6fbaafbe9
daedef7530e62382f9b532daf797caf7
33e505e5ce3a2a7f0c8c240901c008b1
0f212612fe73e46027f6230e0bf52ce0
30d3fde3d4f90b2cd47e09110e412fc5
17b314dcf68d37affa8cfdda1f1f140a
23643a89f35116c3e4d3ce000ac2207e
fe67ea9cc6c8e937f2b8fa810a010cdc
2d19eb86d25605a00ae6ded702d7c772
24adf2041037ff6df973da740dff1b2b
2e54c6631e2325701982e3f10b710858
f1ff07c4fd6ad464cb47067239b9e6fe
01b8e3c800b3e219c7b712ea3a801663
d404094e19bbd59335a32f490193ff63
e77c04071d49cc2eedecea84e42af696
e89906071134f951078c151f0191fd2c
e3b0240fe3610f5b2f0d2d3015671f81
07eb2f8730f0f32813b1d66d2aacf3ee
f21714e9ce06df59fd01ec94e9aa004c
35bfd3612c29e8dc233dff1a0ed5e0c5
f14ceddbd78218fa1ed2cd3d27200044
1abe2057e61adee6fe84082dcc131c34
2202e36d1fa52692ff05fc5ad9801167
f0492b4410d2dd6c231d35fb30783a2e
e68dfc181a69d05dfac5ce25e730e631
00db1b96cf4eedb72683d43cd0f4156f
faf60dab357a3867ef89f092cb190fca
18dc16c0cf3fcb58dcebcb55dcf7f75f
fbbc26b134fb2c8d08881dc3095ecc25
2559d8e4fac1caef140bc807d44b2170
d479ea7cd8622b7a2ed5ce8f29e60469
dbf6e3bd14cff1e1f06b19ba34c6c95a
0bf7e179ebfad1ee2b21d8c7df11d0f3
c91624f2cec3040322cfcf77e2f4ebee
2be6f9f4dd111a9ef93a2f1f18dd1948
0fb828bd2af2253430f3d21b04d6f25c
26d717b9dfdeee26fec0fa28eb62e2f0
35fcd4f33702e06f23caf5811371f08a
0a57c623fef52478caecf4eac686d009
d2c2e3511414fe591ef83597f461349b
ccc4eb78ffa628be0251d0e1c775daab
c78628701cf829c4d37ccc78cfda0384
d914ee36cec81dac2828e15de8e22e1e
1e36fe5dcbc8dbbddc720525c71df9f5
d2dc35f02b72050dca3bdf6023badbec
023cdf1625e4d3beced1c66e2161d06b
ca04e037002c391efea3d5ce2849d5fa
f4cee05734eae716f594dbf42a6ff8fa
d031f8e9e949120f1ffed0aae77dd93b
de8fcd4ef4f923ae335d2961dd8d1eda
